from_date,thru_date,identifier,weight,return
2021-06-01,2021-06-30,AAPL,0.09079080904761079,0.0991092746537987
2021-06-01,2021-06-30,MSFT,0.08143392123982174,0.08498864428382258
2021-06-01,2021-06-30,NVDA,0.02016103818953358,0.2316220524999364
2021-06-01,2021-06-30,V,0.01662339603949155,0.028684474681044403
2021-06-01,2021-06-30,MA,0.013472602694475585,0.012507536917827577
2021-06-01,2021-06-30,PYPL,0.010463223777359988,0.12099082083981183
2021-06-01,2021-06-30,ADBE,0.00884261480963357,0.16064852002322239
2021-06-01,2021-06-30,INTC,0.009916355119091209,-0.01715693912236782
2021-06-01,2021-06-30,CSCO,0.01021077167963321,0.0018902635453357242
2021-06-01,2021-06-30,CRM,0.008536629866082446,0.025913579806650544
2021-06-01,2021-06-30,AVGO,0.009688281029534514,0.017450851697086378
2021-06-01,2021-06-30,ACN,0.00669849818516528,0.044762228313071084
2021-06-01,2021-06-30,TXN,0.007826579768516367,0.01306494230443489
2021-06-01,2021-06-30,QCOM,0.006666826562036758,0.06778187218117337
2021-06-01,2021-06-30,ORCL,0.006498436047896561,-0.011429964770429346
2021-06-01,2021-06-30,IBM,0.00575720615168025,0.019827516887680252
2021-06-01,2021-06-30,AMZN,0.06007037562082848,0.06735498737093981
2021-06-01,2021-06-30,TSLA,0.02225700034580718,0.08713734718910104
2021-06-01,2021-06-30,HD,0.014894596389202914,0.005180931131724575
2021-06-01,2021-06-30,MCD,0.007861062179365247,-0.012398983059604296
2021-06-01,2021-06-30,NKE,0.006527127028553576,0.1321267288744974
2021-06-01,2021-06-30,LOW,0.0063134200451349645,-0.004413894273372798
2021-06-01,2021-06-30,SBUX,0.00580190515522249,-0.018177006833551834
2021-06-01,2021-06-30,TGT,0.00480424325881497,0.0653094052704668
2021-06-01,2021-06-30,BKNG,0.004442091553429144,-0.07345170721793326
2021-06-01,2021-06-30,GM,0.003494424597011456,-0.0023607168361238218
2021-06-01,2021-06-30,F,0.002581863610992994,0.022711677116195705
2021-06-01,2021-06-30,GOOGL,0.033823814806813304,0.03603968728082263
2021-06-01,2021-06-30,GOOG,0.03318702513745659,0.039294022395622186
2021-06-01,2021-06-30,DIS,0.012860450945712318,-0.01612080885196765
2021-06-01,2021-06-30,CMCSA,0.009909439637456352,-0.005581245267596846
2021-06-01,2021-06-30,VZ,0.00948031791191258,-0.008143318125362398
2021-06-01,2021-06-30,NFLX,0.009403806479975801,0.0505161195072068
2021-06-01,2021-06-30,T,0.008794051255724366,-0.022086060027320054
2021-06-01,2021-06-30,CHTR,0.003435406602673008,0.038759998523619554
2021-06-01,2021-06-30,TMUS,0.003585296658995246,0.023895448459149593
2021-06-01,2021-06-30,BRKB,0.024325717977733804,-0.039800956731970594
2021-06-01,2021-06-30,JPM,0.022687006755248762,-0.05297141973436492
2021-06-01,2021-06-30,BAC,0.013648777511450475,-0.023270695472381364
2021-06-01,2021-06-30,WFC,0.008387463418645425,-0.030608154978708724
2021-06-01,2021-06-30,C,0.007040957423079423,-0.10113074585295034
2021-06-01,2021-06-30,MS,0.0062329612245841555,0.008136220697696483
2021-06-01,2021-06-30,GS,0.005954706335125803,0.02018718329193514
2021-06-01,2021-06-30,BLK,0.005146297250393208,0.0023046786791272034
2021-06-01,2021-06-30,AXP,0.0045850530484258835,0.03184913615046292
2021-06-01,2021-06-30,USB,0.0033792247952440153,-0.05579300659432784
2021-06-01,2021-06-30,COF,0.003172295670038471,-0.03787799102822886
2021-06-01,2021-06-30,MET,0.0021003164158160414,-0.08430246467194802
2021-06-01,2021-06-30,AIG,0.001955330540732847,-0.0935914636191002
2021-06-01,2021-06-30,BK,0.0019267601258598005,-0.01632105621027824
2021-06-01,2021-06-30,JNJ,0.020584657701089658,-0.026647382144840637
2021-06-01,2021-06-30,UNH,0.01674278970644643,-0.024309054287017462
2021-06-01,2021-06-30,PFE,0.008883414991206085,0.011102401997335365
2021-06-01,2021-06-30,ABT,0.00846996411225974,-0.0061722199451024196
2021-06-01,2021-06-30,ABBV,0.009574247563124671,-0.004946954582404239
2021-06-01,2021-06-30,MRK,0.008595450006447429,0.08319304326009935
2021-06-01,2021-06-30,TMO,0.007816043333937163,0.0750847587967054
2021-06-01,2021-06-30,MDT,0.00694935379074612,-0.01448516062317895
2021-06-01,2021-06-30,DHR,0.006752699575597705,0.04852791714802218
2021-06-01,2021-06-30,LLY,0.007988058226794393,0.14909376327890134
2021-06-01,2021-06-30,BMY,0.006132273228306898,0.016737454519753614
2021-06-01,2021-06-30,AMGN,0.006077223530302235,0.024417931604659993
2021-06-01,2021-06-30,CVS,0.004999399322613177,-0.034706280469314565
2021-06-01,2021-06-30,GILD,0.0037526714520403058,0.052463276511179435
2021-06-01,2021-06-30,BIIB,0.0016054391824136484,0.29456398531167616
2021-06-01,2021-06-30,PG,0.013798230250815,0.0005932182152432741
2021-06-01,2021-06-30,KO,0.00968927120393634,-0.013967752639077347
2021-06-01,2021-06-30,PEP,0.008325856570085556,0.008871535995966795
2021-06-01,2021-06-30,WMT,0.009299625551043049,-0.007111231656150241
2021-06-01,2021-06-30,COST,0.00785399835293664,0.045999014919943404
2021-06-01,2021-06-30,PM,0.0069885907303153935,0.040269209152966834
2021-06-01,2021-06-30,MO,0.004158348961408293,-0.014251389430381955
2021-06-01,2021-06-30,MDLZ,0.0036753853255066873,-0.01223321763078844
2021-06-01,2021-06-30,CL,0.0029374531036458203,-0.029004678054780797
2021-06-01,2021-06-30,KHC,0.0010827043818693565,-0.06446443664423285
2021-06-01,2021-06-30,XOM,0.011132105019956215,0.08069205574190952
2021-06-01,2021-06-30,CVX,0.008559694616740542,0.009153031022134828
2021-06-01,2021-06-30,COP,0.0032522800180492147,0.09257263456008169
2021-06-01,2021-06-30,HON,0.006889927593430671,-0.05006281759284603
2021-06-01,2021-06-30,UPS,0.006223271162900775,-0.03089447400456624
2021-06-01,2021-06-30,UNP,0.006390948444970771,-0.021359018135546082
2021-06-01,2021-06-30,BA,0.005464018891476305,-0.030200010464087157
2021-06-01,2021-06-30,RTX,0.006201623189417319,-0.03832712536862792
2021-06-01,2021-06-30,CAT,0.00644690524354304,-0.09727062281885823
2021-06-01,2021-06-30,GE,0.006106270010670474,-0.04194542121071965
2021-06-01,2021-06-30,MMM,0.004882346969710385,-0.021719664581987153
2021-06-01,2021-06-30,LMT,0.003927038279203852,-0.010073189538180372
2021-06-01,2021-06-30,FDX,0.003414831215055107,-0.05000282563514724
2021-06-01,2021-06-30,EMR,0.0025488482500985042,0.005747603152609138
2021-06-01,2021-06-30,GD,0.002070690853887472,-0.008688468935196259
2021-06-01,2021-06-30,LIN,0.0072479334728601155,-0.03487251822285731
2021-06-01,2021-06-30,DOW,0.0020327378572322394,-0.07512428089342205
2021-06-01,2021-06-30,DD,0.0018498391151311742,-0.08487994233808582
2021-06-01,2021-06-30,NEE,0.0060565397825707214,0.006109935351365836
2021-06-01,2021-06-30,DUK,0.0034413803783453966,-0.014967058969541869
2021-06-01,2021-06-30,SO,0.003086086101136477,-0.05334812382379639
2021-06-01,2021-06-30,EXC,0.0019787941565916427,-0.01795204502390879
2021-06-01,2021-06-30,AMT,0.004784589461169119,0.06252772085376557
2021-06-01,2021-06-30,SPG,0.0021576131551397466,0.015487508811381723
2021-06-01,2021-06-30,CASHUSD,0.0034627586848004553,-0.00021830148026558138
2021-07-01,2021-07-30,AAPL,0.09653578221107444,0.06498248009044039
2021-07-01,2021-07-30,MSFT,0.08586768447757585,0.051716593004599964
2021-07-01,2021-07-30,NVDA,0.024277305607272145,-0.025172128320902543
2021-07-01,2021-07-30,V,0.01660643877931222,0.05375944973788149
2021-07-01,2021-07-30,PYPL,0.011449706429869179,-0.05472072693717078
2021-07-01,2021-07-30,MA,0.013249024542280623,0.058354683023895904
2021-07-01,2021-07-30,ADBE,0.009960663249842776,0.06145411743420559
2021-07-01,2021-07-30,INTC,0.009426889995685481,-0.043106587372704896
2021-07-01,2021-07-30,CRM,0.008600114226377378,-0.00957967391818948
2021-07-01,2021-07-30,CSCO,0.009938439187034302,0.05200067960958665
2021-07-01,2021-07-30,AVGO,0.009520726119664105,0.01795164101884983
2021-07-01,2021-07-30,ACN,0.006825971669248472,0.08069054851310686
2021-07-01,2021-07-30,TXN,0.007744076327617542,-0.003207946318919741
2021-07-01,2021-07-30,QCOM,0.006844348949871122,0.04806535869827755
2021-07-01,2021-07-30,ORCL,0.006123746211182988,0.12360557077451273
2021-07-01,2021-07-30,IBM,0.005714153994373171,-0.03840627735603597
2021-07-01,2021-07-30,AMZN,0.06256771346325182,-0.032722282722282725
2021-07-01,2021-07-30,TSLA,0.0236618498998776,0.01103427987887895
2021-07-01,2021-07-30,HD,0.014331926338775568,0.029163610738125456
2021-07-01,2021-07-30,NKE,0.007219787692044589,0.08427717301276538
2021-07-01,2021-07-30,MCD,0.007570806944126548,0.0507380989783246
2021-07-01,2021-07-30,LOW,0.005922440250310892,-0.002461977944344884
2021-07-01,2021-07-30,SBUX,0.005555153988858913,0.08603903908624333
2021-07-01,2021-07-30,TGT,0.004925578291857306,0.07987917322414484
2021-07-01,2021-07-30,BKNG,0.004019844059213479,-0.0044925451845035935
2021-07-01,2021-07-30,GM,0.003420740532415934,-0.03937803947570406
2021-07-01,2021-07-30,F,0.0025859141532081683,-0.06123817418764166
2021-07-01,2021-07-30,GOOGL,0.03407606567307988,0.1035060505180192
2021-07-01,2021-07-30,GOOG,0.033131275648798794,0.07903989143259804
2021-07-01,2021-07-30,DIS,0.012314989556963925,0.0014223094032537187
2021-07-01,2021-07-30,CMCSA,0.009610584861225365,0.03617774157952125
2021-07-01,2021-07-30,NFLX,0.009617238322562711,-0.020143488257281073
2021-07-01,2021-07-30,VZ,0.009147776215041311,0.006721899526513031
2021-07-01,2021-07-30,T,0.008371954608258172,-0.0016050539470469083
2021-07-01,2021-07-30,CHTR,0.0033793527843262523,0.0313257678335892
2021-07-01,2021-07-30,TMUS,0.003581928713651343,-0.005592866426396892
2021-07-01,2021-07-30,BRKB,0.022603989694164005,0.001331300731545637
2021-07-01,2021-07-30,JPM,0.020749409402867167,-0.01855049678116616
2021-07-01,2021-07-30,BAC,0.01282825694191567,-0.06960925907896731
2021-07-01,2021-07-30,WFC,0.007914528444521444,0.014351941843962823
2021-07-01,2021-07-30,C,0.00610154632974369,-0.03710359500193727
2021-07-01,2021-07-30,MS,0.006067763435513403,0.054471469138702266
2021-07-01,2021-07-30,GS,0.005847883354904229,-0.012252046455176968
2021-07-01,2021-07-30,BLK,0.004989254634897694,-0.008914698455914083
2021-07-01,2021-07-30,AXP,0.00458741441191696,0.03476921703200331
2021-07-01,2021-07-30,USB,0.003058585268608503,-0.025101009571353083
2021-07-01,2021-07-30,COF,0.0029244506343195824,0.04531657891626506
2021-07-01,2021-07-30,MET,0.001857302617161727,-0.03592304507622357
2021-07-01,2021-07-30,BK,0.0018418488251375578,0.008816362193900806
2021-07-01,2021-07-30,AIG,0.0016938324345057627,-0.005252278729137694
2021-07-01,2021-07-30,JNJ,0.019537916256507543,0.04528371686416244
2021-07-01,2021-07-30,UNH,0.01581586380296156,0.02941756166465348
2021-07-01,2021-07-30,PFE,0.008774422363727686,0.10310893467866467
2021-07-01,2021-07-30,ABT,0.008218091176207788,0.047533656730196494
2021-07-01,2021-07-30,ABBV,0.009275139181035879,0.04400339323511537
2021-07-01,2021-07-30,TMO,0.008159426426467307,0.07045007191624819
2021-07-01,2021-07-30,MRK,0.008579809872849939,-0.011572358658956672
2021-07-01,2021-07-30,LLY,0.0089403874788547,0.06090976598122411
2021-07-01,2021-07-30,DHR,0.006896973858851611,0.10854815552394448
2021-07-01,2021-07-30,MDT,0.006620805608847673,0.057842513247337024
2021-07-01,2021-07-30,BMY,0.006057660592914591,0.023217589815391237
2021-07-01,2021-07-30,AMGN,0.006028328088840608,-0.009066751665631645
2021-07-01,2021-07-30,CVS,0.004716164026433304,-0.006965450631039927
2021-07-01,2021-07-30,GILD,0.003797961007060596,-0.008277406721512448
2021-07-01,2021-07-30,BIIB,0.0019938309477044273,-0.056429891839608004
2021-07-01,2021-07-30,PG,0.013358880279915998,0.06073176373550093
2021-07-01,2021-07-30,KO,0.009233523118875386,0.05396423379954007
2021-07-01,2021-07-30,PEP,0.008127325604215252,0.059256781033351524
2021-07-01,2021-07-30,WMT,0.008900045163384504,0.010849424680161812
2021-07-01,2021-07-30,COST,0.00798449082872351,0.08809233676973705
2021-07-01,2021-07-30,PM,0.006995900417543865,0.009887980964710774
2021-07-01,2021-07-30,MO,0.0039027250853269817,0.0075502805495055725
2021-07-01,2021-07-30,MDLZ,0.003497051630661913,0.013132469557673554
2021-07-01,2021-07-30,CL,0.00276140191614967,-0.01747561740717507
2021-07-01,2021-07-30,KHC,0.0009754629101906754,-0.05664549254182072
2021-07-01,2021-07-30,XOM,0.011707180482679519,-0.08734931790596767
2021-07-01,2021-07-30,CVX,0.008413536961621945,-0.02797393661293124
2021-07-01,2021-07-30,COP,0.00344174205939051,-0.07243647067939418
2021-07-01,2021-07-30,HON,0.006370878961663266,0.06583085832076652
2021-07-01,2021-07-30,UPS,0.005909836456654217,-0.07986745898213243
2021-07-01,2021-07-30,UNP,0.00604621054686301,-0.005319784371986769
2021-07-01,2021-07-30,BA,0.005175422088421023,-0.0546001083835187
2021-07-01,2021-07-30,RTX,0.005792635354495696,0.019223976558561118
2021-07-01,2021-07-30,CAT,0.005698693166387199,-0.0448948920741673
2021-07-01,2021-07-30,GE,0.005705009155404168,-0.03789000257212627
2021-07-01,2021-07-30,MMM,0.004660317105485347,-0.00347378327536918
2021-07-01,2021-07-30,LMT,0.0037597916579019796,-0.017655512328842993
2021-07-01,2021-07-30,FDX,0.0031590562473999195,-0.061609784773930976
2021-07-01,2021-07-30,EMR,0.002504368925078631,0.048316748445867974
2021-07-01,2021-07-30,GD,0.001969709610253757,0.04789649208650615
2021-07-01,2021-07-30,LIN,0.006744519738182903,0.06326542968891213
2021-07-01,2021-07-30,DOW,0.001836257743509671,-0.017699132563933184
2021-07-01,2021-07-30,DD,0.0016226066846308624,-0.026554089105119694
2021-07-01,2021-07-30,NEE,0.005910697751965801,0.06304584916268441
2021-07-01,2021-07-30,DUK,0.0033070056574537664,0.06472841535397733
2021-07-01,2021-07-30,SO,0.002853757845037897,0.055528115317142746
2021-07-01,2021-07-30,EXC,0.0018999789366119853,0.05619517437297561
2021-07-01,2021-07-30,AMT,0.004946323880910537,0.04686451424415128
2021-07-01,2021-07-30,SPG,0.002134144740006264,-0.019832650345672054
2021-07-01,2021-07-30,CASHUSD,0.00251667019142936,-0.00010956941785278396
2021-07-31,2021-08-31,AAPL,0.10025190640362633,0.04248919774799309
2021-07-31,2021-08-31,MSFT,0.088061861188031,0.061590939479636564
2021-07-31,2021-08-31,NVDA,0.023078090016446607,0.14821024098112145
2021-07-31,2021-08-31,V,0.01706407436827773,-0.06890574640788028
2021-07-31,2021-08-31,MA,0.013656868160861946,-0.10289172874948638
2021-07-31,2021-08-31,PYPL,0.010554195982442205,0.047653531480730704
2021-07-31,2021-08-31,ADBE,0.010309663070795961,0.06767692517054358
2021-07-31,2021-08-31,CRM,0.008656795661197368,0.09647404665635406
2021-07-31,2021-08-31,CSCO,0.010124588804944996,0.06592018525448862
2021-07-31,2021-08-31,INTC,0.008796096440523486,0.01286856467979125
2021-07-31,2021-08-31,ACN,0.0071731852657308595,0.059430885598533045
2021-07-31,2021-08-31,AVGO,0.009450723313912815,0.024330511255995058
2021-07-31,2021-08-31,TXN,0.007485431474020466,0.0015212757464839743
2021-07-31,2021-08-31,QCOM,0.006995099581764167,-0.020760995173371044
2021-07-31,2021-08-31,ORCL,0.006684891413957689,0.02283653644230621
2021-07-31,2021-08-31,IBM,0.005358026123761234,0.0070636453725068105
2021-07-31,2021-08-31,AMZN,0.059074485390491815,0.043034169499993835
2021-07-31,2021-08-31,TSLA,0.023351342234388388,0.07060538379906944
2021-07-31,2021-08-31,HD,0.01439823517692906,-0.006124573253400878
2021-07-31,2021-08-31,NKE,0.007641416786576665,-0.0149134373513925
2021-07-31,2021-08-31,MCD,0.007764790488773886,-0.01626689017056515
2021-07-31,2021-08-31,SBUX,0.005889127668185678,-0.028691167876702783
2021-07-31,2021-08-31,LOW,0.005743184621161499,0.05812434640782138
2021-07-31,2021-08-31,TGT,0.005192208296605086,-0.05065089002093326
2021-07-31,2021-08-31,BKNG,0.003908601955182329,0.055737243143717974
2021-07-31,2021-08-31,GM,0.003207731360524669,-0.13775512057907924
2021-07-31,2021-08-31,F,0.0023696464526980323,-0.0659497774861445
2021-07-31,2021-08-31,GOOGL,0.036553235597868834,0.07400919030438424
2021-07-31,2021-08-31,GOOG,0.03475488419561642,0.07573569121232304
2021-07-31,2021-08-31,DIS,0.011989333592556203,0.029996613204032352
2021-07-31,2021-08-31,CMCSA,0.009639702359282614,0.031446591407367386
2021-07-31,2021-08-31,VZ,0.00885340140873873,-0.013983207421896737
2021-07-31,2021-08-31,NFLX,0.009161074101650487,0.09973527738900967
2021-07-31,2021-08-31,T,0.007932478984131665,-0.02245985103646042
2021-07-31,2021-08-31,CHTR,0.0033887489812230273,0.09758750963351415
2021-07-31,2021-08-31,TMUS,0.003462919915412529,-0.04860416203189555
2021-07-31,2021-08-31,BRKB,0.022070296808564628,0.02687836515532882
2021-07-31,2021-08-31,JPM,0.019743325094049833,0.05382820052980164
2021-07-31,2021-08-31,BAC,0.011637782847055246,0.08837310616533967
2021-07-31,2021-08-31,WFC,0.007828132703244929,-0.0008942857407786553
2021-07-31,2021-08-31,MS,0.006193322533997519,0.08803914445298
2021-07-31,2021-08-31,C,0.0056862997308875455,0.06344288847805868
2021-07-31,2021-08-31,GS,0.005631877781905436,0.10840626320915958
2021-07-31,2021-08-31,BLK,0.0048210775519305716,0.08777972845429005
2021-07-31,2021-08-31,AXP,0.004616716831816991,-0.02679849886607033
2021-07-31,2021-08-31,USB,0.002907491060005225,0.03330936815444452
2021-07-31,2021-08-31,COF,0.002980592194095834,0.03401046189279455
2021-07-31,2021-08-31,MET,0.0017460310381781222,0.0830866528633385
2021-07-31,2021-08-31,BK,0.0017994223832488874,0.07578375485769384
2021-07-31,2021-08-31,AIG,0.0016429661333548697,0.1522706267093823
2021-07-31,2021-08-31,JNJ,0.019926878101939688,0.011375350354610125
2021-07-31,2021-08-31,UNH,0.015885655133350524,0.00982480420584353
2021-07-31,2021-08-31,PFE,0.009359355014281543,0.07615021236067743
2021-07-31,2021-08-31,ABT,0.008367909976553073,0.044552802236149214
2021-07-31,2021-08-31,TMO,0.008522460443434106,0.027665971357256236
2021-07-31,2021-08-31,ABBV,0.009343768428398564,0.03852121024870958
2021-07-31,2021-08-31,MRK,0.008274598560844698,-0.007545613165462761
2021-07-31,2021-08-31,LLY,0.009255000465979797,0.0641644364858136
2021-07-31,2021-08-31,DHR,0.00745969993667166,0.08965011938155887
2021-07-31,2021-08-31,MDT,0.006833912327023844,0.016525789775224897
2021-07-31,2021-08-31,BMY,0.006003464655781232,-0.014881348241829073
2021-07-31,2021-08-31,AMGN,0.0058285952348096,-0.05907262541493541
2021-07-31,2021-08-31,CVS,0.004542073794175989,0.04893160709657396
2021-07-31,2021-08-31,GILD,0.0036750818537219874,0.06574879569074099
2021-07-31,2021-08-31,BIIB,0.0018357569141014556,0.03727846315375949
2021-07-31,2021-08-31,PG,0.013735339843165417,0.0011248066823652536
2021-07-31,2021-08-31,KO,0.009492555984164871,-0.01262493542820109
2021-07-31,2021-08-31,PEP,0.008397078863012686,-0.003568257678138065
2021-07-31,2021-08-31,WMT,0.008775440037344111,0.04275691703578954
2021-07-31,2021-08-31,COST,0.008458753641255931,0.05996937178948469
2021-07-31,2021-08-31,PM,0.00689135019659431,0.029073827195391644
2021-07-31,2021-08-31,MO,0.003835444844337496,0.045586963533607916
2021-07-31,2021-08-31,MDLZ,0.003455772761023001,-0.01881110285133436
2021-07-31,2021-08-31,CL,0.002632324441738968,-0.019497086977030786
2021-07-31,2021-08-31,KHC,0.0008975215213293071,-0.05398933791733951
2021-07-31,2021-08-31,XOM,0.01042887362097977,-0.03864499971809121
2021-07-31,2021-08-31,CVX,0.007982552035650188,-0.036689248586502465
2021-07-31,2021-08-31,COP,0.0030925145201696176,-0.009454108850865062
2021-07-31,2021-08-31,HON,0.006621789071538351,-0.004086368847909583
2021-07-31,2021-08-31,UNP,0.005864407948596155,-0.003963796389243823
2021-07-31,2021-08-31,UPS,0.005302604582827626,0.027715879205214566
2021-07-31,2021-08-31,RTX,0.00575740194954101,-0.019335476930858908
2021-07-31,2021-08-31,BA,0.004771208019238202,-0.030819480127225796
2021-07-31,2021-08-31,MMM,0.004528615120368337,-0.00865660184491246
2021-07-31,2021-08-31,GE,0.005352394056346016,0.017471134808495714
2021-07-31,2021-08-31,CAT,0.0052791416437581356,0.019927514997879703
2021-07-31,2021-08-31,LMT,0.003601816695770963,-0.02493473683894032
2021-07-31,2021-08-31,FDX,0.0028910664158531543,-0.05093761314485523
2021-07-31,2021-08-31,EMR,0.002560210084054954,0.05078197567432041
2021-07-31,2021-08-31,GD,0.0019997777708914816,0.021833419162002876
2021-07-31,2021-08-31,LIN,0.006976662749984582,0.023423061248513122
2021-07-31,2021-08-31,DOW,0.0017548707015893309,0.02285627450972494
2021-07-31,2021-08-31,DD,0.0015304616291807092,-0.013724156787570663
2021-07-31,2021-08-31,NEE,0.006129321015206303,0.08311047985114861
2021-07-31,2021-08-31,DUK,0.00343486451690261,0.0049579900373544206
2021-07-31,2021-08-31,SO,0.0029384845697696727,0.039561512365688944
2021-07-31,2021-08-31,EXC,0.0019575552824769946,0.05582557656244025
2021-07-31,2021-08-31,AMT,0.005067231602910934,0.033133161517175935
2021-07-31,2021-08-31,SPG,0.00202511774584747,0.06267762681097411
2021-07-31,2021-08-31,CASHUSD,0.003181882144885558,-0.00010889037059647055
2021-09-01,2021-09-30,AAPL,0.10089780775329028,-0.06803672692697149
2021-09-01,2021-09-30,MSFT,0.0902156346249957,-0.0661185159516442
2021-09-01,2021-09-30,NVDA,0.025616135745328495,-0.07455874593812373
2021-09-01,2021-09-30,V,0.015340966491775328,-0.027717191407275688
2021-09-01,2021-09-30,PYPL,0.010690857154414025,-0.09855884173299856
2021-09-01,2021-09-30,ADBE,0.010642697032606159,-0.13255995161329337
2021-09-01,2021-09-30,MA,0.01184564838312757,0.0041881331755291296
2021-09-01,2021-09-30,CRM,0.009177447300970644,0.02243011064023226
2021-09-01,2021-09-30,CSCO,0.010434435900535865,-0.07777034349945178
2021-09-01,2021-09-30,INTC,0.00855850023811349,-0.014428450797842829
2021-09-01,2021-09-30,ACN,0.007347753674548824,-0.04944133393082184
2021-09-01,2021-09-30,AVGO,0.009359891988513714,-0.01755024824738538
2021-09-01,2021-09-30,TXN,0.007248436771851463,0.006809459819624442
2021-09-01,2021-09-30,QCOM,0.006622913435112756,-0.1166357119632011
2021-09-01,2021-09-30,ORCL,0.006610966907336214,-0.02243918329804251
2021-09-01,2021-09-30,IBM,0.00515768404848233,-0.010047185889653809
2021-09-01,2021-09-30,AMZN,0.05957324623536405,-0.05351810876292584
2021-09-01,2021-09-30,TSLA,0.024171060128458696,0.05404233150359361
2021-09-01,2021-09-30,HD,0.013835607057397387,0.011493691407439943
2021-09-01,2021-09-30,NKE,0.007265883991337602,-0.11842880018707058
2021-09-01,2021-09-30,MCD,0.007344864493572958,0.015370965092988298
2021-09-01,2021-09-30,LOW,0.005875547204329596,-0.005051727145769291
2021-09-01,2021-09-30,SBUX,0.005509052428960339,-0.06111182346246957
2021-09-01,2021-09-30,TGT,0.004749429995805,-0.0737308257503716
2021-09-01,2021-09-30,BKNG,0.003990175794848887,0.03226532975428231
2021-09-01,2021-09-30,GM,0.0026741169402495677,0.07549485523331345
2021-09-01,2021-09-30,F,0.00213992537990137,0.08672288286324248
2021-09-01,2021-09-30,GOOGL,0.03791786116327697,-0.07616930090680951
2021-09-01,2021-09-30,GOOG,0.03611098945713608,-0.08384682493086537
2021-09-01,2021-09-30,DIS,0.011927481255871347,-0.06690561621900448
2021-09-01,2021-09-30,CMCSA,0.009603466464894626,-0.07827946728080104
2021-09-01,2021-09-30,NFLX,0.009730913343087769,0.07229574959382679
2021-09-01,2021-09-30,VZ,0.008431693534269176,-0.01800016707792218
2021-09-01,2021-09-30,T,0.007489665048366196,-0.01495259584913844
2021-09-01,2021-09-30,CHTR,0.0035926287917429933,-0.10910290514528342
2021-09-01,2021-09-30,TMUS,0.0031821725495153504,-0.06758155904154006
2021-09-01,2021-09-30,BRKB,0.02192489194387543,-0.04489619997029082
2021-09-01,2021-09-30,JPM,0.020127877437616425,0.023382171259888507
2021-09-01,2021-09-30,BAC,0.012253468235668983,0.02197694047248011
2021-09-01,2021-09-30,WFC,0.007533358762283686,0.01553585786766054
2021-09-01,2021-09-30,MS,0.006518911423127982,-0.06817956428657601
2021-09-01,2021-09-30,C,0.0058499175516753925,-0.024057752227927276
2021-09-01,2021-09-30,GS,0.006009697497104152,-0.08580232594963733
2021-09-01,2021-09-30,BLK,0.005073203149359916,-0.10704091786062986
2021-09-01,2021-09-30,AXP,0.004346606806662253,0.00945998259187042
2021-09-01,2021-09-30,USB,0.00290643171751971,0.04366614097943078
2021-09-01,2021-09-30,COF,0.0029595385277920764,-0.024100915304541393
2021-09-01,2021-09-30,AIG,0.0018314864878204717,0.011997887048268652
2021-09-01,2021-09-30,MET,0.0018150468060876765,-0.004354806906447295
2021-09-01,2021-09-30,BK,0.0018726966513525631,-0.061209506654180346
2021-09-01,2021-09-30,JNJ,0.019385671929942123,-0.06717515235864069
2021-09-01,2021-09-30,UNH,0.015522128106122536,-0.05803555350240752
2021-09-01,2021-09-30,PFE,0.009745841959249438,-0.06642049127565997
2021-09-01,2021-09-30,ABT,0.008457699100571167,-0.06520539416057869
2021-09-01,2021-09-30,TMO,0.008474666108201299,0.02999533015117395
2021-09-01,2021-09-30,ABBV,0.009389424443430373,-0.10688871061498517
2021-09-01,2021-09-30,DHR,0.007865172863116728,-0.06018476891180635
2021-09-01,2021-09-30,LLY,0.009499249608780916,-0.10546301313070638
2021-09-01,2021-09-30,MRK,0.007946237956267711,-0.0066439307346171095
2021-09-01,2021-09-30,MDT,0.006721843904016214,-0.056295986527347464
2021-09-01,2021-09-30,BMY,0.005722506896436578,-0.10780480394481162
2021-09-01,2021-09-30,AMGN,0.00526594652749966,-0.057110070311720884
2021-09-01,2021-09-30,CVS,0.0046100569051276295,-0.017710630636492142
2021-09-01,2021-09-30,GILD,0.003789868285907604,-0.03058475227579871
2021-09-01,2021-09-30,BIIB,0.0018425539535487057,-0.16499959524206376
2021-09-01,2021-09-30,PG,0.013285520111112281,-0.018189252062338346
2021-09-01,2021-09-30,KO,0.009055648540824038,-0.061161654846365376
2021-09-01,2021-09-30,PEP,0.008084092121667994,-0.03164532291790856
2021-09-01,2021-09-30,WMT,0.008808726929320061,-0.0588791877166166
2021-09-01,2021-09-30,COST,0.00866280737188508,-0.013480154618763285
2021-09-01,2021-09-30,PM,0.006851887795634997,-0.06834818650387908
2021-09-01,2021-09-30,MO,0.0038746310625240054,-0.07718472015883748
2021-09-01,2021-09-30,MDLZ,0.0032760859068766313,-0.0570489504037166
2021-09-01,2021-09-30,CL,0.002493670252944173,-0.030404029384952014
2021-09-01,2021-09-30,KHC,0.0008113244885517102,0.023061960424753503
2021-09-01,2021-09-30,XOM,0.009556267016642105,0.0788700144143748
2021-09-01,2021-09-30,CVX,0.0073414244213525865,0.04836222203885043
2021-09-01,2021-09-30,COP,0.0029640049237204084,0.22042121727578468
2021-09-01,2021-09-30,NEE,0.006398682990905328,-0.06512685354512082
2021-09-01,2021-09-30,DUK,0.003311597220992129,-0.06755212031819557
2021-09-01,2021-09-30,SO,0.0029280428757059032,-0.05720359215976123
2021-09-01,2021-09-30,EXC,0.001985366671090392,-0.013872016817257582
2021-09-01,2021-09-30,LIN,0.006902860116441004,-0.06426088613855019
2021-09-01,2021-09-30,DOW,0.001716830144061463,-0.08489674840140748
2021-09-01,2021-09-30,DD,0.00145934854654794,-0.08146448871245571
2021-09-01,2021-09-30,HON,0.00635059755081741,-0.08464482004370333
2021-09-01,2021-09-30,UNP,0.00561993674149767,-0.09606170686417126
2021-09-01,2021-09-30,UPS,0.005240950095135603,-0.06916121021128296
2021-09-01,2021-09-30,RTX,0.005426118761385835,0.014157163533138117
2021-09-01,2021-09-30,BA,0.004470759068746997,0.0020045669312358516
2021-09-01,2021-09-30,GE,0.005285133720368499,-0.02181848863726843
2021-09-01,2021-09-30,CAT,0.0052055773903257755,-0.08962869538872353
2021-09-01,2021-09-30,MMM,0.0043075523116094154,-0.09920912821244765
2021-09-01,2021-09-30,LMT,0.003371101292604059,-0.04085604087695116
2021-09-01,2021-09-30,FDX,0.0026527825515894866,-0.17230521319169068
2021-09-01,2021-09-30,EMR,0.0025883799671392346,-0.10710891107070242
2021-09-01,2021-09-30,GD,0.0019754728167786207,-0.021366906535419727
2021-09-01,2021-09-30,AMT,0.005058800372717453,-0.08735365318493737
2021-09-01,2021-09-30,SPG,0.002079575829663916,-0.02242476355784484
2021-09-01,2021-09-30,CASHUSD,0.004452881765265425,0.00010890222900061808
2021-10-01,2021-10-29,AAPL,0.09894778949307421,0.05865730111683165
2021-10-01,2021-10-29,MSFT,0.08836096972725833,0.17629063980068915
2021-10-01,2021-10-29,NVDA,0.024917156398179794,0.23416656944362457
2021-10-01,2021-10-29,V,0.015633429315673818,-0.04929294455752764
2021-10-01,2021-10-29,PYPL,0.010132055624293094,-0.10614500687360551
2021-10-01,2021-10-29,MA,0.012448745563512754,-0.03375551457016268
2021-10-01,2021-10-29,ADBE,0.009671489717182357,0.12964638790848237
2021-10-01,2021-10-29,CRM,0.009928294243594057,0.10497005790621006
2021-10-01,2021-10-29,CSCO,0.010114607016626809,0.035239857702454414
2021-10-01,2021-10-29,INTC,0.008907920857389761,-0.08033027348927158
2021-10-01,2021-10-29,ACN,0.007323885512873377,0.12482861721353866
2021-10-01,2021-10-29,AVGO,0.009641205847970808,0.09638501818749523
2021-10-01,2021-10-29,TXN,0.007668279997682901,-0.018601160142804773
2021-10-01,2021-10-29,QCOM,0.006120852678219687,0.03147750450118547
2021-10-01,2021-10-29,ORCL,0.006159703271640652,0.10494383249580297
2021-10-01,2021-10-29,IBM,0.005383134142277355,-0.0995463551478929
2021-10-01,2021-10-29,AMZN,0.06007699637501282,0.02660245759664326
2021-10-01,2021-10-29,TSLA,0.028130953763093304,0.436529595729082
2021-10-01,2021-10-29,HD,0.01460084458091625,0.13245572987295096
2021-10-01,2021-10-29,NKE,0.006733591458262459,0.1518966630707297
2021-10-01,2021-10-29,MCD,0.00782751891177072,0.018414829463359927
2021-10-01,2021-10-29,LOW,0.006129977203443992,0.1567913680808184
2021-10-01,2021-10-29,SBUX,0.0054277626414176005,-0.03843704092238431
2021-10-01,2021-10-29,TGT,0.004613304444410512,0.13485177014098126
2021-10-01,2021-10-29,BKNG,0.004317014969546059,0.01976091481465092
2021-10-01,2021-10-29,GM,0.003435680078827488,0.03263133830351461
2021-10-01,2021-10-29,F,0.002439069985534205,0.20621458018648275
2021-10-01,2021-10-29,GOOGL,0.03690490141663122,0.10749895981973356
2021-10-01,2021-10-29,GOOG,0.03444454737881783,0.11259485861621976
2021-10-01,2021-10-29,DIS,0.011712019141781367,-0.000591138171323391
2021-10-01,2021-10-29,NFLX,0.010959689367091054,0.13102529379150107
2021-10-01,2021-10-29,CMCSA,0.009304803766105922,-0.07639086239210302
2021-10-01,2021-10-29,VZ,0.008712541290849625,-0.007233542481010158
2021-10-01,2021-10-29,T,0.007763046149511365,-0.040604767624569105
2021-10-01,2021-10-29,CHTR,0.0031009723808041478,-0.07239263165497833
2021-10-01,2021-10-29,TMUS,0.0031246973161055554,-0.09964000579747467
2021-10-01,2021-10-29,BRKB,0.021539056582225224,0.05154981753632559
2021-10-01,2021-10-29,JPM,0.021385061741598783,0.04413057634579398
2021-10-01,2021-10-29,BAC,0.01286729079366199,0.12555942520761976
2021-10-01,2021-10-29,WFC,0.007993251258052905,0.10234894744246481
2021-10-01,2021-10-29,C,0.0058875877466730364,-0.007392172256767915
2021-10-01,2021-10-29,MS,0.006264986498246995,0.0635199823717898
2021-10-01,2021-10-29,GS,0.0057257543595740186,0.09343183979128278
2021-10-01,2021-10-29,BLK,0.004790046435722925,0.12496117240693794
2021-10-01,2021-10-29,AXP,0.004568842569633466,0.039885198119054444
2021-10-01,2021-10-29,USB,0.0031500931779690914,0.01564613283543692
2021-10-01,2021-10-29,COF,0.00299996293474764,-0.06754351370244782
2021-10-01,2021-10-29,AIG,0.0019378999330075478,0.07651672229217077
2021-10-01,2021-10-29,MET,0.0018550021471541312,0.017333498868466357
2021-10-01,2021-10-29,BK,0.0018234262920315682,0.14854481859991586
2021-10-01,2021-10-29,JNJ,0.019018470413976054,0.008544973922489207
2021-10-01,2021-10-29,UNH,0.015316407410598863,0.17845616394441866
2021-10-01,2021-10-29,PFE,0.009587857668304434,0.01697277344358228
2021-10-01,2021-10-29,TMO,0.009187224889652634,0.1080636121316283
2021-10-01,2021-10-29,ABT,0.008299099275743915,0.09529871912394672
2021-10-01,2021-10-29,DHR,0.007778570259541048,0.024076924881237582
2021-10-01,2021-10-29,ABBV,0.008827453833332048,0.07592665982281654
2021-10-01,2021-10-29,MRK,0.008228495335922705,0.1722806862304651
2021-10-01,2021-10-29,LLY,0.008916871705564416,0.10261830094478452
2021-10-01,2021-10-29,MDT,0.0066326706628247285,-0.043797330983427196
2021-10-01,2021-10-29,BMY,0.005294321786028869,-0.013013312563729618
2021-10-01,2021-10-29,AMGN,0.005162987349018027,-0.026710636521322773
2021-10-01,2021-10-29,CVS,0.0047751168492255235,0.05819903191813958
2021-10-01,2021-10-29,GILD,0.0038270156842208384,-0.07115234726205266
2021-10-01,2021-10-29,BIIB,0.0015975747878873405,-0.05763453875200908
2021-10-01,2021-10-29,PG,0.013603707755348774,0.029158860889894056
2021-10-01,2021-10-29,PEP,0.008181006585499941,0.07439646795406318
2021-10-01,2021-10-29,KO,0.008885754849103793,0.07432850734940777
2021-10-01,2021-10-29,WMT,0.009075639582239914,0.07203336107958913
2021-10-01,2021-10-29,COST,0.008988639958445796,0.09566084032192035
2021-10-01,2021-10-29,PM,0.006632537434464845,-0.0026373061128784903
2021-10-01,2021-10-29,MO,0.0036809293514922015,-0.03097530507124624
2021-10-01,2021-10-29,MDLZ,0.003214138207830594,0.04400150510200507
2021-10-01,2021-10-29,CL,0.0025447003289433587,0.014174189929983871
2021-10-01,2021-10-29,KHC,0.000915853916020157,-0.02525815928238062
2021-10-01,2021-10-29,XOM,0.01084116607418026,0.09605597134050159
2021-10-01,2021-10-29,CVX,0.008097785631843303,0.128535855185423
2021-10-01,2021-10-29,COP,0.0037783098063345452,0.10576207598897658
2021-10-01,2021-10-29,NEE,0.0062893324116857965,0.08672945584197778
2021-10-01,2021-10-29,DUK,0.0032454554905990383,0.045291834892099425
2021-10-01,2021-10-29,SO,0.0029020713356328136,0.005647824265414991
2021-10-01,2021-10-29,EXC,0.0020580994268517084,0.10033107124663188
2021-10-01,2021-10-29,LIN,0.006715965845350841,0.08800886971289024
2021-10-01,2021-10-29,DOW,0.0016482870822185202,-0.027623269691494978
2021-10-01,2021-10-29,DD,0.001388642982884421,0.023680010571394794
2021-10-01,2021-10-29,HON,0.006073163316759716,0.029866242808975096
2021-10-01,2021-10-29,UPS,0.0051630759838711265,0.1722681748945627
2021-10-01,2021-10-29,RTX,0.005760257948835869,0.03373666178617385
2021-10-01,2021-10-29,UNP,0.005241930000230741,0.2315699473992061
2021-10-01,2021-10-29,BA,0.004719411415261369,-0.05869784267893108
2021-10-01,2021-10-29,GE,0.005405162502970276,0.017858835026567155
2021-10-01,2021-10-29,CAT,0.004978401450420028,0.06858598943318484
2021-10-01,2021-10-29,MMM,0.004068420677473167,0.018583804388072833
2021-10-01,2021-10-29,LMT,0.003424307434141655,-0.03703289563640266
2021-10-01,2021-10-29,EMR,0.0024189677813459664,0.02983011530302493
2021-10-01,2021-10-29,FDX,0.002314692160342,0.07405714400864682
2021-10-01,2021-10-29,GD,0.002066058904545324,0.04049153618571433
2021-10-01,2021-10-29,AMT,0.004824149139916786,0.06239407863305235
2021-10-01,2021-10-29,SPG,0.0021063986203764726,0.12779856293650704
2021-10-01,2021-10-29,CASHUSD,0.002389726197014815,-0.00010889037059647055
2021-10-30,2021-11-30,MSFT,0.0962210452573276,-0.001281902690435599
2021-10-30,2021-11-30,AAPL,0.0969738765464092,0.10508180399304567
2021-10-30,2021-11-30,NVDA,0.028468817628754566,0.27805337206606096
2021-10-30,2021-11-30,V,0.013759378291604877,-0.0833871461825395
2021-10-30,2021-11-30,ADBE,0.01011366488564341,0.02996800337253136
2021-10-30,2021-11-30,MA,0.0111214842175895,-0.06139716415207086
2021-10-30,2021-11-30,CRM,0.01015569466099892,-0.04915056973128695
2021-10-30,2021-11-30,PYPL,0.008384337378104007,-0.20508194074432873
2021-10-30,2021-11-30,CSCO,0.009628510215415989,-0.020189423120777872
2021-10-30,2021-11-30,ACN,0.007603697491783154,-0.003874287737779203
2021-10-30,2021-11-30,AVGO,0.009785990141287983,0.04139800080836431
2021-10-30,2021-11-30,INTC,0.00758405891016713,0.01106407681055721
2021-10-30,2021-11-30,TXN,0.006924151327936735,0.02608297176784946
2021-10-30,2021-11-30,ORCL,0.006278832536417592,-0.054200560549509835
2021-10-30,2021-11-30,QCOM,0.005844785952106951,0.3571858692692609
2021-10-30,2021-11-30,IBM,0.004487380686762929,-0.00782524461414802
2021-10-30,2021-11-30,AMZN,0.05704709189156222,0.039923701306487036
2021-10-30,2021-11-30,TSLA,0.03737874886036834,0.02761218887377903
2021-10-30,2021-11-30,HD,0.015293543404066245,0.0776620221658384
2021-10-30,2021-11-30,NKE,0.007174174564518695,0.011656622191905885
2021-10-30,2021-11-30,MCD,0.00737354593131736,0.0016536113657652507
2021-10-30,2021-11-30,LOW,0.006535578346897062,0.04606100311458028
2021-10-30,2021-11-30,TGT,0.004842504388166489,-0.057572262577112565
2021-10-30,2021-11-30,SBUX,0.00482733553186762,0.038114011116861635
2021-10-30,2021-11-30,BKNG,0.00407410317681062,-0.13174669436356878
2021-10-30,2021-11-30,GM,0.0032814601454689545,0.06320051008144922
2021-10-30,2021-11-30,F,0.0027213189611546974,0.12919362310325733
2021-10-30,2021-11-30,GOOGL,0.037693858083457814,-0.04153116105657151
2021-10-30,2021-11-30,GOOG,0.0353417073181041,-0.03924240240893706
2021-10-30,2021-11-30,DIS,0.01079419843806756,-0.14295862522821656
2021-10-30,2021-11-30,NFLX,0.011431336537284547,-0.07012785433648494
2021-10-30,2021-11-30,CMCSA,0.007890321364840906,-0.02819412940545285
2021-10-30,2021-11-30,VZ,0.007882721538790136,-0.051330374514598764
2021-10-30,2021-11-30,T,0.006695047371041694,-0.09619945552421605
2021-10-30,2021-11-30,CHTR,0.0026523547583748508,-0.0423920709013097
2021-10-30,2021-11-30,TMUS,0.0025944346833202225,-0.05407287030108443
2021-10-30,2021-11-30,BRKB,0.021010882866333753,-0.03595695959400913
2021-10-30,2021-11-30,JPM,0.020589309867495527,-0.06510107105280816
2021-10-30,2021-11-30,BAC,0.013435051588477338,-0.06927585344103404
2021-10-30,2021-11-30,WFC,0.008173931721013094,-0.06246131689575829
2021-10-30,2021-11-30,MS,0.006138502860685737,-0.07744683638742078
2021-10-30,2021-11-30,C,0.00538222860001708,-0.07894730209568268
2021-10-30,2021-11-30,GS,0.005807622805078695,-0.07828708559994002
2021-10-30,2021-11-30,BLK,0.004999186289349161,-0.04117817900786713
2021-10-30,2021-11-30,AXP,0.004396501161444909,-0.12360456252870511
2021-10-30,2021-11-30,USB,0.002967880549508637,-0.08331968414304347
2021-10-30,2021-11-30,COF,0.002594860717885415,-0.06595612680391305
2021-10-30,2021-11-30,AIG,0.0019352760942755289,-0.10983255835893735
2021-10-30,2021-11-30,BK,0.001931651969385085,-0.07449318345089351
2021-10-30,2021-11-30,MET,0.001750572743305192,-0.05886396729125398
2021-10-30,2021-11-30,UNH,0.016732053907711354,-0.03528973403516311
2021-10-30,2021-11-30,JNJ,0.017780467146600695,-0.03639889044649047
2021-10-30,2021-11-30,TMO,0.009436903147640941,-0.0003792656884654688
2021-10-30,2021-11-30,PFE,0.009038679765949737,0.2391776906532579
2021-10-30,2021-11-30,ABT,0.008393873032478964,-0.024206759339685524
2021-10-30,2021-11-30,MRK,0.008941917377645905,-0.14923336864201564
2021-10-30,2021-11-30,ABBV,0.008698858748580097,0.005319526852733736
2021-10-30,2021-11-30,LLY,0.009114177077841486,-0.02321623326334943
2021-10-30,2021-11-30,DHR,0.007384464085686758,0.03165790386424572
2021-10-30,2021-11-30,MDT,0.005879073330990242,-0.10979480731637925
2021-10-30,2021-11-30,BMY,0.004843983166166791,-0.08167803051687972
2021-10-30,2021-11-30,CVS,0.004656989588158756,-0.0024640634161934294
2021-10-30,2021-11-30,AMGN,0.004658035990913908,-0.031020056185235734
2021-10-30,2021-11-30,GILD,0.003295216194449955,0.06242305415296934
2021-10-30,2021-11-30,BIIB,0.001395565093769465,-0.11601915416366748
2021-10-30,2021-11-30,PG,0.012897528293357746,0.011119710752022227
2021-10-30,2021-11-30,PEP,0.008147377303765848,-0.011262387918051897
2021-10-30,2021-11-30,KO,0.008848662427460682,-0.06232530308313822
2021-10-30,2021-11-30,COST,0.00911454208971028,0.09732705446766432
2021-10-30,2021-11-30,WMT,0.009018429513674039,-0.058827467149838775
2021-10-30,2021-11-30,PM,0.006131836949983919,-0.09096654387215575
2021-10-30,2021-11-30,MDLZ,0.003110429016741458,-0.02963446021195526
2021-10-30,2021-11-30,MO,0.0033062525287785283,-0.03332557774885947
2021-10-30,2021-11-30,CL,0.0023778112461872642,-0.015356618194694804
2021-10-30,2021-11-30,KHC,0.0008274469548602134,-0.05295159689323525
2021-10-30,2021-11-30,XOM,0.011023813359507154,-0.05934241186914091
2021-10-30,2021-11-30,CVX,0.008478155395276727,-0.002755122930307774
2021-10-30,2021-11-30,COP,0.0038528332148422845,-0.0585313043885165
2021-10-30,2021-11-30,NEE,0.006343729089134224,0.021497123765821913
2021-10-30,2021-11-30,DUK,0.0031488007278835687,-0.03973809367786629
2021-10-30,2021-11-30,SO,0.002708824274258298,-0.0092047397551408
2021-10-30,2021-11-30,EXC,0.0021019571956969593,-0.0016582076579065852
2021-10-30,2021-11-30,LIN,0.006759183907768112,-0.0033209745903128862
2021-10-30,2021-11-30,DOW,0.0014824844010583515,-0.006507717845307903
2021-10-30,2021-11-30,DD,0.0013149182089524794,0.06680232282118337
2021-10-30,2021-11-30,UNP,0.005991265740984287,-0.02386077189353064
2021-10-30,2021-11-30,UPS,0.005617151290068688,-0.06614489728528705
2021-10-30,2021-11-30,HON,0.005804828325484996,-0.07092668984751616
2021-10-30,2021-11-30,RTX,0.005526357832230612,-0.08401186903135194
2021-10-30,2021-11-30,GE,0.005106078341558052,-0.09421203848109705
2021-10-30,2021-11-30,BA,0.004123026017504512,-0.04434136468100702
2021-10-30,2021-11-30,CAT,0.00491009300899591,-0.05225221405526692
2021-10-30,2021-11-30,MMM,0.0038461695656744985,-0.04060961489698067
2021-10-30,2021-11-30,LMT,0.003060680214188338,0.011307577393483648
2021-10-30,2021-11-30,EMR,0.002312127515393064,-0.08971839875232313
2021-10-30,2021-11-30,FDX,0.0023072288313999217,-0.021908110384216473
2021-10-30,2021-11-30,GD,0.001983188558341049,-0.06796559915993172
2021-10-30,2021-11-30,AMT,0.00474128566634551,-0.06912075837568799
2021-10-30,2021-11-30,SPG,0.002197695331693325,0.042706837239750994
2021-10-30,2021-11-30,CASHUSD,0.003252998748608563,-0.00021879178555328505
2021-12-01,2021-12-31,AAPL,0.10649839196376434,0.07422885491341047
2021-12-01,2021-12-31,MSFT,0.09546541641468961,0.01733249884500787
2021-12-01,2021-12-31,NVDA,0.03621139532115127,-0.09980985720667424
2021-12-01,2021-12-31,V,0.01252987774297707,0.11838786169722604
2021-12-01,2021-12-31,ADBE,0.010367276799155965,-0.15345223822308918
2021-12-01,2021-12-31,CRM,0.00961058996022226,-0.10819071350822163
2021-12-01,2021-12-31,MA,0.010388913138702625,0.14098841722511812
2021-12-01,2021-12-31,CSCO,0.00938918630199771,0.1555433026359434
2021-12-01,2021-12-31,AVGO,0.010142531340822965,0.20948313769689464
2021-12-01,2021-12-31,ACN,0.007538230065354254,0.15990499589451757
2021-12-01,2021-12-31,PYPL,0.006633069514324571,0.019957857016029257
2021-12-01,2021-12-31,QCOM,0.00789471521592019,0.016622116507085005
2021-12-01,2021-12-31,INTC,0.00757879676436698,0.04674802219230889
2021-12-01,2021-12-31,TXN,0.00707097824167593,-0.020273402616584058
2021-12-01,2021-12-31,ORCL,0.005910250162810225,-0.03890244168219936
2021-12-01,2021-12-31,IBM,0.004180419750056004,0.14141774702883336
2021-12-01,2021-12-31,AMZN,0.059378071500292444,-0.04925196878828486
2021-12-01,2021-12-31,TSLA,0.03844544764253403,-0.07685451947850863
2021-12-01,2021-12-31,HD,0.01649635021359372,0.04022943219291908
2021-12-01,2021-12-31,NKE,0.007264406461016693,-0.013415726485397461
2021-12-01,2021-12-31,MCD,0.007351613382062945,0.09595245782563011
2021-12-01,2021-12-31,LOW,0.00684271269004221,0.05678881686590209
2021-12-01,2021-12-31,SBUX,0.004994391109081228,0.06685505718804063
2021-12-01,2021-12-31,TGT,0.0045523219141911245,-0.05085314642832739
2021-12-01,2021-12-31,BKNG,0.0035399508603141997,0.1414847495035927
2021-12-01,2021-12-31,GM,0.0034921282142390854,0.01313280818480611
2021-12-01,2021-12-31,F,0.0030601959208018917,0.08233433265086765
2021-12-01,2021-12-31,GOOGL,0.03610918300892509,0.02082133643462658
2021-12-01,2021-12-31,GOOG,0.03393713563739798,0.01563688656671003
2021-12-01,2021-12-31,NFLX,0.010624154052761408,-0.061473793583464276
2021-12-01,2021-12-31,DIS,0.00924636059113172,0.06894405305118245
2021-12-01,2021-12-31,CMCSA,0.007663944734108079,0.007003112306064541
2021-12-01,2021-12-31,VZ,0.007474288645620977,0.03361837960791991
2021-12-01,2021-12-31,T,0.006047909893249103,0.07752953554415365
2021-12-01,2021-12-31,CHTR,0.002538689630672994,0.00880414239697358
2021-12-01,2021-12-31,TMUS,0.002452928622403069,0.06589483342548585
2021-12-01,2021-12-31,BRKB,0.02027412283414077,0.08063174441338283
2021-12-01,2021-12-31,JPM,0.01926677650700759,-0.00302208087360345
2021-12-01,2021-12-31,BAC,0.01251593472234949,0.0052650698311682564
2021-12-01,2021-12-31,WFC,0.0076409478309056415,0.004185715653586941
2021-12-01,2021-12-31,MS,0.005668356580319051,0.03522446827118686
2021-12-01,2021-12-31,BLK,0.004797645354520991,0.016772885290479378
2021-12-01,2021-12-31,C,0.004961968779420125,-0.05196238817967147
2021-12-01,2021-12-31,GS,0.00535798347479931,0.009393081267536907
2021-12-01,2021-12-31,AXP,0.0038566487565306184,0.07419591742666465
2021-12-01,2021-12-31,USB,0.002723105961127829,0.023315071037863122
2021-12-01,2021-12-31,COF,0.0024167319294629477,0.03244852306346835
2021-12-01,2021-12-31,AIG,0.0017243064682048222,0.08735437773157884
2021-12-01,2021-12-31,BK,0.0017894265308832386,0.060047637500747264
2021-12-01,2021-12-31,MET,0.001636763660519299,0.0652918138459202
2021-12-01,2021-12-31,UNH,0.016172977296238795,0.13407244548696617
2021-12-01,2021-12-31,JNJ,0.017054965638457285,0.09709500558813211
2021-12-01,2021-12-31,PFE,0.011124675711731287,0.09901350939596187
2021-12-01,2021-12-31,TMO,0.009451641556998493,0.05479941394367871
2021-12-01,2021-12-31,ABT,0.008206702119832621,0.11902716969233995
2021-12-01,2021-12-31,DHR,0.007633012819908613,0.023578702107230898
2021-12-01,2021-12-31,ABBV,0.008762108822974273,0.17453150302814735
2021-12-01,2021-12-31,LLY,0.008891005544350255,0.11361074286490491
2021-12-01,2021-12-31,MRK,0.007622288344518978,0.03280057698000327
2021-12-01,2021-12-31,MDT,0.005243807933233541,-0.024283227980950617
2021-12-01,2021-12-31,BMY,0.004457002380046258,0.16259527317637534
2021-12-01,2021-12-31,CVS,0.004654575258702285,0.15832011014059422
2021-12-01,2021-12-31,AMGN,0.00448473504234117,0.1311845736844477
2021-12-01,2021-12-31,GILD,0.003507699013938748,0.06408700545184742
2021-12-01,2021-12-31,BIIB,0.0012361046236318443,0.017731367516670593
2021-12-01,2021-12-31,PG,0.013057475032077678,0.13141504479800048
2021-12-01,2021-12-31,COST,0.010014139094281596,0.05250426076462733
2021-12-01,2021-12-31,PEP,0.008065830992861636,0.0945291383549034
2021-12-01,2021-12-31,KO,0.008243784285614798,0.12888494095343206
2021-12-01,2021-12-31,WMT,0.008498628269305218,0.03301251872666855
2021-12-01,2021-12-31,PM,0.005581067472322878,0.12047560055424622
2021-12-01,2021-12-31,MDLZ,0.003022051141585761,0.13100645952124168
2021-12-01,2021-12-31,MO,0.003200135911067043,0.13273896669265128
2021-12-01,2021-12-31,CL,0.002344224482678428,0.1375633570512511
2021-12-01,2021-12-31,KHC,0.0008161223114257687,0.06813441715505553
2021-12-01,2021-12-31,XOM,0.01024785746937692,0.022560147572072253
2021-12-01,2021-12-31,CVX,0.00837105327911544,0.03969150300047719
2021-12-01,2021-12-31,COP,0.003632873084601049,0.03208731126681341
2021-12-01,2021-12-31,NEE,0.0064619154164668865,0.07582384364375461
2021-12-01,2021-12-31,DUK,0.002999311121890979,0.08133167145089737
2021-12-01,2021-12-31,SO,0.0026600588534068954,0.12242238370557668
2021-12-01,2021-12-31,EXC,0.0020870647453634945,0.09539184386195565
2021-12-01,2021-12-31,LIN,0.00674660636408321,0.092561355781279
2021-12-01,2021-12-31,DOW,0.001457108486263542,0.03258697330577909
2021-12-01,2021-12-31,DD,0.0013993379878000237,0.0922120846061687
2021-12-01,2021-12-31,UNP,0.005858937236736742,0.07423496764125859
2021-12-01,2021-12-31,UPS,0.005229237678456447,0.0805060202811625
2021-12-01,2021-12-31,HON,0.005379536816898876,0.031002655427871284
2021-12-01,2021-12-31,RTX,0.005041647870432271,0.0635192639316371
2021-12-01,2021-12-31,BA,0.003947279062545208,0.017538544926238853
2021-12-01,2021-12-31,CAT,0.0046619312237646884,0.06925252264472337
2021-12-01,2021-12-31,GE,0.004633372033945792,-0.004603455193892603
2021-12-01,2021-12-31,MMM,0.0036667476685665846,0.044636259030889525
2021-12-01,2021-12-31,LMT,0.0030753371266355775,0.06627251092256925
2021-12-01,2021-12-31,FDX,0.0022607820307879575,0.1261597600353892
2021-12-01,2021-12-31,EMR,0.0020973067806902327,0.05840193376848646
2021-12-01,2021-12-31,GD,0.0018517819502128277,0.10319086722504967
2021-12-01,2021-12-31,AMT,0.004395095164833215,0.11990557316540618
2021-12-01,2021-12-31,SPG,0.0022819565823952045,0.05641249293395201
2021-12-01,2021-12-31,CASHUSD,0.004656160051981115,0.0
2022-01-01,2022-01-31,AAPL,0.11015725620584256,-0.01571224437542207
2022-01-01,2022-01-31,MSFT,0.09413380636271808,-0.07534482843073531
2022-01-01,2022-01-31,NVDA,0.031721451303294526,-0.16745428291054043
2022-01-01,2022-01-31,V,0.013509082578012354,0.04365274599208857
2022-01-01,2022-01-31,MA,0.01145187779952863,0.07672007214506404
2022-01-01,2022-01-31,AVGO,0.01186412341204101,-0.11952024782946713
2022-01-01,2022-01-31,ADBE,0.008503976473378822,-0.0577716818443712
2022-01-01,2022-01-31,CSCO,0.010534216578165636,-0.11633175921246408
2022-01-01,2022-01-31,ACN,0.008456912711782142,-0.14486402376211105
2022-01-01,2022-01-31,CRM,0.008379032544548344,-0.08460232246053034
2022-01-01,2022-01-31,PYPL,0.0065627468782131606,-0.08823843629120687
2022-01-01,2022-01-31,INTC,0.007715195953938077,-0.05203878132581907
2022-01-01,2022-01-31,QCOM,0.0077018233191879434,-0.03888008900150286
2022-01-01,2022-01-31,TXN,0.006723193138736254,-0.0413402714652491
2022-01-01,2022-01-31,ORCL,0.0053956564968745705,-0.06591560756912773
2022-01-01,2022-01-31,IBM,0.004631657869555887,-0.0006734061457114304
2022-01-01,2022-01-31,AMZN,0.05489820341335676,-0.10282991021845667
2022-01-01,2022-01-31,TSLA,0.0345503369348132,-0.11360931817914044
2022-01-01,2022-01-31,HD,0.01647224722987033,-0.11573211537588757
2022-01-01,2022-01-31,NKE,0.006945714695707457,-0.11159753899249569
2022-01-01,2022-01-31,MCD,0.007828582033781433,-0.032155737268036444
2022-01-01,2022-01-31,LOW,0.006878494145574549,-0.07871919709563113
2022-01-01,2022-01-31,SBUX,0.005178316331161268,-0.1594423754823644
2022-01-01,2022-01-31,TGT,0.004139124027398253,-0.047571654185506906
2022-01-01,2022-01-31,BKNG,0.003925143230596609,0.023716046546179648
2022-01-01,2022-01-31,GM,0.0034298706271862936,-0.10063100695090577
2022-01-01,2022-01-31,F,0.0032196267023951158,-0.017603560908109994
2022-01-01,2022-01-31,GOOGL,0.03575830971999951,-0.06591906719786977
2022-01-01,2022-01-31,GOOG,0.033211915897163914,-0.062075253887443727
2022-01-01,2022-01-31,DIS,0.009597387493741205,-0.0769576628693045
2022-01-01,2022-01-31,NFLX,0.009689893641966497,-0.29098331668313326
2022-01-01,2022-01-31,CMCSA,0.007453706968685401,-0.0018375872082614375
2022-01-01,2022-01-31,VZ,0.007501806700221789,0.036784482896130344
2022-01-01,2022-01-31,T,0.006328807998320178,0.06465885857105147
2022-01-01,2022-01-31,CHTR,0.0024255514656846724,-0.08992736856334971
2022-01-01,2022-01-31,TMUS,0.002540934465155134,-0.06733921130606901
2022-01-01,2022-01-31,BRKB,0.021009736601934,0.046889595363451164
2022-01-01,2022-01-31,JPM,0.018439032338729715,-0.05594726757095658
2022-01-01,2022-01-31,BAC,0.011820450330974331,0.037086865944697234
2022-01-01,2022-01-31,WFC,0.00723140800891198,0.1213005972484198
2022-01-01,2022-01-31,MS,0.005601511047438801,0.05190071765091053
2022-01-01,2022-01-31,BLK,0.0046954705745652185,-0.10116225709479632
2022-01-01,2022-01-31,GS,0.005258743735116585,-0.07285330925796374
2022-01-01,2022-01-31,C,0.0044702088669297665,0.07832438790465446
2022-01-01,2022-01-31,AXP,0.003920357672116464,0.10190276750855598
2022-01-01,2022-01-31,USB,0.0026838033964556407,0.03596229880660706
2022-01-01,2022-01-31,COF,0.0023121042503952737,0.011303235227021702
2022-01-01,2022-01-31,AIG,0.001753486030214278,0.01565270919217787
2022-01-01,2022-01-31,MET,0.0016660653130640337,0.07313149178138745
2022-01-01,2022-01-31,BK,0.0017563008400626919,0.02629471226385549
2022-01-01,2022-01-31,UNH,0.01771008738950516,-0.0588878524886588
2022-01-01,2022-01-31,JNJ,0.018147465580500916,0.0071317102243857455
2022-01-01,2022-01-31,PFE,0.011870374597449336,-0.10092123110384799
2022-01-01,2022-01-31,TMO,0.009680563654938162,-0.12879915718816926
2022-01-01,2022-01-31,ABT,0.008883740793463683,-0.09116409379692458
2022-01-01,2022-01-31,ABBV,0.009984978602987532,0.021495414309400163
2022-01-01,2022-01-31,LLY,0.009602448883933534,-0.11161404164087574
2022-01-01,2022-01-31,DHR,0.007579482896148214,-0.13136404049530448
2022-01-01,2022-01-31,MRK,0.0075467758047073775,0.06315252568292662
2022-01-01,2022-01-31,MDT,0.004937779573807247,0.0003869731221046724
2022-01-01,2022-01-31,BMY,0.005019741764984654,0.049858130862513894
2022-01-01,2022-01-31,CVS,0.005230761086180639,0.037992414956368625
2022-01-01,2022-01-31,AMGN,0.004880246269175145,0.009645855090213429
2022-01-01,2022-01-31,GILD,0.003583339076528177,-0.05412484297867237
2022-01-01,2022-01-31,BIIB,0.0012057083520212132,-0.058019332590788064
2022-01-01,2022-01-31,PG,0.014316350738929588,-0.013838357669931023
2022-01-01,2022-01-31,COST,0.010239393208026158,-0.11021647707328375
2022-01-01,2022-01-31,PEP,0.008527529446865549,-0.0010940222587234594
2022-01-01,2022-01-31,KO,0.009052185374121514,0.0304002766109277
2022-01-01,2022-01-31,WMT,0.008453490732543237,-0.03372710993131045
2022-01-01,2022-01-31,PM,0.005990394550214072,0.08263164066851059
2022-01-01,2022-01-31,MDLZ,0.0033011231811906866,0.010858162038128727
2022-01-01,2022-01-31,MO,0.0034438279728774422,0.07364402494329769
2022-01-01,2022-01-31,CL,0.002592079289677161,-0.02861640381833419
2022-01-01,2022-01-31,KHC,0.0008532972033298203,-0.0027857758041177627
2022-01-01,2022-01-31,XOM,0.010174524442028316,0.2413790943716725
2022-01-01,2022-01-31,CVX,0.008425414420138163,0.11913075007012974
2022-01-01,2022-01-31,COP,0.0035761349415505276,0.22776378783072415
2022-01-01,2022-01-31,NEE,0.006747408241052238,-0.16323924931062173
2022-01-01,2022-01-31,DUK,0.00314667325756884,0.001525169363227441
2022-01-01,2022-01-31,SO,0.0029003365241182903,0.013268878707887621
2022-01-01,2022-01-31,EXC,0.0022210038404396264,0.0032894167759167647
2022-01-01,2022-01-31,LIN,0.007072397093584004,-0.08010264467824513
2022-01-01,2022-01-31,DD,0.001464111922704783,-0.05174537860591488
2022-01-01,2022-01-31,DOW,0.0014439520835936243,0.05306765731520069
2022-01-01,2022-01-31,UNP,0.005997430030069941,-0.029293779772944006
2022-01-01,2022-01-31,UPS,0.005494048444339789,-0.05659238437594316
2022-01-01,2022-01-31,HON,0.005373967200283817,-0.01932755637082928
2022-01-01,2022-01-31,RTX,0.0051690645768442955,0.04798984585303878
2022-01-01,2022-01-31,CAT,0.004783288509007985,-0.020324863748502286
2022-01-01,2022-01-31,BA,0.003910898853786894,-0.005364602581776068
2022-01-01,2022-01-31,GE,0.004481792392005926,0.00010583894740889832
2022-01-01,2022-01-31,MMM,0.003715557282159858,-0.06536038770352537
2022-01-01,2022-01-31,LMT,0.0031625239391782005,0.09487637761732892
2022-01-01,2022-01-31,FDX,0.0024448533416382636,-0.04941237041505431
2022-01-01,2022-01-31,EMR,0.0021579577976596834,-0.01097125978636948
2022-01-01,2022-01-31,GD,0.0019762247863924923,0.023157818179243783
2022-01-01,2022-01-31,AMT,0.004771363779199285,-0.14017112356190142
2022-01-01,2022-01-31,SPG,0.0023258300731875013,-0.07867569704167532
2022-01-01,2022-01-31,CASHUSD,0.0023954138478549515,0.0
2022-02-01,2022-02-28,AAPL,0.11357991146174427,-0.05406595989419394
2022-02-01,2022-02-28,MSFT,0.09117837281724557,-0.037211968081557134
2022-02-01,2022-02-28,NVDA,0.02766487452022802,-0.004124935826256948
2022-02-01,2022-02-28,V,0.01476885437038506,-0.04288086105226996
2022-02-01,2022-02-28,MA,0.012899730964734004,-0.06615258116126943
2022-02-01,2022-02-28,ADBE,0.008393549095695898,-0.12468649941837828
2022-02-01,2022-02-28,AVGO,0.010942753074847602,0.0026627059888062465
2022-02-01,2022-02-28,CSCO,0.00969400140858902,0.0017963885697558357
2022-02-01,2022-02-28,CRM,0.008034683136417736,-0.09500066360303816
2022-02-01,2022-02-28,ACN,0.00755577017147168,-0.10622757465777855
2022-02-01,2022-02-28,PYPL,0.006267956852604216,-0.34901708444221813
2022-02-01,2022-02-28,INTC,0.007661254714557331,-0.015498423956202712
2022-02-01,2022-02-28,QCOM,0.0077541393939130725,-0.0214496661930762
2022-02-01,2022-02-28,TXN,0.006707267204186935,-0.0529279174179087
2022-02-01,2022-02-28,ORCL,0.005260028653066955,-0.06394768478384916
2022-02-01,2022-02-28,IBM,0.004848675539629051,-0.07175483316952158
2022-02-01,2022-02-28,AMZN,0.051557847227968696,0.026672518265588474
2022-02-01,2022-02-28,TSLA,0.03205806122106357,-0.0707681586632628
2022-02-01,2022-02-28,HD,0.01524731224656265,-0.1393805955935784
2022-02-01,2022-02-28,MCD,0.007931298061091914,-0.051332974157829225
2022-02-01,2022-02-28,NKE,0.006459238278344617,-0.0778011557423115
2022-02-01,2022-02-28,LOW,0.006611732608562608,-0.06863287348746283
2022-02-01,2022-02-28,SBUX,0.004556370684831126,-0.06168216426182371
2022-02-01,2022-02-28,TGT,0.004126645878322715,-0.08979833505095502
2022-02-01,2022-02-28,BKNG,0.0042074204135901265,-0.11558030051677537
2022-02-01,2022-02-28,F,0.0032940381857399824,-0.13497533892471203
2022-02-01,2022-02-28,GM,0.0032291457658457736,-0.11397670310964148
2022-02-01,2022-02-28,GOOGL,0.03498256641756697,-0.0018216440807148349
2022-02-01,2022-02-28,GOOG,0.032623511948743876,-0.005950599710915494
2022-02-01,2022-02-28,DIS,0.009278206976250068,0.038399586458933266
2022-02-01,2022-02-28,CMCSA,0.007753776237939116,-0.06461294761660163
2022-02-01,2022-02-28,VZ,0.008049039828808082,0.00826600265550348
2022-02-01,2022-02-28,NFLX,0.007195771122225252,-0.0763684268388427
2022-02-01,2022-02-28,T,0.006870975095225524,-0.07098037841094096
2022-02-01,2022-02-28,CHTR,0.0023118368188185232,0.014224562745472902
2022-02-01,2022-02-28,TMUS,0.0024820556437370155,0.1390403715248556
2022-02-01,2022-02-28,BRKB,0.023043611235394387,0.02693126154633907
2022-02-01,2022-02-28,JPM,0.018128630786785102,-0.04576041381694396
2022-02-01,2022-02-28,BAC,0.012843342804827497,-0.04204590801465313
2022-02-01,2022-02-28,WFC,0.0084951543725644,-0.0035386311607851217
2022-02-01,2022-02-28,MS,0.006130393372046053,-0.11507703345752773
2022-02-01,2022-02-28,C,0.005050149028914227,-0.08328438586518827
2022-02-01,2022-02-28,GS,0.005108328521574101,-0.03775189821425751
2022-02-01,2022-02-28,BLK,0.004421983688147545,-0.09605787111474273
2022-02-01,2022-02-28,AXP,0.00451434858370712,0.08185957664757648
2022-02-01,2022-02-28,USB,0.0029128813274668505,-0.02835541625581406
2022-02-01,2022-02-28,COF,0.0024497216205261485,0.048566069304987414
2022-02-01,2022-02-28,AIG,0.0018659060297180573,0.060432792063472185
2022-02-01,2022-02-28,MET,0.001873107727347063,0.014364322614440095
2022-02-01,2022-02-28,BK,0.0018774339819037328,-0.10310477579361554
2022-02-01,2022-02-28,JNJ,0.019113475015025513,-0.03867673529440485
2022-02-01,2022-02-28,UNH,0.017429960010193046,0.006982973915558244
2022-02-01,2022-02-28,PFE,0.011076622890471618,-0.10912870166465172
2022-02-01,2022-02-28,ABBV,0.01055679953135632,0.07948032696555618
2022-02-01,2022-02-28,TMO,0.008819788617294887,-0.0641668118808848
2022-02-01,2022-02-28,ABT,0.008413647409735209,-0.05366398162529451
2022-02-01,2022-02-28,MRK,0.008390507897480002,-0.060137326886794074
2022-02-01,2022-02-28,LLY,0.008921079024524041,0.022834773517841356
2022-02-01,2022-02-28,DHR,0.006885153276160939,-0.03981949360566084
2022-02-01,2022-02-28,BMY,0.005463321156633631,0.058252414244004624
2022-02-01,2022-02-28,CVS,0.005647663018984075,-0.02685184131007634
2022-02-01,2022-02-28,MDT,0.005165695176856187,0.01449388023868825
2022-02-01,2022-02-28,AMGN,0.005152677336181208,0.005643557629643858
2022-02-01,2022-02-28,GILD,0.0035446025260760226,-0.1205590450627948
2022-02-01,2022-02-28,BIIB,0.0011878465072169468,-0.06632745793435424
2022-02-01,2022-02-28,PG,0.014709338504323778,-0.02841988776764992
2022-02-01,2022-02-28,PEP,0.008922946080228701,-0.05636248788635967
2022-02-01,2022-02-28,KO,0.00977033454507178,0.020160378868589124
2022-02-01,2022-02-28,COST,0.00954347109851361,0.029511397418215735
2022-02-01,2022-02-28,WMT,0.008556295816543746,-0.033259471305108534
2022-02-01,2022-02-28,PM,0.006793376871909119,-0.017306764854653878
2022-02-01,2022-02-28,MDLZ,0.0034954986003913587,-0.023123798807863083
2022-02-01,2022-02-28,MO,0.003873103999626417,0.008058290587731554
2022-02-01,2022-02-28,CL,0.0026231706136115186,-0.06670720495280302
2022-02-01,2022-02-28,KHC,0.0008913831450074566,0.09553074098534409
2022-02-01,2022-02-28,XOM,0.013210939541862315,0.04383056977875088
2022-02-01,2022-02-28,CVX,0.009862481100493165,0.10798649159230811
2022-02-01,2022-02-28,COP,0.004592373006940641,0.07579756665127735
2022-02-01,2022-02-28,LIN,0.00682966259608935,-0.07982930546607891
2022-02-01,2022-02-28,DOW,0.001596211739106232,-0.000982223557361217
2022-02-01,2022-02-28,DD,0.0014574617975261514,0.014482176523296308
2022-02-01,2022-02-28,UNP,0.006091576498792953,0.010650760910467572
2022-02-01,2022-02-28,UPS,0.005423367707927718,0.04816274543509169
2022-02-01,2022-02-28,HON,0.005514080404707921,-0.06692699804185276
2022-02-01,2022-02-28,RTX,0.0056680542138578816,0.14503791432838153
2022-02-01,2022-02-28,BA,0.004070187839717976,0.025469390255788094
2022-02-01,2022-02-28,CAT,0.004879395068194987,-0.06935916670252729
2022-02-01,2022-02-28,GE,0.004689830270602786,0.010901780136535644
2022-02-01,2022-02-28,MMM,0.0036335868926618458,-0.09597086856268389
2022-02-01,2022-02-28,LMT,0.0036333370111682607,0.12246974572794178
2022-02-01,2022-02-28,FDX,0.0024317446906933116,-0.09594890694799108
2022-02-01,2022-02-28,EMR,0.0022332189879160458,0.015864850330624014
2022-02-01,2022-02-28,GD,0.002103805030691131,0.10537479917316595
2022-02-01,2022-02-28,NEE,0.005893581948520418,0.007469595573524002
2022-02-01,2022-02-28,DUK,0.003289616012498438,-0.03470548586141631
2022-02-01,2022-02-28,SO,0.0030676846731064267,-0.058330960149988176
2022-02-01,2022-02-28,EXC,0.002326043167234444,0.038230788059194554
2022-02-01,2022-02-28,AMT,0.004282277825063518,-0.09793245111938043
2022-02-01,2022-02-28,SPG,0.0022365337041274002,-0.06548889800653046
2022-02-01,2022-02-28,CASHUSD,0.0032815224796044185,-0.00021903717459825778
2022-03-01,2022-03-31,AAPL,0.1105378156848717,0.05747345410357574
2022-03-01,2022-03-31,MSFT,0.09024551891250164,0.03186184545012538
2022-03-01,2022-03-31,NVDA,0.028381250796229558,0.11915726483467148
2022-03-01,2022-03-31,V,0.014538293275508693,0.026142845888322608
2022-03-01,2022-03-31,MA,0.01240890420983334,-0.009534036697518289
2022-03-01,2022-03-31,AVGO,0.011302509348348205,0.07915365017684173
2022-03-01,2022-03-31,CSCO,0.01000446253790484,-0.00017954116089458072
2022-03-01,2022-03-31,ADBE,0.007568574316089764,-0.025786857995771295
2022-03-01,2022-03-31,CRM,0.0074905977957845805,0.008502318204091974
2022-03-01,2022-03-31,ACN,0.006945044697978195,0.06711618193101199
2022-03-01,2022-03-31,INTC,0.007711308649935864,0.03899360531058904
2022-03-01,2022-03-31,QCOM,0.007816764892010813,-0.10775321278311845
2022-03-01,2022-03-31,TXN,0.006543449243358569,0.07935767117449588
2022-03-01,2022-03-31,PYPL,0.004203652457711873,0.03323510203525992
2022-03-01,2022-03-31,ORCL,0.005073400829930093,0.08898261577736655
2022-03-01,2022-03-31,IBM,0.004582974200051976,0.06130097549216651
2022-03-01,2022-03-31,AMZN,0.05471395487439453,0.061437285030015776
2022-03-01,2022-03-31,TSLA,0.030792272500022224,0.2380088093327557
2022-03-01,2022-03-31,HD,0.013563819817333893,-0.046524200781739244
2022-03-01,2022-03-31,MCD,0.007734427664118378,0.01025440329263394
2022-03-01,2022-03-31,NKE,0.00615736046854453,-0.012324766245621621
2022-03-01,2022-03-31,LOW,0.006365187010168214,-0.08536142619136067
2022-03-01,2022-03-31,SBUX,0.004399409336381529,-0.008933600674935205
2022-03-01,2022-03-31,TGT,0.00386887937451659,0.062321658146688774
2022-03-01,2022-03-31,BKNG,0.0038386664483635656,0.08111403615904433
2022-03-01,2022-03-31,F,0.0029403571092605925,-0.0370161042568814
2022-03-01,2022-03-31,GM,0.002952292186225231,-0.06378453086580538
2022-03-01,2022-03-31,GOOGL,0.03606135360451214,0.029694976874157453
2022-03-01,2022-03-31,GOOG,0.0334934967029615,0.03527644834956978
2022-03-01,2022-03-31,DIS,0.009949511087997614,-0.07611484276201574
2022-03-01,2022-03-31,VZ,0.00838084922289621,-0.050866228004481484
2022-03-01,2022-03-31,CMCSA,0.007496357182686719,0.0012832195141490033
2022-03-01,2022-03-31,NFLX,0.006862962504691577,-0.05051708525488763
2022-03-01,2022-03-31,T,0.006592034342676419,-0.0025329184225723056
2022-03-01,2022-03-31,CHTR,0.002425717532632622,-0.09348932670856436
2022-03-01,2022-03-31,TMUS,0.0029145650346719875,0.04171739709964495
2022-03-01,2022-03-31,BRKB,0.024453993125242546,0.09786900065449733
2022-03-01,2022-03-31,JPM,0.017876960431989067,-0.038645856305973614
2022-03-01,2022-03-31,BAC,0.012714134681445825,-0.06286098966983156
2022-03-01,2022-03-31,WFC,0.008708736770271317,-0.09199901478130545
2022-03-01,2022-03-31,MS,0.005606292508753499,-0.0368085730233767
2022-03-01,2022-03-31,AXP,0.005049638900861038,-0.03875815820402473
2022-03-01,2022-03-31,C,0.004748088715258192,-0.09842987560068683
2022-03-01,2022-03-31,GS,0.005081611692489069,-0.027085951817199083
2022-03-01,2022-03-31,BLK,0.004138002180780952,0.03410247161689672
2022-03-01,2022-03-31,USB,0.002929251738996153,-0.05229195718959745
2022-03-01,2022-03-31,COF,0.0026397900822439408,-0.14340717360818145
2022-03-01,2022-03-31,AIG,0.00204115870876397,0.030616445461749242
2022-03-01,2022-03-31,MET,0.0019465247364055464,0.04041428381647494
2022-03-01,2022-03-31,BK,0.0017371179428633903,-0.0662277045499795
2022-03-01,2022-03-31,UNH,0.018111436342366345,0.07482947169203324
2022-03-01,2022-03-31,JNJ,0.01883924170403555,0.07692761242485813
2022-03-01,2022-03-31,PFE,0.010182703672151537,0.10289730867738833
2022-03-01,2022-03-31,ABBV,0.011759451661844023,0.0970424068760316
2022-03-01,2022-03-31,TMO,0.008516857568971165,0.0863620676013761
2022-03-01,2022-03-31,ABT,0.008216213709235294,-0.018736460414579215
2022-03-01,2022-03-31,LLY,0.009376700351847948,0.14570917634710723
2022-03-01,2022-03-31,MRK,0.00813769172830222,0.08095901014962936
2022-03-01,2022-03-31,DHR,0.006821935935005275,0.0698829648194983
2022-03-01,2022-03-31,BMY,0.005966587552317617,0.07133979571063809
2022-03-01,2022-03-31,MDT,0.005408658358500812,0.06307591207681917
2022-03-01,2022-03-31,CVS,0.005671942273061727,-0.023540883975919025
2022-03-01,2022-03-31,AMGN,0.005303346936879383,0.06773214437134656
2022-03-01,2022-03-31,GILD,0.0032111708355240876,-0.0031823192730381367
2022-03-01,2022-03-31,BIIB,0.0011423410367664966,-0.0019429809676955179
2022-03-01,2022-03-31,PG,0.014752999178601558,-0.019821933051807128
2022-03-01,2022-03-31,KO,0.010289344298881665,0.0037693403608878295
2022-03-01,2022-03-31,COST,0.01012779404165677,0.10900337318174835
2022-03-01,2022-03-31,PEP,0.008691645180137273,0.02895366693815693
2022-03-01,2022-03-31,WMT,0.008544073197288806,0.10606676530743209
2022-03-01,2022-03-31,PM,0.006891600754793776,-0.05797131769642794
2022-03-01,2022-03-31,MO,0.004034630937297064,0.036240792200839644
2022-03-01,2022-03-31,MDLZ,0.0035188963702014555,-0.03588281528362569
2022-03-01,2022-03-31,CL,0.0025229893029368017,-0.014554714240760158
2022-03-01,2022-03-31,KHC,0.0010063113302688088,0.014968509793351847
2022-03-01,2022-03-31,XOM,0.014101965392906191,0.05317499178301954
2022-03-01,2022-03-31,CVX,0.01117826765584544,0.13076410236253388
2022-03-01,2022-03-31,COP,0.005084913580588618,0.05733575537276314
2022-03-01,2022-03-31,UNP,0.006330166438013052,0.11083564084180808
2022-03-01,2022-03-31,RTX,0.006670156736796139,-0.0353454188979222
2022-03-01,2022-03-31,UPS,0.005831216325133143,0.019199667430264578
2022-03-01,2022-03-31,HON,0.005278280263413219,0.025454583135656073
2022-03-01,2022-03-31,BA,0.004315079033182145,-0.0674003924453016
2022-03-01,2022-03-31,LMT,0.004189192833824295,0.017519718668002948
2022-03-01,2022-03-31,GE,0.004902158410906475,-0.0411244362135601
2022-03-01,2022-03-31,CAT,0.004695288327655375,0.18786656443665417
2022-03-01,2022-03-31,MMM,0.0033559877888217657,0.0015471344142052867
2022-03-01,2022-03-31,EMR,0.0023278877574734584,0.055208796206781985
2022-03-01,2022-03-31,FDX,0.0022793818189625016,0.04457101004686015
2022-03-01,2022-03-31,GD,0.0023987601295203456,0.028705418879005684
2022-03-01,2022-03-31,NEE,0.006113385019483049,0.0822792847389
2022-03-01,2022-03-31,DUK,0.003259684353011044,0.1120408037171785
2022-03-01,2022-03-31,SO,0.0029550665139880727,0.11949999371526965
2022-03-01,2022-03-31,EXC,0.0017686064468326343,0.11912622440288456
2022-03-01,2022-03-31,LIN,0.0065095499117518866,0.09368332299392645
2022-03-01,2022-03-31,DOW,0.001638614941473137,0.0807328879929119
2022-03-01,2022-03-31,DD,0.0015222666134608294,-0.04898566976870322
2022-03-01,2022-03-31,AMT,0.003987433397723226,0.10733030635305263
2022-03-01,2022-03-31,SPG,0.002152680445643214,-0.03145461452860887
2022-03-01,2022-03-31,CASHUSD,0.003578147535246966,0.0004599998202277078
2022-04-01,2022-04-29,AAPL,0.11168257036955082,-0.09713076447182944
2022-04-01,2022-04-29,MSFT,0.08931384953605755,-0.09986713476956033
2022-04-01,2022-04-29,NVDA,0.030504302803082,-0.320274159155561
2022-04-01,2022-04-29,V,0.014170669733567917,-0.03895935963129982
2022-04-01,2022-04-29,MA,0.01174506265018982,0.018199834800947112
2022-04-01,2022-04-29,AVGO,0.01167235022464107,-0.11956881048700219
2022-04-01,2022-04-29,CSCO,0.009607794012624285,-0.11557707925100558
2022-04-01,2022-04-29,ADBE,0.007021150229755948,-0.13096436405256728
2022-04-01,2022-04-29,ACN,0.007128459345490644,-0.10667991254167597
2022-04-01,2022-04-29,CRM,0.007300682887168263,-0.17134511500538674
2022-04-01,2022-04-29,INTC,0.007705244840059304,-0.12046009244974532
2022-04-01,2022-04-29,QCOM,0.006713011722289496,-0.08591842672694305
2022-04-01,2022-04-29,TXN,0.006784356457262539,-0.07210593519698372
2022-04-01,2022-04-29,PYPL,0.004136601701385433,-0.23968872113159645
2022-04-01,2022-04-29,ORCL,0.005182727207917957,-0.10930596716500973
2022-04-01,2022-04-29,IBM,0.0046738213667538095,0.0168435631160877
2022-04-01,2022-04-29,AMZN,0.05590622193947702,-0.2375250931362105
2022-04-01,2022-04-29,TSLA,0.037640170119403564,-0.19194510982164714
2022-04-01,2022-04-29,HD,0.012204099640681709,0.0035745957043897825
2022-04-01,2022-04-29,MCD,0.0074968138772894865,0.007602832475842813
2022-04-01,2022-04-29,NKE,0.005814672898951249,-0.07327595524462538
2022-04-01,2022-04-29,LOW,0.005434929599682023,-0.018101462793042367
2022-04-01,2022-04-29,SBUX,0.0040754585938155416,-0.17950971529335613
2022-04-01,2022-04-29,TGT,0.0038681436324304423,0.07741977493113361
2022-04-01,2022-04-29,BKNG,0.00398545432066565,-0.05882179737559734
2022-04-01,2022-04-29,F,0.0027234098541621633,-0.15705417023679225
2022-04-01,2022-04-29,GM,0.002658304006894974,-0.13328758711009814
2022-04-01,2022-04-29,GOOGL,0.03560236503700431,-0.1794670031797162
2022-04-01,2022-04-29,GOOG,0.03303200269303981,-0.17674959543469781
2022-04-01,2022-04-29,DIS,0.008832004752499173,-0.18613301550516825
2022-04-01,2022-04-29,VZ,0.007734791277094671,-0.08002020749172434
2022-04-01,2022-04-29,CMCSA,0.0071415410960011605,-0.14599754085614003
2022-04-01,2022-04-29,T,0.006305567452631412,0.07197032058528952
2022-04-01,2022-04-29,NFLX,0.006263576680499648,-0.49181773447775945
2022-04-01,2022-04-29,TMUS,0.0029169548885602213,-0.04059207020067723
2022-04-01,2022-04-29,CHTR,0.0020258567717241316,-0.21452930251292268
2022-04-01,2022-04-29,BRKB,0.0258674427477972,-0.08523424322832063
2022-04-01,2022-04-29,JPM,0.016558670825019883,-0.11792302921020925
2022-04-01,2022-04-29,BAC,0.011275755451572306,-0.13440070066271492
2022-04-01,2022-04-29,WFC,0.007425038943982128,-0.09966968308653956
2022-04-01,2022-04-29,SCHW,0.00486667416923536,-0.2132605918569247
2022-04-01,2022-04-29,MS,0.005137694693005213,-0.0699989729007442
2022-04-01,2022-04-29,AXP,0.004582707254050783,-0.06306962642599401
2022-04-01,2022-04-29,GS,0.004737356096846934,-0.07455323435241878
2022-04-01,2022-04-29,BLK,0.004086296426614258,-0.1825379168314415
2022-04-01,2022-04-29,C,0.004126045095605933,-0.0878912942129223
2022-04-01,2022-04-29,USB,0.0026512905845998405,-0.08635931423803078
2022-04-01,2022-04-29,COF,0.002117950281918683,-0.05080353255990733
2022-04-01,2022-04-29,AIG,0.0020208803938483798,-0.06786678813650526
2022-04-01,2022-04-29,MET,0.0019129499098034435,-0.06545225737004212
2022-04-01,2022-04-29,BK,0.0015282495750882706,-0.14581542956095817
2022-04-01,2022-04-29,UNH,0.018631387657958916,-0.002784452586701347
2022-04-01,2022-04-29,JNJ,0.01947568931013492,0.018224861231737277
2022-04-01,2022-04-29,PFE,0.010780488415112978,-0.05215360731685492
2022-04-01,2022-04-29,ABBV,0.012383656861939409,-0.08624783016540316
2022-04-01,2022-04-29,TMO,0.008876795459949419,-0.06387874826726958
2022-04-01,2022-04-29,LLY,0.010312358781858705,0.020113513846907516
2022-04-01,2022-04-29,ABT,0.007739176288191998,-0.03723908966570555
2022-04-01,2022-04-29,MRK,0.008369516789220087,0.08092631659994654
2022-04-01,2022-04-29,DHR,0.007003921222965578,-0.1438651658242983
2022-04-01,2022-04-29,BMY,0.005981066204730795,0.030672236098088
2022-04-01,2022-04-29,MDT,0.005480628555805346,-0.059396002915768076
2022-04-01,2022-04-29,AMGN,0.005439327985185961,-0.03568785820242848
2022-04-01,2022-04-29,CVS,0.00528563976264693,-0.04526855680512021
2022-04-01,2022-04-29,GILD,0.0030391653048424767,-0.0018503796490434432
2022-04-01,2022-04-29,PG,0.013756104280105,0.05661487061310755
2022-04-01,2022-04-29,COST,0.01082558627730257,-0.07513243138875769
2022-04-01,2022-04-29,KO,0.009843398342939126,0.04209686049204864
2022-04-01,2022-04-29,PEP,0.008537754972732053,0.025869692192710847
2022-04-01,2022-04-29,WMT,0.008993204306089925,0.027330012114895386
2022-04-01,2022-04-29,PM,0.006123799078536163,0.06450926481319863
2022-04-01,2022-04-29,MO,0.003913029216585691,0.0635408250857128
2022-04-01,2022-04-29,MDLZ,0.0032257013203602493,0.027078644852109424
2022-04-01,2022-04-29,CL,0.0023879683565872106,0.022047673451851768
2022-04-01,2022-04-29,KHC,0.000964215111299929,0.08225419628282293
2022-04-01,2022-04-29,XOM,0.014297719133255737,0.03220763884649269
2022-04-01,2022-04-29,CVX,0.012168515566552355,-0.03783092116529474
2022-04-01,2022-04-29,COP,0.005092922014415475,-0.04480045064125615
2022-04-01,2022-04-29,UNP,0.006694513063156592,-0.1424545286361345
2022-04-01,2022-04-29,UPS,0.005711367998529652,-0.16077601154967525
2022-04-01,2022-04-29,RTX,0.006164024786771578,-0.041990549300271574
2022-04-01,2022-04-29,HON,0.005187804865337548,-0.00549889576914675
2022-04-01,2022-04-29,CAT,0.005350675903049642,-0.05058034253605492
2022-04-01,2022-04-29,LMT,0.004041188421199482,-0.021024105814379634
2022-04-01,2022-04-29,BA,0.003834212065386942,-0.2227676431441743
2022-04-01,2022-04-29,GE,0.0045148541342833245,-0.18524601569694243
2022-04-01,2022-04-29,MMM,0.0031976337521751846,-0.0313002887432281
2022-04-01,2022-04-29,EMR,0.0023416343832560918,-0.08026546421293046
2022-04-01,2022-04-29,FDX,0.002276117772329263,-0.14110367729237028
2022-04-01,2022-04-29,GD,0.0023661711112371517,-0.014120692644177146
2022-04-01,2022-04-29,NEE,0.0063617090037847565,-0.16161016200164835
2022-04-01,2022-04-29,DUK,0.0034838924036793444,-0.01343378502884085
2022-04-01,2022-04-29,SO,0.0031863112972548677,0.012136211080140402
2022-04-01,2022-04-29,EXC,0.0019049765423513885,-0.017845992445321035
2022-04-01,2022-04-29,LIN,0.006807983597523129,-0.02338548505061988
2022-04-01,2022-04-29,DOW,0.0016928675976328072,0.04362840776811239
2022-04-01,2022-04-29,DD,0.0013817424319157168,-0.10396834900255703
2022-04-01,2022-04-29,AMT,0.004277336737255473,-0.03547364197337666
2022-04-01,2022-04-29,SPG,0.0019941991903370173,-0.103070562394457
2022-04-01,2022-04-29,CASHUSD,0.002400049694954307,-0.00010978840654174427
2022-04-30,2022-05-31,AAPL,0.11224601372800318,-0.054496082540973934
2022-04-30,2022-05-31,MSFT,0.08949231737098029,-0.018077407324878614
2022-04-30,2022-05-31,NVDA,0.023081148106454962,0.006739660313528573
2022-04-30,2022-05-31,V,0.01515997157711652,-0.002602836180133017
2022-04-30,2022-05-31,MA,0.01329425031726086,-0.0151630779881059
2022-04-30,2022-05-31,AVGO,0.011439447261336458,0.046429473574765234
2022-04-30,2022-05-31,CSCO,0.009394659080287004,-0.08023675886937764
2022-04-30,2022-05-31,ACN,0.007067511049332309,-0.006325883513946695
2022-04-30,2022-05-31,ADBE,0.006791988803288474,0.05184997637672084
2022-04-30,2022-05-31,INTC,0.007544007206830418,0.027096318419831178
2022-04-30,2022-05-31,CRM,0.006734293778006369,-0.08923503537708277
2022-04-30,2022-05-31,QCOM,0.0068306942850326355,0.025270619740519695
2022-04-30,2022-05-31,TXN,0.007007380727477006,0.04529746048533112
2022-04-30,2022-05-31,IBM,0.005279764123965361,0.06288632762625657
2022-04-30,2022-05-31,ORCL,0.005118579557224663,-0.02016355754929089
2022-04-30,2022-05-31,PYPL,0.0035009633104992623,-0.03093371771292397
2022-04-30,2022-05-31,AMZN,0.04740710262189247,-0.03276431760316645
2022-04-30,2022-05-31,TSLA,0.03382652993037547,-0.12919748573786138
2022-04-30,2022-05-31,HD,0.013621452210757109,0.007822887009730994
2022-04-30,2022-05-31,MCD,0.008401574917504788,0.012241178679667897
2022-04-30,2022-05-31,NKE,0.005993022193498163,-0.046912656931690444
2022-04-30,2022-05-31,LOW,0.0059112933976606585,-0.012289470103676647
2022-04-30,2022-05-31,TGT,0.004635731048992356,-0.28910012875741153
2022-04-30,2022-05-31,BKNG,0.004177346733243935,0.01504325196012779
2022-04-30,2022-05-31,SBUX,0.003721284550792102,0.059122467555579705
2022-04-30,2022-05-31,F,0.0025418735586355133,-0.03389833537098119
2022-04-30,2022-05-31,GM,0.0025573125395403234,0.020311273578204503
2022-04-30,2022-05-31,GOOGL,0.032447279708749055,-0.0030453076784694444
2022-04-30,2022-05-31,GOOG,0.030205920184682957,-0.0080675136263898
2022-04-30,2022-05-31,DIS,0.00798400710297568,-0.01066014388738834
2022-04-30,2022-05-31,VZ,0.007808566155542973,0.10777534911804909
2022-04-30,2022-05-31,CMCSA,0.006736089981556929,0.11368196708833334
2022-04-30,2022-05-31,T,0.005589528392104147,0.12884410716472527
2022-04-30,2022-05-31,NFLX,0.0035354575382654935,0.037192698529690205
2022-04-30,2022-05-31,TMUS,0.003112011869522828,0.08242629116157385
2022-04-30,2022-05-31,CHTR,0.0017703599312395835,0.18306145821166386
2022-04-30,2022-05-31,BRKB,0.026279952811135418,-0.021218523281151702
2022-04-30,2022-05-31,JPM,0.016102240654939197,0.10782486832348348
2022-04-30,2022-05-31,BAC,0.01083993017022277,0.04260074923062951
2022-04-30,2022-05-31,WFC,0.007424373506879874,0.05478352608805648
2022-04-30,2022-05-31,MS,0.005261453632055114,0.06886725345958333
2022-04-30,2022-05-31,AXP,0.0047557937366212175,-0.03371305338136599
2022-04-30,2022-05-31,GS,0.0048595980207316505,0.07647280639881826
2022-04-30,2022-05-31,SCHW,0.004252361750341219,0.06009293149293482
2022-04-30,2022-05-31,C,0.004138887379877298,0.10786132314594954
2022-04-30,2022-05-31,BLK,0.0037129007168511586,0.07107666133599211
2022-04-30,2022-05-31,USB,0.0026847362722213055,0.09287475571608517
2022-04-30,2022-05-31,COF,0.0022382400109423215,0.03142048386451646
2022-04-30,2022-05-31,AIG,0.002087895610401957,0.0029053509968295366
2022-04-30,2022-05-31,MET,0.001991565353774221,0.033687995792935466
2022-04-30,2022-05-31,BK,0.0014355279979452757,0.10817879490364635
2022-04-30,2022-05-31,UNH,0.02062475954708735,-0.02314412540019295
2022-04-30,2022-05-31,JNJ,0.02201259765229251,0.001239379746642122
2022-04-30,2022-05-31,PFE,0.011342537240849365,0.08971949528346235
2022-04-30,2022-05-31,ABBV,0.012454671290381048,0.0033361254044281807
2022-04-30,2022-05-31,LLY,0.01167790802533437,0.07656294002071085
2022-04-30,2022-05-31,MRK,0.010042148022551413,0.03765921313192977
2022-04-30,2022-05-31,TMO,0.009224398715570742,0.026495767100249923
2022-04-30,2022-05-31,ABT,0.008237881160763315,0.034889903789683485
2022-04-30,2022-05-31,BMY,0.006842742015217932,0.002391509050255314
2022-04-30,2022-05-31,DHR,0.006656427983350308,0.05053171830513925
2022-04-30,2022-05-31,MDT,0.00572237931850332,-0.040341121066009955
2022-04-30,2022-05-31,AMGN,0.005820310637540418,0.10983662753935253
2022-04-30,2022-05-31,CVS,0.005572773622505142,0.00644957166669613
2022-04-30,2022-05-31,GILD,0.003371166745285477,0.09285476047526164
2022-04-30,2022-05-31,PG,0.016076994009353626,-0.07891616032476179
2022-04-30,2022-05-31,KO,0.011409727032871728,-0.019037365862672906
2022-04-30,2022-05-31,PEP,0.009742283247338338,-0.02306234065263657
2022-04-30,2022-05-31,COST,0.01111867708217068,-0.12318509545439693
2022-04-30,2022-05-31,WMT,0.01027662601421628,-0.15616978889805444
2022-04-30,2022-05-31,PM,0.007250986575765326,0.06250006892954074
2022-04-30,2022-05-31,MO,0.004631343253935992,-0.02663326686484402
2022-04-30,2022-05-31,MDLZ,0.0036879745996357223,-0.014268116983462975
2022-04-30,2022-05-31,CL,0.0027032048904618924,0.02284208815349098
2022-04-30,2022-05-31,KHC,0.0011583610339903968,-0.10360602049449319
2022-04-30,2022-05-31,XOM,0.01638355650584543,0.13763456426047682
2022-04-30,2022-05-31,CVX,0.012997522510677241,0.12399839424513703
2022-04-30,2022-05-31,COP,0.0054005070018926194,0.18157967624577243
2022-04-30,2022-05-31,LIN,0.007388834799859392,0.040774375292902176
2022-04-30,2022-05-31,DOW,0.0019593328326514142,0.032913446742199426
2022-04-30,2022-05-31,DD,0.001373052742896413,0.034187609358887094
2022-04-30,2022-05-31,UNP,0.006371906410841156,-0.0563884562691912
2022-04-30,2022-05-31,RTX,0.006554340033390503,0.008200141265272354
2022-04-30,2022-05-31,HON,0.005726662446100009,0.005701213255089765
2022-04-30,2022-05-31,UPS,0.0053198679642761405,0.02130234574871026
2022-04-30,2022-05-31,CAT,0.005617446056660678,0.02522096131177487
2022-04-30,2022-05-31,LMT,0.004391881598068545,0.024859409493396933
2022-04-30,2022-05-31,MMM,0.0034409707934376674,0.045615778765202064
2022-04-30,2022-05-31,GE,0.004084715063250598,0.05016786758845293
2022-04-30,2022-05-31,BA,0.003309382806439467,-0.11717282229579373
2022-04-30,2022-05-31,GD,0.0025706400669651083,-0.04912692126106144
2022-04-30,2022-05-31,EMR,0.0023961843450331956,-0.010726319059728429
2022-04-30,2022-05-31,FDX,0.0021654782328120936,0.13001891981566205
2022-04-30,2022-05-31,NEE,0.005909351697888351,0.07182665821076539
2022-04-30,2022-05-31,DUK,0.0038004376467041666,0.03066004048643145
2022-04-30,2022-05-31,SO,0.0035767251495901105,0.04048163282922501
2022-04-30,2022-05-31,EXC,0.0020688242854889688,0.058173242773473355
2022-04-30,2022-05-31,AMT,0.004563974941862168,0.06269191711995137
2022-04-30,2022-05-31,SPG,0.0019891648667302382,-0.028390097031416706
2022-04-30,2022-05-31,CASHUSD,0.002948167008097369,0.00032831522843523864
2022-06-01,2022-06-30,AAPL,0.10621057789080501,-0.08142958775816289
2022-06-01,2022-06-30,MSFT,0.0878665890650751,-0.05532038834726183
2022-06-01,2022-06-30,NVDA,0.023288795082130827,-0.18797106453258805
2022-06-01,2022-06-30,V,0.015125462692622094,-0.0720178292485022
2022-06-01,2022-06-30,MA,0.013122062189786178,-0.11845068106130496
2022-06-01,2022-06-30,AVGO,0.011997245202257823,-0.15564170034211167
2022-06-01,2022-06-30,ADBE,0.00715955819449124,-0.12106226492917938
2022-06-01,2022-06-30,CSCO,0.008660251447403847,-0.05349627037406823
2022-06-01,2022-06-30,ACN,0.007038415196964001,-0.06972451924641287
2022-06-01,2022-06-30,INTC,0.007704859869461737,-0.15781175465750164
2022-06-01,2022-06-30,TXN,0.007291676215983339,-0.1307424256348244
2022-06-01,2022-06-30,QCOM,0.007018987306761769,-0.10339028163254738
2022-06-01,2022-06-30,CRM,0.006147105598106923,0.02995506009601767
2022-06-01,2022-06-30,IBM,0.005556942233911186,0.016925956529882935
2022-06-01,2022-06-30,ORCL,0.005026614215362895,-0.02850392290038184
2022-06-01,2022-06-30,PYPL,0.0034002425913111623,-0.18037795488925512
2022-06-01,2022-06-30,AMZN,0.04597480788047494,-0.11645921262241288
2022-06-01,2022-06-30,TSLA,0.029534113150046167,-0.11188774122303669
2022-06-01,2022-06-30,HD,0.01376439425980751,-0.0883493774561045
2022-06-01,2022-06-30,MCD,0.008526952779998646,-0.01570824474919985
2022-06-01,2022-06-30,NKE,0.005726991176605802,-0.13796193974080018
2022-06-01,2022-06-30,LOW,0.005854026869437721,-0.10563250677744918
2022-06-01,2022-06-30,BKNG,0.004251048192781016,-0.22043986967236118
2022-06-01,2022-06-30,SBUX,0.0039240719101836475,-0.026879178867991738
2022-06-01,2022-06-30,TGT,0.003290719742375282,-0.1275636368271449
2022-06-01,2022-06-30,GM,0.0026160947158638073,-0.17890379175670068
2022-06-01,2022-06-30,F,0.002462171209857272,-0.18640356555745774
2022-06-01,2022-06-30,GOOGL,0.03253519733546836,-0.042184496354387035
2022-06-01,2022-06-30,GOOG,0.030134757807256694,-0.04092028406352133
2022-06-01,2022-06-30,VZ,0.008700079302104535,-0.010528435767376831
2022-06-01,2022-06-30,DIS,0.00794447797751699,-0.14523724622933798
2022-06-01,2022-06-30,CMCSA,0.007545111800035596,-0.11382094073645299
2022-06-01,2022-06-30,T,0.0063461421026865346,-0.015500170553992887
2022-06-01,2022-06-30,NFLX,0.003688066077490876,-0.11431321053423726
2022-06-01,2022-06-30,TMUS,0.0033879134289094837,0.009377856584323663
2022-06-01,2022-06-30,CHTR,0.0021066066891260566,-0.07575009261889143
2022-06-01,2022-06-30,BRKB,0.02576882760141701,-0.1359580368345359
2022-06-01,2022-06-30,JPM,0.01787073554970886,-0.14837765470288378
2022-06-01,2022-06-30,BAC,0.011322188636667624,-0.1583521211912191
2022-06-01,2022-06-30,WFC,0.007802671213322705,-0.14419922738346225
2022-06-01,2022-06-30,MS,0.005634024449815213,-0.11701909430982516
2022-06-01,2022-06-30,GS,0.0052087242479292445,-0.09126536954166131
2022-06-01,2022-06-30,C,0.004593613387839692,-0.13892520161335054
2022-06-01,2022-06-30,SCHW,0.004502126416777085,-0.09871614151464903
2022-06-01,2022-06-30,AXP,0.0046037971777734615,-0.17581610369091627
2022-06-01,2022-06-30,BLK,0.003983986170710162,-0.08321842522840961
2022-06-01,2022-06-30,USB,0.0029393879474406606,-0.12425212824516274
2022-06-01,2022-06-30,COF,0.0023006496519489277,-0.18512443555656177
2022-06-01,2022-06-30,AIG,0.002097803398494472,-0.12327077237050266
2022-06-01,2022-06-30,MET,0.0020471210960248732,-0.06825960248834406
2022-06-01,2022-06-30,BK,0.0015937282883801537,-0.10512781937951055
2022-06-01,2022-06-30,JNJ,0.02193866109181066,-0.011251546114636746
2022-06-01,2022-06-30,UNH,0.0201838412945239,0.037605478306800055
2022-06-01,2022-06-30,PFE,0.012282280693535808,-0.011500858947092185
2022-06-01,2022-06-30,ABBV,0.012518765286613902,0.039288861592647883
2022-06-01,2022-06-30,LLY,0.012552396333406282,0.03442430959645382
2022-06-01,2022-06-30,MRK,0.010439069154954758,-0.0012373139255523746
2022-06-01,2022-06-30,TMO,0.009485880511750361,-0.042235315461374046
2022-06-01,2022-06-30,ABT,0.008540712233661901,-0.07500432558597814
2022-06-01,2022-06-30,DHR,0.007005504754981359,-0.03806405157430959
2022-06-01,2022-06-30,BMY,0.006871455687507172,0.027632162014232353
2022-06-01,2022-06-30,AMGN,0.006419665291884984,-0.05234868688405869
2022-06-01,2022-06-30,MDT,0.005501368443078355,-0.09696403313800772
2022-06-01,2022-06-30,CVS,0.0056188971794535825,-0.04227396862802346
2022-06-01,2022-06-30,GILD,0.0036908306792941842,-0.034967235126780793
2022-06-01,2022-06-30,XOM,0.018486773489510732,-0.10791669007129367
2022-06-01,2022-06-30,CVX,0.014519195554283684,-0.17107532855350205
2022-06-01,2022-06-30,COP,0.006365462958793651,-0.19449184408218345
2022-06-01,2022-06-30,PG,0.014853042429420413,-0.027657666857002328
2022-06-01,2022-06-30,KO,0.011226333872093187,-0.00024410365873117623
2022-06-01,2022-06-30,PEP,0.009546301674465166,0.0004124497362787416
2022-06-01,2022-06-30,COST,0.009778501164026333,0.02801245009983977
2022-06-01,2022-06-30,WMT,0.008666385194246805,-0.05480837631157742
2022-06-01,2022-06-30,PM,0.007727483464055147,-0.05902167503595579
2022-06-01,2022-06-30,MO,0.004521657720727241,-0.21274455064895126
2022-06-01,2022-06-30,MDLZ,0.0036463739343054117,-0.01755644967731973
2022-06-01,2022-06-30,CL,0.002773309585265514,0.016876321734998756
2022-06-01,2022-06-30,KHC,0.0010310508687208007,0.008194594281548007
2022-06-01,2022-06-30,LIN,0.007701798411769083,-0.11116650511188775
2022-06-01,2022-06-30,DOW,0.002005986736625641,-0.24080604093943614
2022-06-01,2022-06-30,DD,0.0014151965945689473,-0.18083997581087707
2022-06-01,2022-06-30,NEE,0.006313694265472922,0.023384726450591975
2022-06-01,2022-06-30,DUK,0.0038915874372840715,-0.0471915881755699
2022-06-01,2022-06-30,SO,0.003696585601242444,-0.05749420461847776
2022-06-01,2022-06-30,EXC,0.0021790378031997866,-0.0779246811962716
2022-06-01,2022-06-30,RTX,0.006573785835121341,0.010407952041702195
2022-06-01,2022-06-30,UNP,0.005981706793463395,-0.029574962724379095
2022-06-01,2022-06-30,UPS,0.005390930966207165,0.001591052314434016
2022-06-01,2022-06-30,HON,0.005734246839911571,-0.10231378715976147
2022-06-01,2022-06-30,CAT,0.005763334914151797,-0.17183252615713662
2022-06-01,2022-06-30,LMT,0.004476518191268763,-0.023062605352385024
2022-06-01,2022-06-30,GE,0.004292847404675721,-0.18577079672245278
2022-06-01,2022-06-30,MMM,0.0035646067862772925,-0.13316363291739597
2022-06-01,2022-06-30,BA,0.0029238465428203467,0.04048712002536159
2022-06-01,2022-06-30,FDX,0.0024488281254074246,0.014598966228934085
2022-06-01,2022-06-30,EMR,0.0023575017602418735,-0.10286486470885126
2022-06-01,2022-06-30,GD,0.002446136260329181,-0.010587873582261764
2022-06-01,2022-06-30,AMT,0.0048779796705848665,0.0038381745728190975
2022-06-01,2022-06-30,SPG,0.0019437985523359327,-0.15936094412595103
2022-06-01,2022-06-30,CASHUSD,0.004630329325956885,0.0007762476893453663
2022-07-01,2022-07-29,AAPL,0.10365746742444562,0.1886334059560164
2022-07-01,2022-07-29,MSFT,0.0887118160596822,0.09309670699197503
2022-07-01,2022-07-29,NVDA,0.0202876532007501,0.19816581003127998
2022-07-01,2022-07-29,V,0.014921537726444382,0.07730202338735714
2022-07-01,2022-07-29,MA,0.012326027438705818,0.12315286993378649
2022-07-01,2022-07-29,AVGO,0.010643791380949954,0.10224157990033333
2022-07-01,2022-07-29,CSCO,0.008649195283049523,0.07360122566168847
2022-07-01,2022-07-29,ACN,0.0070302174978534035,0.10696695038580506
2022-07-01,2022-07-29,ADBE,0.006753743294957306,0.12036277619092006
2022-07-01,2022-07-29,CRM,0.006841433394547946,0.11500246423102833
2022-07-01,2022-07-29,INTC,0.006980579015011729,-0.02940388417937656
2022-07-01,2022-07-29,QCOM,0.0066650213782140835,0.1355878986629886
2022-07-01,2022-07-29,TXN,0.006779906154154463,0.17193805243048477
2022-07-01,2022-07-29,IBM,0.006079024804271473,-0.07365948841105063
2022-07-01,2022-07-29,ORCL,0.005227071412846975,0.11905181817888777
2022-07-01,2022-07-29,PYPL,0.0029646716510101606,0.2389748409724235
2022-07-01,2022-07-29,AMZN,0.04344327671762741,0.27059597129750057
2022-07-01,2022-07-29,TSLA,0.028125991010851368,0.32376526434081954
2022-07-01,2022-07-29,HD,0.013199678830188992,0.09723975518674788
2022-07-01,2022-07-29,MCD,0.008836127193494676,0.0667936006397516
2022-07-01,2022-07-29,NKE,0.005236087452864684,0.124462018454641
2022-07-01,2022-07-29,LOW,0.005495668793468003,0.10275711654104369
2022-07-01,2022-07-29,SBUX,0.004079022545645377,0.10983112235757142
2022-07-01,2022-07-29,BKNG,0.003503484790391316,0.10674727985075427
2022-07-01,2022-07-29,TGT,0.0029635971861811106,0.15683629108729047
2022-07-01,2022-07-29,GM,0.0023105806726054275,0.14168782256730283
2022-07-01,2022-07-29,F,0.0021493403760883215,0.31985629728629617
2022-07-01,2022-07-29,GOOGL,0.03335216654113411,0.06751831017772725
2022-07-01,2022-07-29,GOOG,0.030709074567661355,0.06644732939288134
2022-07-01,2022-07-29,META,0.01726231042141753,-0.013333444065917188
2022-07-01,2022-07-29,VZ,0.009216785731612656,-0.07840147746608928
2022-07-01,2022-07-29,CMCSA,0.00707191227890363,-0.03738216734485533
2022-07-01,2022-07-29,DIS,0.007270969839023678,0.12394065807399568
2022-07-01,2022-07-29,T,0.006703881399816278,-0.09207375424521314
2022-07-01,2022-07-29,TMUS,0.003668530081981913,0.06332705791827786
2022-07-01,2022-07-29,NFLX,0.0034982483378082595,0.28609826723256315
2022-07-01,2022-07-29,CHTR,0.0020238201442971723,-0.07775381036581552
2022-07-01,2022-07-29,BRKB,0.02352985765454678,0.10101830708249948
2022-07-01,2022-07-29,JPM,0.01618048844177014,0.03348218385569712
2022-07-01,2022-07-29,BAC,0.010109317472370616,0.08609063185853305
2022-07-01,2022-07-29,WFC,0.00696789256756845,0.11998966108555154
2022-07-01,2022-07-29,MS,0.005253429278950048,0.11884509884217054
2022-07-01,2022-07-29,GS,0.005128835869762005,0.12245027608703096
2022-07-01,2022-07-29,SCHW,0.004354542284361398,0.09290881657975159
2022-07-01,2022-07-29,C,0.004136441973143471,0.13963395749753404
2022-07-01,2022-07-29,BLK,0.0038746133566961946,0.09874566007092866
2022-07-01,2022-07-29,AXP,0.004009911364741986,0.11109530027148384
2022-07-01,2022-07-29,USB,0.002735519726502611,0.02564096482323075
2022-07-01,2022-07-29,MET,0.0020093830608647442,0.007325956771272679
2022-07-01,2022-07-29,COF,0.0019035628991834655,0.05413192478723805
2022-07-01,2022-07-29,AIG,0.001867869716528069,0.01251719025229292
2022-07-01,2022-07-29,BK,0.0015318019388835464,0.05089933158948767
2022-07-01,2022-07-29,UNH,0.02220818513487722,0.05589635681680827
2022-07-01,2022-07-29,JNJ,0.023165089349968828,-0.016844207767996777
2022-07-01,2022-07-29,PFE,0.01296709000665455,-0.029144856021329213
2022-07-01,2022-07-29,ABBV,0.013894733712292613,-0.05424175571408918
2022-07-01,2022-07-29,LLY,0.013779016823734343,0.01683984116511339
2022-07-01,2022-07-29,MRK,0.011061643656403556,-0.02007230099312607
2022-07-01,2022-07-29,TMO,0.009637098913726118,0.10147628621046678
2022-07-01,2022-07-29,ABT,0.008357855489575964,0.0062014759427651
2022-07-01,2022-07-29,DHR,0.007313747210724512,0.14969235429154226
2022-07-01,2022-07-29,BMY,0.007318339871784171,-0.04181804470070127
2022-07-01,2022-07-29,AMGN,0.006160687770565564,0.017139371725010566
2022-07-01,2022-07-29,CVS,0.005744241203953976,0.03859587335403569
2022-07-01,2022-07-29,MDT,0.005255550653744044,0.03086372585176078
2022-07-01,2022-07-29,GILD,0.003753963359451876,-0.03332814386425986
2022-07-01,2022-07-29,XOM,0.01754031068310053,0.13183096771932323
2022-07-01,2022-07-29,CVX,0.013113717177247996,0.13123380666039042
2022-07-01,2022-07-29,COP,0.005402304526768916,0.08484575003841943
2022-07-01,2022-07-29,PG,0.015478217267854978,-0.02766686736108348
2022-07-01,2022-07-29,KO,0.011974408386926096,0.0200284140815139
2022-07-01,2022-07-29,PEP,0.010149594051595165,0.049802217457126874
2022-07-01,2022-07-29,COST,0.010758171176710764,0.1313521583017203
2022-07-01,2022-07-29,WMT,0.008704102123321079,0.08611585090543383
2022-07-01,2022-07-29,PM,0.007690677330306132,-0.016102940270735
2022-07-01,2022-07-29,MDLZ,0.003808622028779827,0.031406131530472337
2022-07-01,2022-07-29,MO,0.003711079926368978,0.05003592000002488
2022-07-01,2022-07-29,CL,0.0029974615175233353,-0.011477013115223866
2022-07-01,2022-07-29,KHC,0.0011173269046311446,-0.03434712104505355
2022-07-01,2022-07-29,NEE,0.006930570250455689,0.09075662149352004
2022-07-01,2022-07-29,DUK,0.00398000457051063,0.025370740410318282
2022-07-01,2022-07-29,SO,0.0037385188164978755,0.07824977751739137
2022-07-01,2022-07-29,EXC,0.0021586042543267577,0.0258163145745105
2022-07-01,2022-07-29,LIN,0.007140138803179128,0.050325086435576205
2022-07-01,2022-07-29,DOW,0.0016060700609954583,0.03100166019180728
2022-07-01,2022-07-29,DD,0.0012224007992429032,0.10780660586151236
2022-07-01,2022-07-29,RTX,0.007107357368443453,-0.030173713511007616
2022-07-01,2022-07-29,UPS,0.005837380901156053,0.06765635714694795
2022-07-01,2022-07-29,UNP,0.006143612627583124,0.06573519705734387
2022-07-01,2022-07-29,HON,0.00548361418422105,0.10730125845865635
2022-07-01,2022-07-29,LMT,0.0045856364928535355,-0.03756141702735827
2022-07-01,2022-07-29,CAT,0.00505134278341432,0.116753443601882
2022-07-01,2022-07-29,BA,0.003311868300306459,0.16522817536714518
2022-07-01,2022-07-29,MMM,0.003309207929835324,0.1068695397310031
2022-07-01,2022-07-29,GE,0.0037570627729658725,0.160829443272142
2022-07-01,2022-07-29,FDX,0.002598584552981739,0.02814166640460014
2022-07-01,2022-07-29,GD,0.002583334565449104,0.024497130303786196
2022-07-01,2022-07-29,EMR,0.002270768626661003,0.13238628361946736
2022-07-01,2022-07-29,AMT,0.005362697669959297,0.05962642425947595
2022-07-01,2022-07-29,SPG,0.00173982907691043,0.14454255673609273
2022-07-01,2022-07-29,CASHUSD,0.0027849786976264497,0.00036129066874868165
2022-07-30,2022-08-31,AAPL,0.11248934943021646,-0.031207872064112352
2022-07-30,2022-08-31,MSFT,0.08853217798723159,-0.06666313133123247
2022-07-30,2022-08-31,NVDA,0.022193011073337873,-0.16896969201719791
2022-07-30,2022-08-31,V,0.014676316531547851,-0.061515288911889066
2022-07-30,2022-08-31,MA,0.012620148987036296,-0.08315667766370449
2022-07-30,2022-08-31,AVGO,0.01071036117535767,-0.06792045286739934
2022-07-30,2022-08-31,ACN,0.007079742491835008,-0.05812061861073814
2022-07-30,2022-08-31,ADBE,0.006908624183173688,-0.08943722108769736
2022-07-30,2022-08-31,CSCO,0.008402060748606633,-0.014326725104340965
2022-07-30,2022-08-31,CRM,0.006964439185517362,-0.15161402431411986
2022-07-30,2022-08-31,TXN,0.007206821790904089,-0.07647144052095867
2022-07-30,2022-08-31,QCOM,0.00691039045895251,-0.08305363932192
2022-07-30,2022-08-31,INTC,0.006185782975102413,-0.11202858033562713
2022-07-30,2022-08-31,ORCL,0.005316618346823451,-0.04740472967134257
2022-07-30,2022-08-31,IBM,0.005141428889513698,-0.005517499049056518
2022-07-30,2022-08-31,PYPL,0.0033536084943010798,0.07985678761617354
2022-07-30,2022-08-31,AMZN,0.050393519443221055,-0.06061504624052039
2022-07-30,2022-08-31,TSLA,0.03399069990863542,-0.07248867234513756
2022-07-30,2022-08-31,HD,0.01322215145332277,-0.03534945422242919
2022-07-30,2022-08-31,MCD,0.008605352111159306,-0.03686473357352693
2022-07-30,2022-08-31,NKE,0.00537517693507695,-0.07370382058180047
2022-07-30,2022-08-31,LOW,0.005501239016055161,0.013627261007960412
2022-07-30,2022-08-31,SBUX,0.004132731481866893,-0.0027245861045117614
2022-07-30,2022-08-31,BKNG,0.003542577848361767,-0.030934653961118608
2022-07-30,2022-08-31,TGT,0.003129662835904037,-0.012455858431887679
2022-07-30,2022-08-31,F,0.002589831639657761,0.047787307443252436
2022-07-30,2022-08-31,GM,0.0024083142358517226,0.05618402371361908
2022-07-30,2022-08-31,GOOGL,0.03245563015368599,-0.06963556553830486
2022-07-30,2022-08-31,GOOG,0.02985328989479721,-0.06421478591519092
2022-07-30,2022-08-31,META,0.01552597682845822,0.024072729798758852
2022-07-30,2022-08-31,VZ,0.007646813605681148,-0.09482568959231785
2022-07-30,2022-08-31,DIS,0.007449311247584625,0.05636200135160818
2022-07-30,2022-08-31,CMCSA,0.006163899006487729,-0.035447542035780266
2022-07-30,2022-08-31,T,0.005475453693915978,-0.06602756337815285
2022-07-30,2022-08-31,NFLX,0.004101198559384645,-0.005958153499925456
2022-07-30,2022-08-31,TMUS,0.0035557886321436936,0.006291344563402523
2022-07-30,2022-08-31,CHTR,0.0017011996153410026,-0.04505901630568088
2022-07-30,2022-08-31,BRKB,0.023683781167509764,-0.06586832304896384
2022-07-30,2022-08-31,JPM,0.015153406223335754,-0.014129628957963103
2022-07-30,2022-08-31,BAC,0.010037667321929065,-0.005915429207649536
2022-07-30,2022-08-31,WFC,0.007134402975167997,0.0032100392636722486
2022-07-30,2022-08-31,MS,0.0053228285204729294,0.010913498255324727
2022-07-30,2022-08-31,GS,0.005262885300742545,0.005373661991617373
2022-07-30,2022-08-31,SCHW,0.004350875614715566,0.03075878026010348
2022-07-30,2022-08-31,C,0.004267568152442963,-0.059537330599623406
2022-07-30,2022-08-31,BLK,0.0038919020954469056,-0.004169032387196014
2022-07-30,2022-08-31,AXP,0.004073283688926387,-0.01311509743669792
2022-07-30,2022-08-31,USB,0.0025648605698068024,-0.033686441167923076
2022-07-30,2022-08-31,MET,0.001850517829024534,0.025172749350596657
2022-07-30,2022-08-31,COF,0.0018343766815732548,-0.031072070455258616
2022-07-30,2022-08-31,AIG,0.0017290343067122088,-0.0003864726507289973
2022-07-30,2022-08-31,BK,0.001459189020069589,-0.044408745572381836
2022-07-30,2022-08-31,UNH,0.02145987328332494,-0.04242714739964604
2022-07-30,2022-08-31,JNJ,0.020843362800189776,-0.06930981423672555
2022-07-30,2022-08-31,PFE,0.011432599372222612,-0.10453379981757671
2022-07-30,2022-08-31,LLY,0.012822061172776723,-0.08334073318212121
2022-07-30,2022-08-31,ABBV,0.011914884121560273,-0.06306164259250924
2022-07-30,2022-08-31,TMO,0.009715363916174847,-0.08871835155579044
2022-07-30,2022-08-31,MRK,0.009920235391516702,-0.04454867338998281
2022-07-30,2022-08-31,ABT,0.00766239251402663,-0.0568726058341007
2022-07-30,2022-08-31,DHR,0.007695480210268318,-0.07396966886581713
2022-07-30,2022-08-31,BMY,0.0064174907432383325,-0.08633768231313244
2022-07-30,2022-08-31,AMGN,0.005734952271032908,-0.021474325119584692
2022-07-30,2022-08-31,CVS,0.005428472415625672,0.025815270476430507
2022-07-30,2022-08-31,MDT,0.004958218478627783,-0.04971919957356641
2022-07-30,2022-08-31,GILD,0.0033210758686685153,0.06225952572017879
2022-07-30,2022-08-31,XOM,0.0181462438754189,-0.0042425378854609175
2022-07-30,2022-08-31,CVX,0.013559670889430222,-0.026155973020068446
2022-07-30,2022-08-31,COP,0.00535681680087938,0.1284224902039266
2022-07-30,2022-08-31,PG,0.01364469923088557,-0.006982696367675678
2022-07-30,2022-08-31,KO,0.011145634644491689,-0.03833550274796238
2022-07-30,2022-08-31,PEP,0.009723001148595837,-0.015375202986392389
2022-07-30,2022-08-31,COST,0.011087810009420232,-0.03547057396799247
2022-07-30,2022-08-31,WMT,0.008626511333101595,0.008158427141718994
2022-07-30,2022-08-31,PM,0.006904775672938066,-0.017086926802907354
2022-07-30,2022-08-31,MDLZ,0.0035845216149875325,-0.0340413996331137
2022-07-30,2022-08-31,MO,0.0035557811661325865,0.028727762042827232
2022-07-30,2022-08-31,CL,0.0026875503629633945,-0.00673081694374833
2022-07-30,2022-08-31,KHC,0.0009844989838330926,0.02602427617308667
2022-07-30,2022-08-31,NEE,0.0069145246321265326,0.011628849348363168
2022-07-30,2022-08-31,DUK,0.003732839053422298,-0.01850962325650307
2022-07-30,2022-08-31,SO,0.0036870786864197144,0.011167784022168004
2022-07-30,2022-08-31,EXC,0.0020254557628901306,-0.04845801133304295
2022-07-30,2022-08-31,LIN,0.006857098846157993,-0.06337750279963084
2022-07-30,2022-08-31,DOW,0.0015140792286370084,-0.028843394150483648
2022-07-30,2022-08-31,DD,0.0012314187153617056,-0.09129521100042326
2022-07-30,2022-08-31,UPS,0.005696312917121478,0.005526698222846793
2022-07-30,2022-08-31,UNP,0.005984542867231212,-0.006718487098856696
2022-07-30,2022-08-31,RTX,0.006300173645924774,-0.03151285427624717
2022-07-30,2022-08-31,HON,0.005549726536125123,-0.011246422824767954
2022-07-30,2022-08-31,CAT,0.005120216030183182,-0.06829756754649585
2022-07-30,2022-08-31,LMT,0.004034428431138818,0.021955384883763474
2022-07-30,2022-08-31,BA,0.0035273932362279944,0.005900461087261721
2022-07-30,2022-08-31,MMM,0.0033478045844060776,-0.12296752605599204
2022-07-30,2022-08-31,GE,0.003986274475245975,-0.006359184239300264
2022-07-30,2022-08-31,FDX,0.0024418848626737532,-0.095585356368737
2022-07-30,2022-08-31,EMR,0.002350208545474168,-0.0871131908950189
2022-07-30,2022-08-31,GD,0.002419090140377765,0.009970239048208374
2022-07-30,2022-08-31,AMT,0.005179214191616326,-0.0619574417026415
2022-07-30,2022-08-31,SPG,0.0018150782967055789,-0.061303285126500406
2022-07-30,2022-08-31,CASHUSD,0.0038238976582731887,0.001937230497892406
2022-09-01,2022-09-30,AAPL,0.11419669886328504,-0.12097704797190978
2022-09-01,2022-09-30,MSFT,0.0865235985710396,-0.10926683049096486
2022-09-01,2022-09-30,NVDA,0.019352698773676544,-0.1955343174735361
2022-09-01,2022-09-30,V,0.014427401432215629,-0.10598367036433243
2022-09-01,2022-09-30,MA,0.012145918684928638,-0.12340827054676562
2022-09-01,2022-09-30,AVGO,0.010476264358767425,-0.10293697387162037
2022-09-01,2022-09-30,CSCO,0.008690401888790637,-0.10554575533864297
2022-09-01,2022-09-30,ACN,0.006997392619240931,-0.10802190474769291
2022-09-01,2022-09-30,ADBE,0.006600656033338085,-0.2630676670740144
2022-09-01,2022-09-30,CRM,0.006200027747882528,-0.07865747682322011
2022-09-01,2022-09-30,TXN,0.0069840008951205295,-0.06313195935986038
2022-09-01,2022-09-30,QCOM,0.006611670888737746,-0.14583827101973101
2022-09-01,2022-09-30,INTC,0.005706134031134618,-0.19266910859303765
2022-09-01,2022-09-30,ORCL,0.005314539984634975,-0.17639944060173107
2022-09-01,2022-09-30,IBM,0.005298815334518535,-0.07504865169665254
2022-09-01,2022-09-30,PYPL,0.0038040138328656737,-0.0788741852698821
2022-09-01,2022-09-30,AMZN,0.04965317759567156,-0.10862189009783763
2022-09-01,2022-09-30,TSLA,0.03306826069163354,-0.03758929611475259
2022-09-01,2022-09-30,HD,0.013291799718602254,-0.04327060886376777
2022-09-01,2022-09-30,MCD,0.008646433538851337,-0.08538118737186273
2022-09-01,2022-09-30,NKE,0.005223193038325071,-0.21692076897381563
2022-09-01,2022-09-30,LOW,0.005849213632999106,-0.032605340431541285
2022-09-01,2022-09-30,SBUX,0.0042901957229247575,0.0022601300928695167
2022-09-01,2022-09-30,BKNG,0.0035942895194575877,-0.12399955431329102
2022-09-01,2022-09-30,TGT,0.003225075670107966,-0.07452907035722678
2022-09-01,2022-09-30,F,0.002823571328682652,-0.26509167043864756
2022-09-01,2022-09-30,GM,0.0026567454641915444,-0.1601674309186455
2022-09-01,2022-09-30,GOOGL,0.03172626308318511,-0.11615221090219519
2022-09-01,2022-09-30,GOOG,0.02935304200721578,-0.11910207641321346
2022-09-01,2022-09-30,META,0.016705850925165015,-0.1672495922701429
2022-09-01,2022-09-30,DIS,0.008268393646073905,-0.15836900409933952
2022-09-01,2022-09-30,VZ,0.0072726326099103586,-0.09184419190782245
2022-09-01,2022-09-30,CMCSA,0.006246912084720878,-0.18955504403235057
2022-09-01,2022-09-30,T,0.005373247824591985,-0.12542759995171893
2022-09-01,2022-09-30,NFLX,0.004284514364624175,0.05314008219276478
2022-09-01,2022-09-30,TMUS,0.0037627988310190326,-0.06800501473196663
2022-09-01,2022-09-30,CHTR,0.0017036472143816804,-0.26483774201135113
2022-09-01,2022-09-30,BRKB,0.02320861793552128,-0.04907407186020518
2022-09-01,2022-09-30,JPM,0.015671599804706875,-0.08115731356611378
2022-09-01,2022-09-30,BAC,0.010467381133892334,-0.09553752097037882
2022-09-01,2022-09-30,WFC,0.007456836909106221,-0.07984432347236692
2022-09-01,2022-09-30,MS,0.005644873361265391,-0.07287050878257006
2022-09-01,2022-09-30,GS,0.005509207935284033,-0.11909679368937387
2022-09-01,2022-09-30,SCHW,0.0046911157177501476,0.01296701000735112
2022-09-01,2022-09-30,C,0.0042117068542597775,-0.14628182282770652
2022-09-01,2022-09-30,BLK,0.004057808171504736,-0.16806802004463228
2022-09-01,2022-09-30,AXP,0.004218827123020857,-0.11243425317974576
2022-09-01,2022-09-30,USB,0.002604463810061228,-0.1056187918488668
2022-09-01,2022-09-30,MET,0.001970556401312936,-0.0551840125343076
2022-09-01,2022-09-30,COF,0.0018505303099661699,-0.1289926499021561
2022-09-01,2022-09-30,AIG,0.0018096043563164657,-0.07706284698261723
2022-09-01,2022-09-30,BK,0.00145987116455629,-0.07247744075070273
2022-09-01,2022-09-30,UNH,0.021555581094291974,-0.024465058891713354
2022-09-01,2022-09-30,JNJ,0.02021192678518662,0.012520235336142216
2022-09-01,2022-09-30,PFE,0.010738499327497604,-0.03250047060299932
2022-09-01,2022-09-30,ABBV,0.011709941404029903,-0.0018593880009227792
2022-09-01,2022-09-30,LLY,0.012288955855070002,0.07343237751336207
2022-09-01,2022-09-30,MRK,0.009942068247484198,0.017036922457635884
2022-09-01,2022-09-30,TMO,0.00928590027221619,-0.06942362575404626
2022-09-01,2022-09-30,ABT,0.0075801782057732395,-0.05737935323552368
2022-09-01,2022-09-30,DHR,0.00747478553392896,-0.04215224671085627
2022-09-01,2022-09-30,BMY,0.006150356847158757,0.054591324644570394
2022-09-01,2022-09-30,CVS,0.005840957471425751,-0.0283241929481729
2022-09-01,2022-09-30,AMGN,0.005841141505114294,-0.062005872575995324
2022-09-01,2022-09-30,MDT,0.004942234768850513,-0.07420793382406543
2022-09-01,2022-09-30,GILD,0.003704254826696223,-0.017022153530529494
2022-09-01,2022-09-30,XOM,0.01877648774600082,-0.08661985225942981
2022-09-01,2022-09-30,CVX,0.013728724114552171,-0.09104129866753385
2022-09-01,2022-09-30,COP,0.006313355905851619,-0.05151571365517593
2022-09-01,2022-09-30,PG,0.01421517357458126,-0.08474712464982148
2022-09-01,2022-09-30,KO,0.01124507933575081,-0.08558706707687758
2022-09-01,2022-09-30,PEP,0.010043750856944046,-0.045932620884301945
2022-09-01,2022-09-30,COST,0.01121943141729942,-0.09544123862570386
2022-09-01,2022-09-30,WMT,0.009084726537701244,-0.02150126275753328
2022-09-01,2022-09-30,PM,0.007120293995854394,-0.11827550607504878
2022-09-01,2022-09-30,MDLZ,0.003625610171071479,-0.10773501670662244
2022-09-01,2022-09-30,MO,0.0038414302389772003,-0.08503750125150611
2022-09-01,2022-09-30,CL,0.002805054466148352,-0.10177739657116869
2022-09-01,2022-09-30,KHC,0.001046828073119602,-0.10828897906475221
2022-09-01,2022-09-30,NEE,0.007304717168734036,-0.0781801707679931
2022-09-01,2022-09-30,DUK,0.003812792350725746,-0.12992248919882377
2022-09-01,2022-09-30,SO,0.003881505816516421,-0.11768511088380373
2022-09-01,2022-09-30,EXC,0.0020036302741990534,-0.14689127476678188
2022-09-01,2022-09-30,UPS,0.005967578113244533,-0.16950320281177966
2022-09-01,2022-09-30,UNP,0.006204413032306064,-0.1322438262157093
2022-09-01,2022-09-30,RTX,0.006365930733395483,-0.08791088360771815
2022-09-01,2022-09-30,HON,0.005731332977931902,-0.11819378188725305
2022-09-01,2022-09-30,LMT,0.0043008880373453275,-0.08050262901464633
2022-09-01,2022-09-30,CAT,0.005009232402561389,-0.11168863178026545
2022-09-01,2022-09-30,BA,0.003726510811601265,-0.24443056579685063
2022-09-01,2022-09-30,GE,0.004149442087454879,-0.1559526288738673
2022-09-01,2022-09-30,MMM,0.00304464270436773,-0.11137911333460593
2022-09-01,2022-09-30,GD,0.0025596199065823257,-0.07320999053067834
2022-09-01,2022-09-30,FDX,0.002313619829400892,-0.2918535028068062
2022-09-01,2022-09-30,EMR,0.002234408512876007,-0.10423272519331661
2022-09-01,2022-09-30,LIN,0.006737623868839717,-0.04295476095856021
2022-09-01,2022-09-30,DOW,0.0015194772524184006,-0.13862754479764083
2022-09-01,2022-09-30,DD,0.001180537023422899,-0.09417677417431891
2022-09-01,2022-09-30,AMT,0.005096771546284705,-0.15489065046764272
2022-09-01,2022-09-30,SPG,0.001783857233140524,-0.1047830302140641
2022-09-01,2022-09-30,CASHUSD,0.003556246297036768,0.0020670220967171637
2022-10-01,2022-10-31,AAPL,0.1090820483588269,0.1095515743535751
2022-10-01,2022-10-31,MSFT,0.08500212655488673,-0.0033061405167831293
2022-10-01,2022-10-31,NVDA,0.017214607690354166,0.11187101654113496
2022-10-01,2022-10-31,V,0.014173424264446679,0.16611325172883418
2022-10-01,2022-10-31,MA,0.011699890314510658,0.1560434074846948
2022-10-01,2022-10-31,AVGO,0.010195524679322767,0.05880508961500497
2022-10-01,2022-10-31,CSCO,0.008570126172953274,0.1463000004354571
2022-10-01,2022-10-31,ACN,0.006894142874176228,0.10828790930914245
2022-10-01,2022-10-31,CRM,0.006327502485951291,0.13035332876340977
2022-10-01,2022-10-31,TXN,0.007170849709814186,0.04607015875791021
2022-10-01,2022-10-31,ADBE,0.005328871444361716,0.15734006494300012
2022-10-01,2022-10-31,QCOM,0.0062631401961643065,0.04142321119243264
2022-10-01,2022-10-31,IBM,0.0054430067429220835,0.16395921130256363
2022-10-01,2022-10-31,INTC,0.0051165243396476745,0.10322088191142087
2022-10-01,2022-10-31,AMD,0.005339871734167194,-0.05208332079026845
2022-10-01,2022-10-31,PYPL,0.00387029245213971,-0.028929937349032153
2022-10-01,2022-10-31,ORCL,0.004671383024355048,0.28494053628794336
2022-10-01,2022-10-31,AMZN,0.04950162178505963,-0.09345130582826322
2022-10-01,2022-10-31,TSLA,0.03717690504665063,-0.14216779156971604
2022-10-01,2022-10-31,HD,0.0139649332566965,0.0731683849868685
2022-10-01,2022-10-31,MCD,0.008686539612317653,0.18167595789899083
2022-10-01,2022-10-31,LOW,0.0060399873919083705,0.04366308248933226
2022-10-01,2022-10-31,NKE,0.004485103181074177,0.11501419983783157
2022-10-01,2022-10-31,SBUX,0.004748997688586845,0.02765239073696324
2022-10-01,2022-10-31,TGT,0.0033013032815182607,0.106880549635463
2022-10-01,2022-10-31,BKNG,0.003401538584606101,0.13769972985874634
2022-10-01,2022-10-31,GM,0.002471306229063363,0.22312227309478216
2022-10-01,2022-10-31,F,0.002289647864927551,0.19374963302049442
2022-10-01,2022-10-31,GOOGL,0.030887717307789272,-0.01191847070447316
2022-10-01,2022-10-31,GOOG,0.02777766491753248,-0.015496663539706579
2022-10-01,2022-10-31,META,0.015287226495306172,-0.3133844285774414
2022-10-01,2022-10-31,DIS,0.007696599032148374,0.1294391946194049
2022-10-01,2022-10-31,VZ,0.007298678516872131,0.0007847040295352326
2022-10-01,2022-10-31,CMCSA,0.005511118837347112,0.09179222832764422
2022-10-01,2022-10-31,T,0.005169050926314527,0.20950358348120734
2022-10-01,2022-10-31,NFLX,0.004990004746663443,0.23972132814132263
2022-10-01,2022-10-31,TMUS,0.003955993077225947,0.1296113614284129
2022-10-01,2022-10-31,CHTR,0.001325454567221788,0.2118674393292752
2022-10-01,2022-10-31,BRKB,0.024356484841666585,0.10512324349912805
2022-10-01,2022-10-31,JPM,0.015905859093985977,0.21537092810302583
2022-10-01,2022-10-31,BAC,0.01025912535745307,0.1933774724933841
2022-10-01,2022-10-31,WFC,0.007596043797266076,0.14346092777740505
2022-10-01,2022-10-31,SCHW,0.005320787535351464,0.10852905966817894
2022-10-01,2022-10-31,MS,0.005540234047754999,0.05008051357648058
2022-10-01,2022-10-31,GS,0.005335876993968071,0.1756010251952025
2022-10-01,2022-10-31,BLK,0.003932175659731347,0.1737840768460921
2022-10-01,2022-10-31,AXP,0.004071327526198994,0.10456374003599112
2022-10-01,2022-10-31,C,0.003965616610810783,0.1005521456074776
2022-10-01,2022-10-31,USB,0.002545770998477593,0.05282765420999014
2022-10-01,2022-10-31,MET,0.001998738875599718,0.2045080090180449
2022-10-01,2022-10-31,AIG,0.001764273678936435,0.20050544719444896
2022-10-01,2022-10-31,COF,0.0017419421742781523,0.15026569571178494
2022-10-01,2022-10-31,BK,0.0014913449040090353,0.10300836301475425
2022-10-01,2022-10-31,UNH,0.023079254646961977,0.0992199433273635
2022-10-01,2022-10-31,JNJ,0.022579625016445358,0.06494827454787866
2022-10-01,2022-10-31,LLY,0.014567036867406936,0.11980842850027207
2022-10-01,2022-10-31,PFE,0.011475684390777131,0.06375688758833231
2022-10-01,2022-10-31,ABBV,0.012913905869831193,0.10192760044041349
2022-10-01,2022-10-31,MRK,0.011095992316764927,0.1751042651420549
2022-10-01,2022-10-31,TMO,0.00954499600503787,0.01336764890079123
2022-10-01,2022-10-31,ABT,0.007891401433770298,0.027354564902265288
2022-10-01,2022-10-31,DHR,0.007991499608743737,-0.02562994884189196
2022-10-01,2022-10-31,BMY,0.007183132242307461,0.09804398102630718
2022-10-01,2022-10-31,CVS,0.006274467646277265,-0.0010309810209897519
2022-10-01,2022-10-31,AMGN,0.006058461942439697,0.19942336392204485
2022-10-01,2022-10-31,MDT,0.004964490489707284,0.08160979145384362
2022-10-01,2022-10-31,GILD,0.003967114822469323,0.27184312664863985
2022-10-01,2022-10-31,XOM,0.01875787322630989,0.2691555774975598
2022-10-01,2022-10-31,CVX,0.012644534501293079,0.25913536079830934
2022-10-01,2022-10-31,COP,0.0064232428226489195,0.23206995958876586
2022-10-01,2022-10-31,PG,0.014336287205455241,0.07426344720841538
2022-10-01,2022-10-31,PEP,0.010511328204313972,0.11221372971001053
2022-10-01,2022-10-31,KO,0.011267199605036148,0.06836858876679086
2022-10-01,2022-10-31,COST,0.011221846491896514,0.06380940920986444
2022-10-01,2022-10-31,WMT,0.009985756352407857,0.09737843570906346
2022-10-01,2022-10-31,PM,0.0068485431244108596,0.1064929716699925
2022-10-01,2022-10-31,MDLZ,0.0035209579670593973,0.1212838278793491
2022-10-01,2022-10-31,MO,0.0037801058308862896,0.14586387899630782
2022-10-01,2022-10-31,CL,0.00277034617576516,0.0580340563217685
2022-10-01,2022-10-31,KHC,0.0011655550807766852,0.153523430900407
2022-10-01,2022-10-31,NEE,0.007457129064441656,-0.011605673764698787
2022-10-01,2022-10-31,SO,0.003790487901174548,-0.03705891046483234
2022-10-01,2022-10-31,DUK,0.0036703531622661353,0.00172028705747862
2022-10-01,2022-10-31,EXC,0.0019169567064257905,0.030165432318251417
2022-10-01,2022-10-31,LIN,0.0069258853209286314,0.1029711633225392
2022-10-01,2022-10-31,DOW,0.001405530845622802,0.06396541551602386
2022-10-01,2022-10-31,UNP,0.005915854312159032,0.011908681738175941
2022-10-01,2022-10-31,RTX,0.006368971199321678,0.15831898771017583
2022-10-01,2022-10-31,UPS,0.0054573407626851015,0.038566613670311556
2022-10-01,2022-10-31,HON,0.0055270406617631,0.22189593403444974
2022-10-01,2022-10-31,LMT,0.004351903851501496,0.25988243112300524
2022-10-01,2022-10-31,CAT,0.004865058465139464,0.32806202357340686
2022-10-01,2022-10-31,GE,0.0038512766152327717,0.2568242316230731
2022-10-01,2022-10-31,BA,0.0031208591753512783,0.1769903563900086
2022-10-01,2022-10-31,MMM,0.0029093006934072644,0.13837084474996075
2022-10-01,2022-10-31,GD,0.0025623570772263246,0.18393872959108815
2022-10-01,2022-10-31,EMR,0.0022031437264786453,0.18273687896016155
2022-10-01,2022-10-31,FDX,0.0018088076111077078,0.07954465616839412
2022-10-01,2022-10-31,AMT,0.004767977844096735,-0.027942590833845204
2022-10-01,2022-10-31,SPG,0.0017283643218191814,0.21426183692529333
2022-10-01,2022-10-31,CASHUSD,0.0024184333133307257,0.0015858835641910929
2022-11-01,2022-11-30,AAPL,0.1128633421401865,-0.03302776472687108
2022-11-01,2022-11-30,MSFT,0.07900303986643055,0.10222294597883774
2022-11-01,2022-11-30,V,0.015412340338292339,0.04984072510433646
2022-11-01,2022-11-30,NVDA,0.017848577909165424,0.2541551910722768
2022-11-01,2022-11-30,MA,0.012592407160402578,0.08598934569486927
2022-11-01,2022-11-30,AVGO,0.010066484499484779,0.1721048993868326
2022-11-01,2022-11-30,CSCO,0.009076619865169068,0.09443090412045363
2022-11-01,2022-11-30,ACN,0.007093424907483847,0.05998591514927276
2022-11-01,2022-11-30,CRM,0.006669568268998696,-0.014392099968990713
2022-11-01,2022-11-30,ADBE,0.005751023423854537,0.0829827085581829
2022-11-01,2022-11-30,TXN,0.006939666838687208,0.12345169142529011
2022-11-01,2022-11-30,QCOM,0.006082335513955324,0.08190126624025651
2022-11-01,2022-11-30,IBM,0.005907840800896206,0.08956070972604557
2022-11-01,2022-11-30,ORCL,0.0055687143865021296,0.06353290578522652
2022-11-01,2022-11-30,INTC,0.005263669195804286,0.071970589884085
2022-11-01,2022-11-30,AMD,0.0047201137331388835,0.292540717255801
2022-11-01,2022-11-30,PYPL,0.003504709830420085,-0.061856909767545876
2022-11-01,2022-11-30,AMZN,0.04194198347131285,-0.05759470309709913
2022-11-01,2022-11-30,TSLA,0.029806817021793556,-0.14432626046795272
2022-11-01,2022-11-30,HD,0.014007006760342207,0.1006991092774463
2022-11-01,2022-11-30,MCD,0.009593685661787487,0.006111637975283912
2022-11-01,2022-11-30,LOW,0.00585976510249363,0.09027971173238725
2022-11-01,2022-11-30,NKE,0.004674055680934115,0.18353471808787414
2022-11-01,2022-11-30,SBUX,0.0045613207939331595,0.18705825897258865
2022-11-01,2022-11-30,TGT,0.003415290993066189,0.023549015749281033
2022-11-01,2022-11-30,BKNG,0.0036169698140680103,0.11231459660793863
2022-11-01,2022-11-30,GM,0.0028250904129489135,0.03337599194911167
2022-11-01,2022-11-30,F,0.002554624205418525,0.050508282307106356
2022-11-01,2022-11-30,GOOGL,0.028578527668335706,0.06856421796476297
2022-11-01,2022-11-30,GOOG,0.02560793836975012,0.07173042335699953
2022-11-01,2022-11-30,META,0.009828871662883413,0.2677114516969572
2022-11-01,2022-11-30,DIS,0.008139946533242822,-0.08137791608432199
2022-11-01,2022-11-30,VZ,0.006726511607449171,0.04308289042359692
2022-11-01,2022-11-30,CMCSA,0.0055846417148430775,0.15437927401215035
2022-11-01,2022-11-30,T,0.005752137963570748,0.057597555139117906
2022-11-01,2022-11-30,NFLX,0.005792674805186377,0.046765786760407435
2022-11-01,2022-11-30,TMUS,0.004184511314587973,-0.0006596817882872363
2022-11-01,2022-11-30,CHTR,0.001504112235534398,0.06438717627475343
2022-11-01,2022-11-30,BRKB,0.025115603430944124,0.07967064304919713
2022-11-01,2022-11-30,JPM,0.01787790433481229,0.09771180816729075
2022-11-01,2022-11-30,BAC,0.0114236874420977,0.05022174820721026
2022-11-01,2022-11-30,WFC,0.008104589985299742,0.04933307077259097
2022-11-01,2022-11-30,SCHW,0.005503557575414301,0.03889406634220105
2022-11-01,2022-11-30,GS,0.00585305442177544,0.1282182081018841
2022-11-01,2022-11-30,MS,0.005376271311598932,0.13265217930576267
2022-11-01,2022-11-30,BLK,0.004306676305811518,0.10851360081453665
2022-11-01,2022-11-30,AXP,0.004180135595796822,0.061569249315169605
2022-11-01,2022-11-30,C,0.004072276093076176,0.06781988660386218
2022-11-01,2022-11-30,USB,0.002500956043903806,0.0692575420529058
2022-11-01,2022-11-30,MET,0.0022463386096892588,0.05478724373874422
2022-11-01,2022-11-30,AIG,0.0019762779259577846,0.1071930801588461
2022-11-01,2022-11-30,COF,0.0018696535225039726,-0.020429176987732833
2022-11-01,2022-11-30,BK,0.0015212712477084315,0.09000245798420603
2022-11-01,2022-11-30,UNH,0.02364230904755083,-0.013311686088262276
2022-11-01,2022-11-30,JNJ,0.02240924725834664,0.029769084551662717
2022-11-01,2022-11-30,LLY,0.015201889740756768,0.02768661540036721
2022-11-01,2022-11-30,PFE,0.011376335426454385,0.08613627555641723
2022-11-01,2022-11-30,ABBV,0.013128007316313441,0.10095619661972566
2022-11-01,2022-11-30,MRK,0.01215139346624599,0.0881422806846135
2022-11-01,2022-11-30,TMO,0.00901421421468205,0.08998595038388846
2022-11-01,2022-11-30,ABT,0.007519965720026163,0.08732576526624114
2022-11-01,2022-11-30,BMY,0.0072949577445282,0.036272243728800335
2022-11-01,2022-11-30,DHR,0.007256618605224822,0.08638280956077438
2022-11-01,2022-11-30,AMGN,0.006772013838546187,0.06666392533474874
2022-11-01,2022-11-30,CVS,0.005806329916430152,0.07581841557607838
2022-11-01,2022-11-30,MDT,0.0050041086203824105,-0.09503082542410868
2022-11-01,2022-11-30,GILD,0.00470206256653552,0.11942415049038946
2022-11-01,2022-11-30,XOM,0.022211187283283015,0.012871692733928741
2022-11-01,2022-11-30,CVX,0.01485418594861064,0.021160783458337162
2022-11-01,2022-11-30,COP,0.007383516662227553,-0.016718379968132413
2022-11-01,2022-11-30,PG,0.014273316789849897,0.10759604773635645
2022-11-01,2022-11-30,PEP,0.010911804255181085,0.02164317979273145
2022-11-01,2022-11-30,KO,0.011235402392209153,0.07036139699650601
2022-11-01,2022-11-30,COST,0.011122281033741153,0.07527449854620194
2022-11-01,2022-11-30,WMT,0.010227874655666208,0.0708915815758353
2022-11-01,2022-11-30,PM,0.007072857425063153,0.08513881032305393
2022-11-01,2022-11-30,MDLZ,0.0036848170177240847,0.09970709783677356
2022-11-01,2022-11-30,MO,0.004042790658660267,0.006699960257650295
2022-11-01,2022-11-30,CL,0.0027179249675628003,0.049295845048282105
2022-11-01,2022-11-30,KHC,0.0012548660145163461,0.033485453810567334
2022-11-01,2022-11-30,NEE,0.006878187498140617,0.0984532590379672
2022-11-01,2022-11-30,DUK,0.003431101164671159,0.08355907832180098
2022-11-01,2022-11-30,SO,0.0034061522142608894,0.043921716374501374
2022-11-01,2022-11-30,EXC,0.0018428320096591814,0.08138481356951344
2022-11-01,2022-11-30,LIN,0.00712295790441148,0.1315957686859517
2022-11-01,2022-11-30,DOW,0.00139438350442161,0.10592212835019499
2022-11-01,2022-11-30,RTX,0.006862256630185723,0.04723525341111223
2022-11-01,2022-11-30,HON,0.00628187511819658,0.08138984689766326
2022-11-01,2022-11-30,UNP,0.005568322791514555,0.10292158760089642
2022-11-01,2022-11-30,UPS,0.005272064148973316,0.14147245477154158
2022-11-01,2022-11-30,LMT,0.005100119010503733,0.0031551685498729665
2022-11-01,2022-11-30,CAT,0.0059700505329525295,0.09216474322584767
2022-11-01,2022-11-30,GE,0.00450238721358877,0.10487087905024528
2022-11-01,2022-11-30,BA,0.003416701439794003,0.25521024333652575
2022-11-01,2022-11-30,MMM,0.0030805863612388285,0.013156990058945883
2022-11-01,2022-11-30,GD,0.0028061263562991464,0.010368351525157582
2022-11-01,2022-11-30,EMR,0.0024238147358880986,0.11222647510349315
2022-11-01,2022-11-30,FDX,0.001816391804266921,0.13688565683305032
2022-11-01,2022-11-30,AMT,0.004252948126685645,0.06786035896324427
2022-11-01,2022-11-30,SPG,0.0019397434939721204,0.09598082132279995
2022-11-01,2022-11-30,CASHUSD,0.003510103035310988,0.003151743739359336
2022-12-01,2022-12-30,AAPL,0.1036800032706273,-0.12227245371794782
2022-12-01,2022-12-30,MSFT,0.08262998879674659,-0.06004541761261062
2022-12-01,2022-12-30,NVDA,0.021295867988294442,-0.1364417159341894
2022-12-01,2022-12-30,V,0.015362583651753779,-0.04258049913282902
2022-12-01,2022-12-30,MA,0.013013277862319848,-0.02432643083859387
2022-12-01,2022-12-30,AVGO,0.011227311381441762,0.023166075791306362
2022-12-01,2022-12-30,CSCO,0.009452772924976897,-0.04183433097317191
2022-12-01,2022-12-30,ACN,0.007154827300004617,-0.11328216095785026
2022-12-01,2022-12-30,TXN,0.007418708663909098,-0.08445103431684275
2022-12-01,2022-12-30,ADBE,0.005926528783785505,-0.02435275005029791
2022-12-01,2022-12-30,CRM,0.006255268220033316,-0.17260521365682568
2022-12-01,2022-12-30,QCOM,0.006222263346378122,-0.13084032057493378
2022-12-01,2022-12-30,IBM,0.006053250589674724,-0.05379471879476572
2022-12-01,2022-12-30,ORCL,0.005635784981406351,-0.015536744847247208
2022-12-01,2022-12-30,AMD,0.005807636653158366,-0.1656576203187402
2022-12-01,2022-12-30,INTC,0.0052979072866589086,-0.12105083439749087
2022-12-01,2022-12-30,PYPL,0.0031302092954818943,-0.09169748141962897
2022-12-01,2022-12-30,AMZN,0.03774500466342883,-0.1298943525647971
2022-12-01,2022-12-30,TSLA,0.024355682604744498,-0.3673343490707852
2022-12-01,2022-12-30,HD,0.014634399580179067,-0.025093289814583364
2022-12-01,2022-12-30,MCD,0.009165599810317346,-0.03394554947978834
2022-12-01,2022-12-30,NKE,0.005282757047250942,0.07000787936096842
2022-12-01,2022-12-30,LOW,0.006100621708295171,-0.06262064078479712
2022-12-01,2022-12-30,SBUX,0.005141970146833661,-0.029354349784247447
2022-12-01,2022-12-30,BKNG,0.0038367775143109376,-0.030858968660587016
2022-12-01,2022-12-30,TGT,0.003321147775587465,-0.10791878229256013
2022-12-01,2022-12-30,GM,0.0027829883534724867,-0.1687670355464852
2022-12-01,2022-12-30,F,0.00253157985673272,-0.16330935784339562
2022-12-01,2022-12-30,GOOGL,0.029060370733572042,-0.12634906935412116
2022-12-01,2022-12-30,GOOG,0.02611676439112781,-0.12538182682232757
2022-12-01,2022-12-30,META,0.011857174220496978,0.018966883419069935
2022-12-01,2022-12-30,DIS,0.007115629345306705,-0.11229187237565208
2022-12-01,2022-12-30,VZ,0.006676757063952518,0.010774783634884377
2022-12-01,2022-12-30,CMCSA,0.00613483347628082,-0.04557848959773403
2022-12-01,2022-12-30,T,0.005789153086501298,-0.04512441372108944
2022-12-01,2022-12-30,NFLX,0.005770832899796284,-0.03485741643246454
2022-12-01,2022-12-30,TMUS,0.003981419802373055,-0.07566359640856601
2022-12-01,2022-12-30,CHTR,0.0015208861412482537,-0.13337933834672555
2022-12-01,2022-12-30,BRKB,0.025808329290981123,-0.030445737668566286
2022-12-01,2022-12-30,JPM,0.01867796888427089,-0.029526264302183747
2022-12-01,2022-12-30,BAC,0.011418530796033765,-0.1198511225675043
2022-12-01,2022-12-30,WFC,0.008042219113835765,-0.13889474911738586
2022-12-01,2022-12-30,GS,0.006244264687282656,-0.11076015177206078
2022-12-01,2022-12-30,SCHW,0.005426615686246801,0.0087230636578004
2022-12-01,2022-12-30,MS,0.0057960423230221285,-0.08649410468196261
2022-12-01,2022-12-30,BLK,0.00453686685050372,-0.003470411185036104
2022-12-01,2022-12-30,AXP,0.004225750420890964,-0.06244017366801691
2022-12-01,2022-12-30,C,0.004093732190736901,-0.0656886189969389
2022-12-01,2022-12-30,USB,0.002540612935399776,-0.028457804825678612
2022-12-01,2022-12-30,MET,0.002245324613708658,-0.056453665945475295
2022-12-01,2022-12-30,AIG,0.0020789739730910184,0.007130362289855308
2022-12-01,2022-12-30,COF,0.0017388523976767684,-0.09957366378647048
2022-12-01,2022-12-30,BK,0.0015752006938268034,-0.008278815544696672
2022-12-01,2022-12-30,UNH,0.022211434044877097,-0.029110729235018784
2022-12-01,2022-12-30,JNJ,0.02183107803736581,-0.007584337836744615
2022-12-01,2022-12-30,LLY,0.014833217579869216,-0.014120858547794102
2022-12-01,2022-12-30,ABBV,0.013761464839151735,0.002667652148212296
2022-12-01,2022-12-30,PFE,0.01166476477470217,0.02214229341013274
2022-12-01,2022-12-30,MRK,0.012589554205385062,0.014212533659366366
2022-12-01,2022-12-30,TMO,0.009354551439763636,-0.01649463472820556
2022-12-01,2022-12-30,ABT,0.007785302952295782,0.020542879083948584
2022-12-01,2022-12-30,DHR,0.007506140780024097,-0.028286700086499583
2022-12-01,2022-12-30,BMY,0.007197672259111904,-0.10376213370057352
2022-12-01,2022-12-30,AMGN,0.0068306633034159086,-0.0829606627377314
2022-12-01,2022-12-30,CVS,0.005947652280820917,-0.08529621637818419
2022-12-01,2022-12-30,GILD,0.005013789424734039,-0.014437068618369797
2022-12-01,2022-12-30,MDT,0.004312561792719242,-0.007953036880336772
2022-12-01,2022-12-30,XOM,0.02125229878801158,-0.009340506196565457
2022-12-01,2022-12-30,CVX,0.01433395227526684,-0.02083899616503815
2022-12-01,2022-12-30,COP,0.006887322173903526,-0.038651098330639844
2022-12-01,2022-12-30,PG,0.015051830976277186,0.016090239252525285
2022-12-01,2022-12-30,PEP,0.010613959058654825,-0.020069472433228985
2022-12-01,2022-12-30,KO,0.011369352140629223,0.0
2022-12-01,2022-12-30,COST,0.011386356894840374,-0.1534540941255358
2022-12-01,2022-12-30,WMT,0.010428507457929873,-0.06623467817045392
2022-12-01,2022-12-30,PM,0.007307485267785116,0.028392538325859418
2022-12-01,2022-12-30,MDLZ,0.0038605624222645737,-0.008487048078153814
2022-12-01,2022-12-30,MO,0.003877942451646042,0.0015956543694553016
2022-12-01,2022-12-30,CL,0.0027102691230019007,0.016907255340854466
2022-12-01,2022-12-30,KHC,0.0012198460225153088,0.034561886005290754
2022-12-01,2022-12-30,LIN,0.007670765841032151,-0.027228609709350926
2022-12-01,2022-12-30,DOW,0.0014532225311621706,-0.011379509513295916
2022-12-01,2022-12-30,NEE,0.007163099514512408,-0.01298664920466519
2022-12-01,2022-12-30,DUK,0.0035103199606030372,0.030621257352811293
2022-12-01,2022-12-30,SO,0.003357030739088662,0.055736255880182606
2022-12-01,2022-12-30,EXC,0.0018792285191497175,0.04496036666959591
2022-12-01,2022-12-30,HON,0.006442594521424642,-0.023912562260085313
2022-12-01,2022-12-30,RTX,0.006809155914797068,0.022285108565999856
2022-12-01,2022-12-30,UPS,0.005682408474732415,-0.08375066440226586
2022-12-01,2022-12-30,UNP,0.005852952991287417,-0.04178015309529737
2022-12-01,2022-12-30,CAT,0.006214415284549534,0.013324376419074468
2022-12-01,2022-12-30,LMT,0.004846328620118215,0.0026791726027737273
2022-12-01,2022-12-30,BA,0.004089082335656185,0.06490384779426561
2022-12-01,2022-12-30,GE,0.004743514318948221,-0.024416070929662914
2022-12-01,2022-12-30,MMM,0.0029351469807896435,-0.048027298119648565
2022-12-01,2022-12-30,EMR,0.002559770543345494,0.0030282570014172894
2022-12-01,2022-12-30,GD,0.002696796811785232,-0.016957863817924745
2022-12-01,2022-12-30,FDX,0.0019647866822311674,-0.04309921631347369
2022-12-01,2022-12-30,AMT,0.004321922778605073,-0.03535733548237385
2022-12-01,2022-12-30,SPG,0.002018878148543307,-0.001309983732432074
2022-12-01,2022-12-30,CASHUSD,0.0037132196447072735,0.003625848270315757
2022-12-31,2023-01-31,AAPL,0.0968685803611148,0.11052110510893698
2022-12-31,2023-01-31,MSFT,0.08347978735885522,0.03331671006363068
2022-12-31,2023-01-31,NVDA,0.019664638426775818,0.3368688225625307
2022-12-31,2023-01-31,V,0.01581638446241103,0.10805721860595141
2022-12-31,2023-01-31,MA,0.013592782452240734,0.06749907660347065
2022-12-31,2023-01-31,AVGO,0.012286603384007354,0.04628630263489053
2022-12-31,2023-01-31,CSCO,0.00965734821633814,0.029783274205735788
2022-12-31,2023-01-31,ACN,0.006792166122746968,0.05003510869204275
2022-12-31,2023-01-31,ADBE,0.006176806225497651,0.10046651912528914
2022-12-31,2023-01-31,TXN,0.007255031639232637,0.08021345285918513
2022-12-31,2023-01-31,CRM,0.005593327709577164,0.26683774224259404
2022-12-31,2023-01-31,IBM,0.006165247082041852,-0.043722120421355815
2022-12-31,2023-01-31,ORCL,0.006035850266581806,0.08627005783181718
2022-12-31,2023-01-31,QCOM,0.005805105725004048,0.2116606730486037
2022-12-31,2023-01-31,INTC,0.005032690045161635,0.0692394632752209
2022-12-31,2023-01-31,AMD,0.005202348842491217,0.16025946303524585
2022-12-31,2023-01-31,PYPL,0.003012477890601039,0.14420100192365104
2022-12-31,2023-01-31,AMZN,0.03550635590655939,0.22773806254069018
2022-12-31,2023-01-31,TSLA,0.016764440260421207,0.4062347847991097
2022-12-31,2023-01-31,HD,0.015344958445671545,0.026309212914945368
2022-12-31,2023-01-31,MCD,0.009517578207384731,0.01468531323534883
2022-12-31,2023-01-31,NKE,0.006066422025230705,0.08819757841925124
2022-12-31,2023-01-31,LOW,0.005996584540919054,0.05060020657631914
2022-12-31,2023-01-31,SBUX,0.005389754290728184,0.10020163344779132
2022-12-31,2023-01-31,BKNG,0.003927267453560192,0.20782209797141893
2022-12-31,2023-01-31,TGT,0.0031810030789900024,0.1549919887726947
2022-12-31,2023-01-31,GM,0.002429650308869403,0.16884661467105566
2022-12-31,2023-01-31,F,0.0022829438255624083,0.16165101291234873
2022-12-31,2023-01-31,BRKB,0.026841507293034715,0.008481693651523736
2022-12-31,2023-01-31,JPM,0.01948177479262614,0.05140798935992308
2022-12-31,2023-01-31,BAC,0.010719302978978147,0.0712560340074122
2022-12-31,2023-01-31,WFC,0.007475549769262199,0.1351417130058783
2022-12-31,2023-01-31,SCHW,0.0058757171786200536,-0.07014166150739132
2022-12-31,2023-01-31,GS,0.00591888197630846,0.06532120988934143
2022-12-31,2023-01-31,MS,0.00560063676265901,0.15402309305774597
2022-12-31,2023-01-31,BLK,0.004807375313880054,0.07137723510308924
2022-12-31,2023-01-31,AXP,0.004236030465234286,0.18806299303232898
2022-12-31,2023-01-31,C,0.004107785444178515,0.15454330847417053
2022-12-31,2023-01-31,USB,0.002628197384250215,0.14194008631911892
2022-12-31,2023-01-31,MET,0.002235714535039101,0.008981772985244607
2022-12-31,2023-01-31,AIG,0.0021937469464154606,-0.0003163867574412782
2022-12-31,2023-01-31,COF,0.0016696824971247184,0.28012044963984417
2022-12-31,2023-01-31,BK,0.0016758532036591552,0.1194067570414985
2022-12-31,2023-01-31,GOOGL,0.027249552196010964,0.12025360903112947
2022-12-31,2023-01-31,GOOG,0.02430401306922735,0.1255493183863332
2022-12-31,2023-01-31,META,0.012835362634592989,0.23790943850671797
2022-12-31,2023-01-31,VZ,0.007271471688884801,0.07166270288895094
2022-12-31,2023-01-31,DIS,0.006805787127424975,0.24873392605389322
2022-12-31,2023-01-31,CMCSA,0.006180156073654971,0.13400599384230194
2022-12-31,2023-01-31,NFLX,0.006004513786775142,0.20001358326102392
2022-12-31,2023-01-31,T,0.005956740552103692,0.1224410162502958
2022-12-31,2023-01-31,TMUS,0.003931905360042626,0.06649996267395797
2022-12-31,2023-01-31,CHTR,0.0013805143648483347,0.13332347579279324
2022-12-31,2023-01-31,UNH,0.023068693204494638,-0.05845175638503386
2022-12-31,2023-01-31,JNJ,0.023143871448753423,-0.07489357948283426
2022-12-31,2023-01-31,LLY,0.01570988578793322,-0.05928827397426062
2022-12-31,2023-01-31,PFE,0.012810464591385996,-0.13026109056920632
2022-12-31,2023-01-31,ABBV,0.01482587448464696,-0.07707125400183779
2022-12-31,2023-01-31,MRK,0.013637419531171976,-0.031906048805392384
2022-12-31,2023-01-31,TMO,0.00988877829352175,0.03566409142721905
2022-12-31,2023-01-31,ABT,0.008497461507341656,0.011481430653893288
2022-12-31,2023-01-31,DHR,0.007833359127042963,-0.003918343962819093
2022-12-31,2023-01-31,BMY,0.0068993174454362515,0.017717218154228
2022-12-31,2023-01-31,AMGN,0.006712038144045463,-0.03898884662285118
2022-12-31,2023-01-31,CVS,0.005849132114087106,-0.04679364867700386
2022-12-31,2023-01-31,GILD,0.005268166878847003,-0.022248001938677375
2022-12-31,2023-01-31,MDT,0.004556110694826838,0.0768141281914434
2022-12-31,2023-01-31,XOM,0.022349448554306012,0.051767893542678634
2022-12-31,2023-01-31,CVX,0.014893928265898743,-0.030475168137672703
2022-12-31,2023-01-31,COP,0.006919133528036854,0.03279665241631635
2022-12-31,2023-01-31,PG,0.01633071924786958,-0.05467500674387893
2022-12-31,2023-01-31,PEP,0.011110264634751328,-0.05335979070647212
2022-12-31,2023-01-31,KO,0.012241034955918684,-0.036000690908914335
2022-12-31,2023-01-31,COST,0.010370275407590203,0.11969331900488278
2022-12-31,2023-01-31,WMT,0.01034288858386628,0.014669667717325696
2022-12-31,2023-01-31,PM,0.007989713132544528,0.02993763806926575
2022-12-31,2023-01-31,MDLZ,0.004077041658254425,-0.01815435472414284
2022-12-31,2023-01-31,MO,0.004076202338378382,-0.014657464448069701
2022-12-31,2023-01-31,CL,0.0029768612763839495,-0.04811838630883025
2022-12-31,2023-01-31,KHC,0.0013565820424051135,-0.004421651199598475
2022-12-31,2023-01-31,NEE,0.00767531306974632,-0.10729664838610342
2022-12-31,2023-01-31,DUK,0.0038793662573717654,-0.00524309815996471
2022-12-31,2023-01-31,SO,0.0038910044220662704,-0.052233668486839524
2022-12-31,2023-01-31,EXC,0.0021175902161817283,-0.024057299283457567
2022-12-31,2023-01-31,LIN,0.007926863038863753,0.014593058366161094
2022-12-31,2023-01-31,DOW,0.0015101125150550428,0.1778132411921689
2022-12-31,2023-01-31,RTX,0.007442045747766808,-0.010602412858954136
2022-12-31,2023-01-31,HON,0.006739285540410108,-0.02715789429111848
2022-12-31,2023-01-31,UNP,0.005893281535846311,-0.013908102064221994
2022-12-31,2023-01-31,UPS,0.005575320513787295,0.06552004618078722
2022-12-31,2023-01-31,CAT,0.0066661451805790665,0.05816145340854284
2022-12-31,2023-01-31,LMT,0.0051571516665685265,-0.04775009080962511
2022-12-31,2023-01-31,BA,0.004691166958171446,0.11816890050771578
2022-12-31,2023-01-31,GE,0.004940160853353409,0.2303959556512074
2022-12-31,2023-01-31,MMM,0.0029955021499833232,-0.04036043748857698
2022-12-31,2023-01-31,EMR,0.002753044666437301,-0.06079543606130955
2022-12-31,2023-01-31,GD,0.002855743018337877,-0.05563803673518397
2022-12-31,2023-01-31,FDX,0.002012412293213787,0.11928375354999288
2022-12-31,2023-01-31,AMT,0.0044392339335413075,0.05442273783490181
2022-12-31,2023-01-31,SPG,0.0021389835535551823,0.09346286996158604
2022-12-31,2023-01-31,CASHUSD,0.002733698040012,0.002842616122266106
2023-02-01,2023-02-28,AAPL,0.10112409559036048,0.023182973026687703
2023-02-01,2023-02-28,MSFT,0.08109024544263876,0.00901777159419992
2023-02-01,2023-02-28,NVDA,0.024712955831462304,0.18830923457673387
2023-02-01,2023-02-28,V,0.016474996490860983,-0.04274022014194501
2023-02-01,2023-02-28,MA,0.013609364389269511,-0.04131142950389011
2023-02-01,2023-02-28,AVGO,0.012084479392921555,0.015862941512971407
2023-02-01,2023-02-28,CSCO,0.00927459993824615,-0.0051366883512455885
2023-02-01,2023-02-28,ACN,0.0066805155306800855,-0.04837836989337485
2023-02-01,2023-02-28,ADBE,0.006390013536131958,-0.1252632299767431
2023-02-01,2023-02-28,CRM,0.00666127485223528,-0.02595723063851474
2023-02-01,2023-02-28,TXN,0.007315088675204627,-0.03250365879650463
2023-02-01,2023-02-28,QCOM,0.0066122098426262856,-0.0726670806856432
2023-02-01,2023-02-28,ORCL,0.006140572571684572,-0.01198285610155847
2023-02-01,2023-02-28,IBM,0.005542392462208518,-0.028514620905665367
2023-02-01,2023-02-28,AMD,0.005676395193297909,0.04564205236901575
2023-02-01,2023-02-28,INTC,0.005059316636172804,-0.10708523525234814
2023-02-01,2023-02-28,PYPL,0.0032425598422314737,-0.09682173066745936
2023-02-01,2023-02-28,AMZN,0.040955032913481,-0.08629878923214462
2023-02-01,2023-02-28,TSLA,0.022148883637772964,0.18756497670132144
2023-02-01,2023-02-28,HD,0.0147934205480181,-0.08523311251481058
2023-02-01,2023-02-28,MCD,0.009072130699611308,-0.007353235763690624
2023-02-01,2023-02-28,NKE,0.006200367156475038,-0.06706993588450672
2023-02-01,2023-02-28,LOW,0.005888412527840161,-0.012004909427772104
2023-02-01,2023-02-28,SBUX,0.005571257182168087,-0.05990869020004541
2023-02-01,2023-02-28,BKNG,0.004459342261544429,0.036933488910710466
2023-02-01,2023-02-28,TGT,0.0034458635696772042,-0.015007781377843088
2023-02-01,2023-02-28,GM,0.0026636747156611592,-0.014750731719432864
2023-02-01,2023-02-28,F,0.0024979973576867765,-0.05026545450441322
2023-02-01,2023-02-28,GOOGL,0.028763597564300327,-0.08883025683792334
2023-02-01,2023-02-28,GOOG,0.025774999512546307,-0.09582461386841523
2023-02-01,2023-02-28,META,0.014971117808508853,0.1743303901017481
2023-02-01,2023-02-28,DIS,0.008007841575194448,-0.08185083632690326
2023-02-01,2023-02-28,VZ,0.0072288439248857205,-0.06639383652866993
2023-02-01,2023-02-28,CMCSA,0.006552334453834432,-0.05540039595655921
2023-02-01,2023-02-28,NFLX,0.006789478189910035,-0.08966823583896388
2023-02-01,2023-02-28,T,0.0062102356470165685,-0.07167397975663403
2023-02-01,2023-02-28,TMUS,0.00395396471722766,-0.04775288463552474
2023-02-01,2023-02-28,CHTR,0.001471626282067238,-0.04345453491483808
2023-02-01,2023-02-28,BRKB,0.02548741095850311,-0.02035181228005367
2023-02-01,2023-02-28,JPM,0.01914495229115151,0.024220852821179806
2023-02-01,2023-02-28,BAC,0.010811981634551158,-0.03325808340924363
2023-02-01,2023-02-28,WFC,0.007990077053032715,0.004231627539198923
2023-02-01,2023-02-28,MS,0.0060376574237487645,-0.008527797620554556
2023-02-01,2023-02-28,GS,0.005937289884758491,-0.03870863733091856
2023-02-01,2023-02-28,SCHW,0.005144319942226273,0.00958926105593405
2023-02-01,2023-02-28,BLK,0.004856603346591194,-0.09191122364190785
2023-02-01,2023-02-28,AXP,0.0047270459334092995,-0.005373592839418739
2023-02-01,2023-02-28,C,0.0044682332406162754,-0.019725418021013907
2023-02-01,2023-02-28,USB,0.002821209121501128,-0.04156649135317281
2023-02-01,2023-02-28,MET,0.0021204593270479116,-0.010577826361527709
2023-02-01,2023-02-28,AIG,0.002061409078686154,-0.03337542053726217
2023-02-01,2023-02-28,COF,0.0020090605541995088,-0.07882432939538697
2023-02-01,2023-02-28,BK,0.0017500153770014192,0.00613019712006424
2023-02-01,2023-02-28,XOM,0.02211308874341642,-0.04529144436398036
2023-02-01,2023-02-28,CVX,0.013584027028021384,-0.0679734515857533
2023-02-01,2023-02-28,COP,0.006722260221625889,-0.1481896650086192
2023-02-01,2023-02-28,UNH,0.020472734331083937,-0.04657553649068713
2023-02-01,2023-02-28,JNJ,0.020180179047448253,-0.05542597672628169
2023-02-01,2023-02-28,MRK,0.012443721542992609,-0.010892836878239609
2023-02-01,2023-02-28,LLY,0.013929186501334633,-0.09275912678512077
2023-02-01,2023-02-28,ABBV,0.012775408821652536,0.04162463482784862
2023-02-01,2023-02-28,PFE,0.010406163604813176,-0.08129535870174098
2023-02-01,2023-02-28,TMO,0.009653451681153738,-0.05009372063622919
2023-02-01,2023-02-28,ABT,0.008064816451144196,-0.07987352159694305
2023-02-01,2023-02-28,DHR,0.007354480915039363,-0.06373392317512072
2023-02-01,2023-02-28,BMY,0.006567108665605045,-0.05079119745429106
2023-02-01,2023-02-28,AMGN,0.0060798824229647335,-0.07407700177699317
2023-02-01,2023-02-28,CVS,0.005219307139633276,-0.05304908794465024
2023-02-01,2023-02-28,MDT,0.004625437026384596,-0.010634600526180815
2023-02-01,2023-02-28,GILD,0.004856347835255767,-0.04062450537598783
2023-02-01,2023-02-28,PG,0.014407202907188575,-0.033853103596035106
2023-02-01,2023-02-28,KO,0.011081798450477598,-0.029517205997217966
2023-02-01,2023-02-28,PEP,0.009876956612936725,0.014676688618141753
2023-02-01,2023-02-28,COST,0.010904778311054074,-0.05109582943831592
2023-02-01,2023-02-28,WMT,0.00985528927541957,-0.012094370967214219
2023-02-01,2023-02-28,PM,0.007727951788431892,-0.0665770268954069
2023-02-01,2023-02-28,MDLZ,0.0037623059747560698,-0.003973261665357608
2023-02-01,2023-02-28,MO,0.003765670112930841,0.030861471392040984
2023-02-01,2023-02-28,CL,0.0026401409284008315,-0.01650338965769005
2023-02-01,2023-02-28,KHC,0.0012662257575864894,-0.039230066442833444
2023-02-01,2023-02-28,LIN,0.007596223803542285,0.05266825068098013
2023-02-01,2023-02-28,DOW,0.0016769762168821623,-0.024408829160496692
2023-02-01,2023-02-28,NEE,0.0064429742004906325,-0.042090294841476195
2023-02-01,2023-02-28,DUK,0.003632154976651136,-0.07053048347139446
2023-02-01,2023-02-28,SO,0.003471216529976662,-0.058541822623977224
2023-02-01,2023-02-28,EXC,0.0019400915582882601,-0.03435554488052939
2023-02-01,2023-02-28,RTX,0.006939104708125228,-0.012221168406560734
2023-02-01,2023-02-28,HON,0.00617878266365991,-0.07667783857162336
2023-02-01,2023-02-28,UPS,0.005598355720439342,-0.006114823780448475
2023-02-01,2023-02-28,CAT,0.006615994380992103,-0.0504974568545824
2023-02-01,2023-02-28,UNP,0.00547640358316095,0.0219804043599805
2023-02-01,2023-02-28,BA,0.004944230464462756,-0.0537558542170995
2023-02-01,2023-02-28,LMT,0.0046294068539879905,0.03019025488345073
2023-02-01,2023-02-28,GE,0.004476176909294783,0.052559558521208416
2023-02-01,2023-02-28,MMM,0.0027140420955780106,-0.051385808618075623
2023-02-01,2023-02-28,EMR,0.0024326037631879484,-0.07772342929907039
2023-02-01,2023-02-28,GD,0.0025237808999670143,-0.022097353419876176
2023-02-01,2023-02-28,FDX,0.0021191316295097735,0.048282176829889334
2023-02-01,2023-02-28,AMT,0.00440204356317469,-0.11361288794051583
2023-02-01,2023-02-28,SPG,0.002195053161604872,-0.049587622004500176
2023-02-01,2023-02-28,CASHUSD,0.0031801065875853396,0.0034575224565618345
2023-03-01,2023-03-31,AAPL,0.1052059158059969,0.11864853047212831
2023-03-01,2023-03-31,MSFT,0.08311467602707795,0.1558818624783307
2023-03-01,2023-03-31,NVDA,0.029905384426407836,0.19666272646161143
2023-03-01,2023-03-31,V,0.016028727997161984,0.025097761550996855
2023-03-01,2023-03-31,MA,0.013286195298613211,0.022854530130326456
2023-03-01,2023-03-31,AVGO,0.012501868497486246,0.08727624171797199
2023-03-01,2023-03-31,CSCO,0.00939627073783831,0.07971910922464565
2023-03-01,2023-03-31,ACN,0.0064740820910361,0.07629479719819665
2023-03-01,2023-03-31,CRM,0.006607356391166595,0.22107473085618534
2023-03-01,2023-03-31,TXN,0.00720697913386417,0.08492270661803736
2023-03-01,2023-03-31,ADBE,0.0056919699425099415,0.18959710015662457
2023-03-01,2023-03-31,QCOM,0.006244177417722604,0.03909423673250667
2023-03-01,2023-03-31,ORCL,0.0061783969648798055,0.06315785267696161
2023-03-01,2023-03-31,AMD,0.006034579176224429,0.24726393296541094
2023-03-01,2023-03-31,IBM,0.005417624695987148,0.013843706422368873
2023-03-01,2023-03-31,INTC,0.004547134804354393,0.3104690876900804
2023-03-01,2023-03-31,PYPL,0.0029774321489008516,0.031793476186756875
2023-03-01,2023-03-31,AMZN,0.03812035524309966,0.0961476943206232
2023-03-01,2023-03-31,TSLA,0.0267948978250452,0.008507121398494633
2023-03-01,2023-03-31,HD,0.013785597055513578,0.0024183630674008416
2023-03-01,2023-03-31,MCD,0.0091213756889741,0.059489841469381854
2023-03-01,2023-03-31,NKE,0.005892601667774484,0.035353915414026105
2023-03-01,2023-03-31,LOW,0.005927077191074545,-0.028092219760774473
2023-03-01,2023-03-31,SBUX,0.005309946573954663,0.019982217340432706
2023-03-01,2023-03-31,BKNG,0.00470250331168458,0.05087570190473256
2023-03-01,2023-03-31,TGT,0.0034304144553958193,-0.017032660309982295
2023-03-01,2023-03-31,GM,0.002679533617217429,-0.050969301497698294
2023-03-01,2023-03-31,F,0.0022698172987137503,0.04391050194375956
2023-03-01,2023-03-31,BRKB,0.025496183671720744,0.011763537663180168
2023-03-01,2023-03-31,JPM,0.020022957424066744,-0.09096585157185366
2023-03-01,2023-03-31,BAC,0.010673328750240898,-0.16077281546501798
2023-03-01,2023-03-31,WFC,0.008141475336919257,-0.20076965457146623
2023-03-01,2023-03-31,MS,0.006112990615561135,-0.0901554546903156
2023-03-01,2023-03-31,GS,0.005828645101767619,-0.06312476739739903
2023-03-01,2023-03-31,SCHW,0.005287665591037557,-0.32777209007716024
2023-03-01,2023-03-31,AXP,0.004803014558185069,-0.05195703876172053
2023-03-01,2023-03-31,BLK,0.004496411411643433,-0.02242877488970385
2023-03-01,2023-03-31,C,0.004421705086394752,-0.07496556072643612
2023-03-01,2023-03-31,USB,0.0027565472990318,-0.2345660775088556
2023-03-01,2023-03-31,MET,0.0021332963818517657,-0.19224878818403723
2023-03-01,2023-03-31,AIG,0.002041207386855412,-0.1703769023913556
2023-03-01,2023-03-31,COF,0.0018872261773340798,-0.11844504676099321
2023-03-01,2023-03-31,BK,0.0017949914291111044,-0.106918290442793
2023-03-01,2023-03-31,GOOGL,0.02681233432729896,0.15178750754021553
2023-03-01,2023-03-31,GOOG,0.02384222784889544,0.15171643627399467
2023-03-01,2023-03-31,META,0.017986014206249686,0.2115010340899941
2023-03-01,2023-03-31,DIS,0.00752187447017203,0.005220335735580894
2023-03-01,2023-03-31,VZ,0.006904471034637384,0.0020611636304534997
2023-03-01,2023-03-31,CMCSA,0.006331953641136097,0.019908444808737658
2023-03-01,2023-03-31,NFLX,0.006323076508432943,0.0724862320732742
2023-03-01,2023-03-31,T,0.005898036801707493,0.017980042795183282
2023-03-01,2023-03-31,TMUS,0.0038455238526089843,0.018708602954214282
2023-03-01,2023-03-31,CHTR,0.0014455253807373056,-0.027202743120365858
2023-03-01,2023-03-31,XOM,0.021391659381391773,-0.0022745903558514247
2023-03-01,2023-03-31,CVX,0.01281414490279517,0.014865966730979396
2023-03-01,2023-03-31,COP,0.005820871088719137,-0.03411314495313811
2023-03-01,2023-03-31,UNH,0.01993551813191872,-0.003502081381687616
2023-03-01,2023-03-31,JNJ,0.0193296289976597,0.011353197222124356
2023-03-01,2023-03-31,ABBV,0.0135914056828545,0.035542390304242444
2023-03-01,2023-03-31,MRK,0.012571065891997872,0.00837397043948429
2023-03-01,2023-03-31,LLY,0.012865452878480463,0.10346394304136708
2023-03-01,2023-03-31,PFE,0.009764206470396993,0.005669223078635932
2023-03-01,2023-03-31,TMO,0.00936538706354362,0.06457237931617321
2023-03-01,2023-03-31,ABT,0.007579188984361776,-0.00452225605277623
2023-03-01,2023-03-31,DHR,0.007032634008236504,0.01933204221020457
2023-03-01,2023-03-31,BMY,0.00636663210736697,0.005075165049390984
2023-03-01,2023-03-31,AMGN,0.0057001423828439155,0.04355529322614404
2023-03-01,2023-03-31,MDT,0.004675412530859806,-0.017974816386559622
2023-03-01,2023-03-31,CVS,0.005049375808221084,-0.11048615829753139
2023-03-01,2023-03-31,GILD,0.004760941222739166,0.04011055498962901
2023-03-01,2023-03-31,PG,0.014230783505931915,0.0809101663011016
2023-03-01,2023-03-31,PEP,0.010246127808658068,0.057637759611234074
2023-03-01,2023-03-31,KO,0.010995285043943032,0.050341155531731685
2023-03-01,2023-03-31,COST,0.010560325103766517,0.02620934658968399
2023-03-01,2023-03-31,WMT,0.009953846065433045,0.04168272383185179
2023-03-01,2023-03-31,PM,0.0073746091732231015,0.01292836328155933
2023-03-01,2023-03-31,MDLZ,0.0038341768059801684,0.075537931112593
2023-03-01,2023-03-31,MO,0.003973722835197519,-0.018550101283774767
2023-03-01,2023-03-31,CL,0.0026596948662323955,0.0252386241557383
2023-03-01,2023-03-31,KHC,0.0012417189599011507,0.0035416965733452432
2023-03-01,2023-03-31,LIN,0.00815424951368302,0.02411778072730697
2023-03-01,2023-03-31,DOW,0.0016543864230421602,-0.04160820519028441
2023-03-01,2023-03-31,RTX,0.006960924271744911,-0.0016313274914954157
2023-03-01,2023-03-31,UPS,0.005632140807168272,0.06301699445297482
2023-03-01,2023-03-31,HON,0.005795066765105811,-0.0018800877682517703
2023-03-01,2023-03-31,UNP,0.005677689815346135,-0.029043090306761887
2023-03-01,2023-03-31,CAT,0.006415402402091645,-0.04470877752172231
2023-03-01,2023-03-31,BA,0.004778762800766414,0.053981589974124056
2023-03-01,2023-03-31,LMT,0.00483180709475729,-0.003226103814252923
2023-03-01,2023-03-31,GE,0.004814568597361741,0.12960251560981462
2023-03-01,2023-03-31,MMM,0.0025904112255406594,-0.02441034452599944
2023-03-01,2023-03-31,GD,0.0025265469682513512,0.0013164226807858004
2023-03-01,2023-03-31,EMR,0.002283610864595361,0.05356066648636704
2023-03-01,2023-03-31,FDX,0.002274761917030757,0.13060431524961946
2023-03-01,2023-03-31,NEE,0.006267009352556381,0.08517519343369484
2023-03-01,2023-03-31,DUK,0.003409803931549385,0.023445726958768454
2023-03-01,2023-03-31,SO,0.0032999707223916566,0.10339366061412436
2023-03-01,2023-03-31,EXC,0.0019050184814086014,0.0371379424827587
2023-03-01,2023-03-31,AMT,0.003967181093712605,0.03196805533467417
2023-03-01,2023-03-31,SPG,0.0021211794270959176,-0.06917632169060017
2023-03-01,2023-03-31,CASHUSD,0.003293974042871821,0.003991328492151114
2023-04-01,2023-04-28,AAPL,0.11063564452222638,0.028987137259102624
2023-04-01,2023-04-28,MSFT,0.09067529956582716,0.06576472687313695
2023-04-01,2023-04-28,NVDA,0.03341204926604412,-0.001008027754134777
2023-04-01,2023-04-28,AVGO,0.013161756990678411,-0.023443589430382605
2023-04-01,2023-04-28,CSCO,0.009593293286557138,-0.0894239561693696
2023-04-01,2023-04-28,CRM,0.00762578587590528,-0.00705797395580654
2023-04-01,2023-04-28,ACN,0.006582504835337975,-0.01546228428264207
2023-04-01,2023-04-28,ADBE,0.006302337546864391,-0.02026623156330265
2023-04-01,2023-04-28,TXN,0.0073793597312885465,-0.10112368169436203
2023-04-01,2023-04-28,AMD,0.00712301706970698,-0.08815426182359576
2023-04-01,2023-04-28,ORCL,0.006208737525533204,0.023640181748994626
2023-04-01,2023-04-28,QCOM,0.006062763335598736,-0.08449607475753762
2023-04-01,2023-04-28,INTC,0.005642553242308764,-0.04928061123565186
2023-04-01,2023-04-28,IBM,0.005190543984593949,-0.035700429626905006
2023-04-01,2023-04-28,AMZN,0.03991130218672431,0.02091195675834423
2023-04-01,2023-04-28,TSLA,0.025747608147235115,-0.20799193945263272
2023-04-01,2023-04-28,HD,0.01298806963797092,0.018365582605789355
2023-04-01,2023-04-28,MCD,0.009189480391657102,0.05772333894524295
2023-04-01,2023-04-28,NKE,0.005720461063774427,0.033268129584296036
2023-04-01,2023-04-28,LOW,0.005335651970107333,0.04450259843163118
2023-04-01,2023-04-28,SBUX,0.005155075512738748,0.0975703992749446
2023-04-01,2023-04-28,BKNG,0.004703482400621985,0.012780849955860374
2023-04-01,2023-04-28,GM,0.0023632069003171013,-0.09923643639776847
2023-04-01,2023-04-28,F,0.0022368238745967394,-0.045367008521220664
2023-04-01,2023-04-28,GOOGL,0.029188807252997828,0.03480180977424707
2023-04-01,2023-04-28,GOOG,0.02552319731885135,0.04057694466685402
2023-04-01,2023-04-28,META,0.020443612925116605,0.1339059037004564
2023-04-01,2023-04-28,DIS,0.007181616284966001,0.023669265736005585
2023-04-01,2023-04-28,VZ,0.006558122495091662,0.014981409393225231
2023-04-01,2023-04-28,CMCSA,0.005968991166766206,0.09965884037884809
2023-04-01,2023-04-28,NFLX,0.006432539440398583,-0.045009849776145416
2023-04-01,2023-04-28,T,0.005691813202480827,-0.06905978324416817
2023-04-01,2023-04-28,TMUS,0.0036863573564600662,-0.006490098559427948
2023-04-01,2023-04-28,CHTR,0.0013084149550069122,0.031011513407731783
2023-04-01,2023-04-28,BRKB,0.025205725049749595,0.06406062597754936
2023-04-01,2023-04-28,JPM,0.017785117917688657,0.06918060257405534
2023-04-01,2023-04-28,V,0.015284237280969441,0.032245167252201945
2023-04-01,2023-04-28,MA,0.012642296729587667,0.04737417437365399
2023-04-01,2023-04-28,BAC,0.008696005939051125,0.02377629168054063
2023-04-01,2023-04-28,WFC,0.0063579754388796055,0.06340293221339022
2023-04-01,2023-04-28,MS,0.005384779015220256,0.03358987571374694
2023-04-01,2023-04-28,GS,0.005297084381760939,0.04992212526033879
2023-04-01,2023-04-28,BLK,0.004257587466808641,0.003108633943561534
2023-04-01,2023-04-28,AXP,0.004429466135726517,-0.018261759421106638
2023-04-01,2023-04-28,C,0.004000716672879639,0.014844012647218463
2023-04-01,2023-04-28,PYPL,0.002856166894652279,0.0007902195184830152
2023-04-01,2023-04-28,SCHW,0.003472679298008559,-0.0026726518508969344
2023-04-01,2023-04-28,USB,0.002097683729272616,-0.049098479387452265
2023-04-01,2023-04-28,MET,0.001682105009087328,0.05850873193430872
2023-04-01,2023-04-28,AIG,0.0016419643560913763,0.0532169391737638
2023-04-01,2023-04-28,COF,0.0016239707850220972,0.011855140079182869
2023-04-01,2023-04-28,BK,0.0015757159596066531,-0.054347445758257784
2023-04-01,2023-04-28,XOM,0.02031125543612991,0.07915377002028356
2023-04-01,2023-04-28,CVX,0.012376857987399457,0.03321887552029734
2023-04-01,2023-04-28,COP,0.0052230794477460115,0.03709337257285128
2023-04-01,2023-04-28,UNH,0.0188149173463306,0.04126200282286452
2023-04-01,2023-04-28,JNJ,0.01858109087336337,0.05612907018526392
2023-04-01,2023-04-28,ABBV,0.01337752885905257,-0.04304303571928114
2023-04-01,2023-04-28,LLY,0.013493551430901371,0.15269905574824216
2023-04-01,2023-04-28,MRK,0.011965482934780822,0.08534647435273146
2023-04-01,2023-04-28,PFE,0.009333346264464991,-0.046813656366992085
2023-04-01,2023-04-28,TMO,0.009470322177594644,-0.03725030817961439
2023-04-01,2023-04-28,ABT,0.007171281689788276,0.09640615260999086
2023-04-01,2023-04-28,DHR,0.006809325438955014,-0.060030087531718235
2023-04-01,2023-04-28,BMY,0.00608206706425753,-0.0287175608395831
2023-04-01,2023-04-28,AMGN,0.005657203510699819,-0.008314534524254458
2023-04-01,2023-04-28,MDT,0.00432776502145889,0.1281318815904049
2023-04-01,2023-04-28,GILD,0.004631721723191461,-0.009159876231569553
2023-04-01,2023-04-28,CVS,0.004170724654696059,-0.005348111041225456
2023-04-01,2023-04-28,PG,0.014638908566536966,0.058303022753417366
2023-04-01,2023-04-28,PEP,0.010286229375431395,0.04712017140631386
2023-04-01,2023-04-28,KO,0.010955931719830041,0.034177047776025704
2023-04-01,2023-04-28,COST,0.010385951697321389,0.012779942208992479
2023-04-01,2023-04-28,WMT,0.009808081492222296,0.023872650434419107
2023-04-01,2023-04-28,PM,0.007046245333743154,0.02796919222565064
2023-04-01,2023-04-28,MDLZ,0.00390725305867824,0.1004013378642743
2023-04-01,2023-04-28,MO,0.0036370304533258463,0.06476918322540892
2023-04-01,2023-04-28,TGT,0.003092277830358378,-0.04757606750748122
2023-04-01,2023-04-28,CL,0.0026044958863758005,0.06866250013161168
2023-04-01,2023-04-28,KHC,0.0011859602660750244,0.015515911721605269
2023-04-01,2023-04-28,LIN,0.00787886707998815,0.03941584597703507
2023-04-01,2023-04-28,DOW,0.0015056545409613882,-0.007661421376496058
2023-04-01,2023-04-28,NEE,0.006474008458886999,-0.005838056168149475
2023-04-01,2023-04-28,SO,0.003468604135094505,0.05705680367734267
2023-04-01,2023-04-28,DUK,0.003324004058198437,0.024981894026907314
2023-04-01,2023-04-28,EXC,0.0018789799316191293,0.01312951448490085
2023-04-01,2023-04-28,RTX,0.006591097757216033,0.02011655605642737
2023-04-01,2023-04-28,UPS,0.005698025112306032,-0.07309680719776002
2023-04-01,2023-04-28,HON,0.005470404867511756,0.0456255326345405
2023-04-01,2023-04-28,UNP,0.005220811707155593,-0.027625872355684256
2023-04-01,2023-04-28,BA,0.004809510211792534,-0.0265969688428489
2023-04-01,2023-04-28,CAT,0.005831871324012118,-0.03868350010847588
2023-04-01,2023-04-28,LMT,0.004470703163538487,-0.017515139588207718
2023-04-01,2023-04-28,GE,0.005150661873334079,0.035251175508184796
2023-04-01,2023-04-28,MMM,0.0024027354917566185,0.010560148389058943
2023-04-01,2023-04-28,FDX,0.002354458401338849,-0.0031074552790547605
2023-04-01,2023-04-28,GD,0.002404628332407036,-0.03770859510275093
2023-04-01,2023-04-28,EMR,0.0022069966444335535,-0.04452598421767007
2023-04-01,2023-04-28,AMT,0.00392273922481722,0.007685605929750539
2023-04-01,2023-04-28,SPG,0.0018592585271342058,0.012056778522352207
2023-04-01,2023-04-28,CASHUSD,0.002508532293373943,0.0036301879415800986
2023-04-29,2023-05-31,AAPL,0.11147230130010527,0.04605854414168675
2023-04-29,2023-05-31,MSFT,0.0946263649240087,0.07110541455631414
2023-04-29,2023-05-31,NVDA,0.03268347902885356,0.3634363454528924
2023-04-29,2023-05-31,AVGO,0.012585611287062424,0.2896410830234917
2023-04-29,2023-05-31,CRM,0.00741429513514508,0.12607769118887457
2023-04-29,2023-05-31,CSCO,0.008490546795967743,0.05121700811338736
2023-04-29,2023-05-31,ACN,0.006320967595190517,0.09144070089039102
2023-04-29,2023-05-31,ADBE,0.006046093431604539,0.10655263069834309
2023-04-29,2023-05-31,TXN,0.006495072534905832,0.047958849186807706
2023-04-29,2023-05-31,ORCL,0.006197218751502446,0.11845443123520383
2023-04-29,2023-05-31,AMD,0.006359858434508115,0.32270331712609934
2023-04-29,2023-05-31,QCOM,0.005434983941998949,-0.02228090131137095
2023-04-29,2023-05-31,INTC,0.005252842524123006,0.016379571015639582
2023-04-29,2023-05-31,IBM,0.0049010045183486475,0.031116116136354233
2023-04-29,2023-05-31,AMZN,0.03999724271407883,0.14348037288458837
2023-04-29,2023-05-31,TSLA,0.020017649212277604,0.2411295460159617
2023-04-29,2023-05-31,HD,0.012983530230508673,-0.05007474088978847
2023-04-29,2023-05-31,MCD,0.009541338403711831,-0.03597651323181983
2023-04-29,2023-05-31,NKE,0.005802169400306377,-0.1693496585573364
2023-04-29,2023-05-31,SBUX,0.005554068464907145,-0.14142815128581399
2023-04-29,2023-05-31,LOW,0.005443523080469638,-0.03223774203080598
2023-04-29,2023-05-31,BKNG,0.004675957659748136,-0.06609061674056727
2023-04-29,2023-05-31,F,0.00207026989986722,0.010100916089015088
2023-04-29,2023-05-31,GM,0.002089640224432754,-0.01906786427324436
2023-04-29,2023-05-31,GOOGL,0.029557670150486298,0.1446806048183773
2023-04-29,2023-05-31,GOOG,0.025990018952715865,0.13999260204529773
2023-04-29,2023-05-31,META,0.02268467572744778,0.10153140014001583
2023-04-29,2023-05-31,DIS,0.007194196067410087,-0.1418536321204933
2023-04-29,2023-05-31,CMCSA,0.006374255498870782,-0.04882769835816014
2023-04-29,2023-05-31,VZ,0.006407739592825561,-0.08241068434324217
2023-04-29,2023-05-31,NFLX,0.006011448138974142,0.19792073389072873
2023-04-29,2023-05-31,T,0.005112797560476894,-0.10979081986854067
2023-04-29,2023-05-31,TMUS,0.0035839608299668914,-0.04621236036823606
2023-04-29,2023-05-31,CHTR,0.001320110148229734,-0.11540552455055064
2023-04-29,2023-05-31,BRKB,0.026236281988041312,-0.022736269968788525
2023-04-29,2023-05-31,JPM,0.018456446824644212,-0.01830171557753102
2023-04-29,2023-05-31,V,0.015433483336955437,-0.048421302932257215
2023-04-29,2023-05-31,MA,0.012932458328139291,-0.03949698037680127
2023-04-29,2023-05-31,BAC,0.008708840472411751,-0.05088795459638551
2023-04-29,2023-05-31,WFC,0.0066138714639214155,0.009343890874461858
2023-04-29,2023-05-31,MS,0.005397689945759094,-0.09125247659354341
2023-04-29,2023-05-31,GS,0.005440314040052053,-0.04971391654247048
2023-04-29,2023-05-31,BLK,0.0041777850964161735,-0.020336888820408183
2023-04-29,2023-05-31,AXP,0.004238144320929503,-0.017230606649999758
2023-04-29,2023-05-31,C,0.003928663888450968,-0.058423605811594004
2023-04-29,2023-05-31,PYPL,0.002796135412278127,-0.1843421113651741
2023-04-29,2023-05-31,SCHW,0.003388007901389994,0.013944742809907096
2023-04-29,2023-05-31,USB,0.0019512438833902306,-0.12777124612699764
2023-04-29,2023-05-31,MET,0.0017416845262091414,-0.18431573969406612
2023-04-29,2023-05-31,AIG,0.0016917362897467614,-0.0039592008650968236
2023-04-29,2023-05-31,COF,0.0016074836462499206,0.07841917682644928
2023-04-29,2023-05-31,BK,0.001444778217366057,-0.05611661602899887
2023-04-29,2023-05-31,XOM,0.02144283751472791,-0.12906306535051137
2023-04-29,2023-05-31,CVX,0.012510247955854871,-0.0977877227255366
2023-04-29,2023-05-31,COP,0.005299146378428436,-0.029915729691049386
2023-04-29,2023-05-31,UNH,0.01914640444458791,-0.009855967379043706
2023-04-29,2023-05-31,JNJ,0.019178409849922577,-0.04563257246755281
2023-04-29,2023-05-31,LLY,0.015200819817640947,0.08770044685078138
2023-04-29,2023-05-31,MRK,0.012691774576594688,-0.043821007680954094
2023-04-29,2023-05-31,ABBV,0.012397010130788023,-0.08708314463129008
2023-04-29,2023-05-31,PFE,0.008694411532875793,-0.011792104345392462
2023-04-29,2023-05-31,TMO,0.008910555573394725,-0.08369083140248812
2023-04-29,2023-05-31,ABT,0.007645912594820919,-0.07667245449402038
2023-04-29,2023-05-31,DHR,0.006255256119708469,-0.03077117311341304
2023-04-29,2023-05-31,BMY,0.005726136611683405,-0.03489576926818272
2023-04-29,2023-05-31,AMGN,0.005482785349117374,-0.07094396363973743
2023-04-29,2023-05-31,MDT,0.004771415072765428,-0.09004962891362067
2023-04-29,2023-05-31,GILD,0.004485177321278059,-0.06410411797555271
2023-04-29,2023-05-31,CVS,0.004021127881349281,-0.07202276328688595
2023-04-29,2023-05-31,PG,0.01507747579416294,-0.08875812788398152
2023-04-29,2023-05-31,PEP,0.010548082524141876,-0.04473763590107738
2023-04-29,2023-05-31,KO,0.01109588847945793,-0.0699922175310993
2023-04-29,2023-05-31,COST,0.010301029375961088,0.018693625339090802
2023-04-29,2023-05-31,WMT,0.009834421415065183,-0.0234622632535183
2023-04-29,2023-05-31,PM,0.007093454940820124,-0.09963002051933534
2023-04-29,2023-05-31,MDLZ,0.004210574522680563,-0.04314393451160092
2023-04-29,2023-05-31,MO,0.0037924634536162733,-0.0650390345892422
2023-04-29,2023-05-31,TGT,0.002884250801379277,-0.1643956596752122
2023-04-29,2023-05-31,CL,0.002708382628734991,-0.06791988402029847
2023-04-29,2023-05-31,KHC,0.0011794798336239585,-0.02673795246609334
2023-04-29,2023-05-31,LIN,0.008008377641355867,-0.04273940896124695
2023-04-29,2023-05-31,DOW,0.001461107166093503,-0.090664206492166
2023-04-29,2023-05-31,NEE,0.006294986766964132,-0.03521520561562075
2023-04-29,2023-05-31,SO,0.0035859955552433173,-0.04268881706282057
2023-04-29,2023-05-31,DUK,0.0033322626327460876,-0.08773856716885353
2023-04-29,2023-05-31,EXC,0.001861928190599849,-0.05775471672076804
2023-04-29,2023-05-31,RTX,0.006575616265057842,-0.07200813559477459
2023-04-29,2023-05-31,HON,0.005594013922536932,-0.036202389895063414
2023-04-29,2023-05-31,UPS,0.005165243419173018,-0.06231801962925487
2023-04-29,2023-05-31,UNP,0.004964789318071878,-0.009581415710972596
2023-04-29,2023-05-31,BA,0.004578517309999589,-0.005222951143390886
2023-04-29,2023-05-31,CAT,0.005453219207463885,-0.059643600477923386
2023-04-29,2023-05-31,GE,0.005214937724120721,0.02586625300497114
2023-04-29,2023-05-31,LMT,0.004295733636082187,-0.037563677182832156
2023-04-29,2023-05-31,MMM,0.0023746506708275028,-0.10818701725935231
2023-04-29,2023-05-31,FDX,0.0022955039202174217,-0.04302382470632937
2023-04-29,2023-05-31,GD,0.0022498911399616386,-0.06485313727117492
2023-04-29,2023-05-31,EMR,0.00206228384774146,-0.061099577503698765
2023-04-29,2023-05-31,AMT,0.0038384865329302684,-0.09760755148310907
2023-04-29,2023-05-31,SPG,0.0018408818290476764,-0.07209685251345244
2023-04-29,2023-05-31,CASHUSD,0.003488689065193707,0.0037516129140693355
2023-06-01,2023-06-30,AAPL,0.11347138162430113,0.09432981451871325
2023-06-01,2023-06-30,MSFT,0.09855054539253597,0.03699872792466019
2023-06-01,2023-06-30,NVDA,0.04342362198347998,0.11821060922756588
2023-06-01,2023-06-30,AVGO,0.01581645978859485,0.07932469684876242
2023-06-01,2023-06-30,CRM,0.008135837453462375,-0.05425736615968768
2023-06-01,2023-06-30,CSCO,0.008697458764890156,0.04167503213089274
2023-06-01,2023-06-30,ACN,0.006722831411888115,0.008695006170491126
2023-06-01,2023-06-30,ADBE,0.0065193518003744165,0.17042049889471578
2023-06-01,2023-06-30,AMD,0.008197338426033802,-0.03637590267884627
2023-06-01,2023-06-30,ORCL,0.006754364667622724,0.12412700352462624
2023-06-01,2023-06-30,TXN,0.00658193464634339,0.035311702502920594
2023-06-01,2023-06-30,INTC,0.005181980318875301,0.06361317201200944
2023-06-01,2023-06-30,QCOM,0.005143497084902963,0.049642623429651866
2023-06-01,2023-06-30,IBM,0.004859911262805732,0.04059389283780135
2023-06-01,2023-06-30,AMZN,0.044576559347303805,0.08110796675057008
2023-06-01,2023-06-30,TSLA,0.024214526051371518,0.28362672689273194
2023-06-01,2023-06-30,HD,0.011934904236113522,0.09592530283341527
2023-06-01,2023-06-30,MCD,0.008964847068263697,0.05220462313688756
2023-06-01,2023-06-30,NKE,0.0046973562421587884,0.05199794933260038
2023-06-01,2023-06-30,LOW,0.0051354188059749405,0.12215962997959373
2023-06-01,2023-06-30,SBUX,0.00462531391102858,0.014543149826811153
2023-06-01,2023-06-30,BKNG,0.004259012394462338,0.07635607372935982
2023-06-01,2023-06-30,F,0.002034534458275905,0.2608335934401633
2023-06-01,2023-06-30,GM,0.0020045478381394504,0.1930691487662275
2023-06-01,2023-06-30,GOOGL,0.03287070190453118,-0.02579960605808318
2023-06-01,2023-06-30,GOOG,0.028784834062305562,-0.019453642513217684
2023-06-01,2023-06-30,META,0.02427647404236399,0.08408871666917661
2023-06-01,2023-06-30,NFLX,0.0069961697956966145,0.11451562666946691
2023-06-01,2023-06-30,CMCSA,0.005890360505116955,0.055908499931975664
2023-06-01,2023-06-30,DIS,0.0059979211847880085,0.015006697983999562
2023-06-01,2023-06-30,VZ,0.005712221258695099,0.04378331975525129
2023-06-01,2023-06-30,T,0.004422621137582701,0.013986029948053647
2023-06-01,2023-06-30,TMUS,0.0033242936305661656,0.012021825015994025
2023-06-01,2023-06-30,CHTR,0.0011323816673428834,0.1263835719518236
2023-06-01,2023-06-30,BRKB,0.025033418080966367,0.06204065734645514
2023-06-01,2023-06-30,JPM,0.017690065459823923,0.07169697290737664
2023-06-01,2023-06-30,V,0.014310912628557368,0.07442432592912995
2023-06-01,2023-06-30,MA,0.012127931043989371,0.07747526144672623
2023-06-01,2023-06-30,BAC,0.008070177667056257,0.04062376667956347
2023-06-01,2023-06-30,WFC,0.006467173573619432,0.07209264619772826
2023-06-01,2023-06-30,GS,0.005011296234246544,-0.004198767680890447
2023-06-01,2023-06-30,MS,0.004790971445542228,0.04452049098102773
2023-06-01,2023-06-30,BLK,0.0039886532136214695,0.058813323002939066
2023-06-01,2023-06-30,AXP,0.004070084462757227,0.09863752393107839
2023-06-01,2023-06-30,C,0.003614734352216165,0.03880854341760642
2023-06-01,2023-06-30,SCHW,0.003330619726972122,0.07572617359078904
2023-06-01,2023-06-30,PYPL,0.0022228284387528258,0.07646395767306124
2023-06-01,2023-06-30,USB,0.001658774318412507,0.12167537100891024
2023-06-01,2023-06-30,COF,0.0016779832559143705,0.04951535280178665
2023-06-01,2023-06-30,AIG,0.0016423057229254991,0.0962211995164104
2023-06-01,2023-06-30,MET,0.0013715640244071467,0.14086790262486826
2023-06-01,2023-06-30,BK,0.0013291726668994714,0.10746272853430483
2023-06-01,2023-06-30,UNH,0.018505903209030814,-0.009496161597452257
2023-06-01,2023-06-30,JNJ,0.017733248165733864,0.06745763643976166
2023-06-01,2023-06-30,LLY,0.016098002928402376,0.09202260396865203
2023-06-01,2023-06-30,MRK,0.011846299323862521,0.052087329293351026
2023-06-01,2023-06-30,ABBV,0.011047742581517661,-0.02341270312891708
2023-06-01,2023-06-30,PFE,0.008297318136794626,-0.035244626897743214
2023-06-01,2023-06-30,TMO,0.007970073326729247,0.02682120910011343
2023-06-01,2023-06-30,ABT,0.006891455263653047,0.06882359510880232
2023-06-01,2023-06-30,DHR,0.005918133819628325,0.046408515968660025
2023-06-01,2023-06-30,BMY,0.005394632123992347,-0.007603903832420822
2023-06-01,2023-06-30,AMGN,0.0049263707598289136,0.0062089966642651095
2023-06-01,2023-06-30,MDT,0.004239145427514014,0.07290602267806623
2023-06-01,2023-06-30,GILD,0.004100136027866343,0.011358324918899987
2023-06-01,2023-06-30,CVS,0.0036458010339002448,0.01616899288384621
2023-06-01,2023-06-30,XOM,0.018112792418052595,0.04961812245058317
2023-06-01,2023-06-30,CVX,0.01093476681687982,0.04468207221397713
2023-06-01,2023-06-30,COP,0.005003946815844972,0.04967283548534551
2023-06-01,2023-06-30,PG,0.013416848309145791,0.06484209195862078
2023-06-01,2023-06-30,PEP,0.00983974420599212,0.022834462009319267
2023-06-01,2023-06-30,KO,0.010077111836631538,0.01707393643550037
2023-06-01,2023-06-30,COST,0.010225865870464033,0.05242780733123098
2023-06-01,2023-06-30,WMT,0.009342731437548097,0.07019815972345778
2023-06-01,2023-06-30,PM,0.006236795611541793,0.0990327251508123
2023-06-01,2023-06-30,MDLZ,0.0039379767051117755,-0.0011503077884166268
2023-06-01,2023-06-30,MO,0.0034566467605668654,0.041199199790007635
2023-06-01,2023-06-30,CL,0.0024693665465772827,0.03576225355313567
2023-06-01,2023-06-30,TGT,0.002333668993139688,0.007408570947601056
2023-06-01,2023-06-30,KHC,0.001119032085950295,-0.061418082134010676
2023-06-01,2023-06-30,LIN,0.007484839604431943,0.08143096291995322
2023-06-01,2023-06-30,DOW,0.0012769643034378979,0.09184108710925654
2023-06-01,2023-06-30,NEE,0.005902197909961408,0.010073363360712406
2023-06-01,2023-06-30,SO,0.0033301370617766146,0.007168233333223917
2023-06-01,2023-06-30,DUK,0.0029379217509444312,0.005039861182299932
2023-06-01,2023-06-30,EXC,0.0016984123064756771,0.02749061258597285
2023-06-01,2023-06-30,RTX,0.005926804247722308,0.06316481354451797
2023-06-01,2023-06-30,HON,0.005241612691882909,0.08298535296533527
2023-06-01,2023-06-30,UPS,0.004688745830446272,0.07335301325501886
2023-06-01,2023-06-30,UNP,0.004773773249130467,0.06285058508452623
2023-06-01,2023-06-30,BA,0.004452186312129849,0.026543542998889835
2023-06-01,2023-06-30,GE,0.005229870599836232,0.08194633988020317
2023-06-01,2023-06-30,CAT,0.005002788455024745,0.19586874370620921
2023-06-01,2023-06-30,LMT,0.0040150233997756175,0.036868422810950596
2023-06-01,2023-06-30,MMM,0.002034980885552404,0.07266109758568229
2023-06-01,2023-06-30,FDX,0.0021527546923565954,0.1436643191895297
2023-06-01,2023-06-30,GD,0.0020524509026345664,0.05372705455295468
2023-06-01,2023-06-30,EMR,0.0018861608419591012,0.16361988602909716
2023-06-01,2023-06-30,AMT,0.0033854431043622377,0.060130277820941824
2023-06-01,2023-06-30,SPG,0.0016651706312852763,0.11656942805749759
2023-06-01,2023-06-30,CASHUSD,0.003420024192099483,0.004606014840327521
2023-07-01,2023-07-31,AAPL,0.11676926278901716,0.01278578383820328
2023-07-01,2023-07-31,MSFT,0.09656320267832333,-0.013566604913270774
2023-07-01,2023-07-31,NVDA,0.0461713014554981,0.10465215982970189
2023-07-01,2023-07-31,AVGO,0.016025338744762432,0.03599154536841742
2023-07-01,2023-07-31,ADBE,0.007232013731132511,0.11693489400135704
2023-07-01,2023-07-31,CSCO,0.00854446434959075,0.013425303201041405
2023-07-01,2023-07-31,CRM,0.007125851751936654,0.06508558135932807
2023-07-01,2023-07-31,ACN,0.006432781533181875,0.028900635368556138
2023-07-01,2023-07-31,AMD,0.007462781819775834,0.004301622754951495
2023-07-01,2023-07-31,ORCL,0.007191586744165085,-0.012163902175623464
2023-07-01,2023-07-31,TXN,0.006456285245756755,0.006914405248440891
2023-07-01,2023-07-31,INTC,0.005255735710952847,0.06967710109177228
2023-07-01,2023-07-31,QCOM,0.005101315548959255,0.11029909263570703
2023-07-01,2023-07-31,IBM,0.004802799361750381,0.07749805197162574
2023-07-01,2023-07-31,AMZN,0.045605766760099836,0.025467873963526566
2023-07-01,2023-07-31,TSLA,0.029426998196442265,0.021622049507798113
2023-07-01,2023-07-31,HD,0.012282988956642552,0.0746842624217956
2023-07-01,2023-07-31,MCD,0.008840012477686498,-0.017459168683976456
2023-07-01,2023-07-31,NKE,0.004604499142985781,0.0001811563810754091
2023-07-01,2023-07-31,LOW,0.005370500191494901,0.04287306531374502
2023-07-01,2023-07-31,SBUX,0.004424068929212849,0.025338166545238572
2023-07-01,2023-07-31,BKNG,0.004123028002748466,0.10016189827531163
2023-07-01,2023-07-31,F,0.0024378204738681104,-0.11739637622819332
2023-07-01,2023-07-31,GM,0.002237728938618898,-0.004927339593672975
2023-07-01,2023-07-31,GOOGL,0.030340357356308044,0.10877198938926536
2023-07-01,2023-07-31,META,0.024845463206810393,0.11018172261019754
2023-07-01,2023-07-31,GOOG,0.02638771434296899,0.10035549575414349
2023-07-01,2023-07-31,NFLX,0.00739297101436695,-0.0034507123426921193
2023-07-01,2023-07-31,CMCSA,0.0058415736148837724,0.09694630149927685
2023-07-01,2023-07-31,DIS,0.00578422018767332,-0.004368281979940325
2023-07-01,2023-07-31,VZ,0.00566895159863611,-0.06721984600935382
2023-07-01,2023-07-31,T,0.004271364517929415,-0.07342387443319187
2023-07-01,2023-07-31,TMUS,0.003104395278246885,-0.008135463625505879
2023-07-01,2023-07-31,CHTR,0.0012005417512659313,0.10294800290414163
2023-07-01,2023-07-31,BRKB,0.024936801208548777,0.03214073740492118
2023-07-01,2023-07-31,JPM,0.01789889605109469,0.09354249416245453
2023-07-01,2023-07-31,V,0.014505665403990177,0.0010527059651037618
2023-07-01,2023-07-31,MA,0.012281158558039388,0.003941573950848376
2023-07-01,2023-07-31,BAC,0.007842792597039997,0.11537128829062238
2023-07-01,2023-07-31,WFC,0.006470000825077094,0.08153681628576681
2023-07-01,2023-07-31,MS,0.004729368924245968,0.08204741609594612
2023-07-01,2023-07-31,GS,0.004640873381129503,0.10333593555477316
2023-07-01,2023-07-31,AXP,0.004228417293963149,-0.027215063038572462
2023-07-01,2023-07-31,BLK,0.003980358635607745,0.06903062460262199
2023-07-01,2023-07-31,C,0.003573504192593594,0.03518702663331208
2023-07-01,2023-07-31,SCHW,0.003313703779763307,0.16619643120914396
2023-07-01,2023-07-31,PYPL,0.002240127162693254,0.13622063125905504
2023-07-01,2023-07-31,USB,0.00174432625955361,0.2009683747859985
2023-07-01,2023-07-31,AIG,0.0016531706516535096,0.04761886210640642
2023-07-01,2023-07-31,COF,0.0016652006895938566,0.0699458502584065
2023-07-01,2023-07-31,MET,0.0014493202833217316,0.11392193447845833
2023-07-01,2023-07-31,BK,0.0013600457788683481,0.02833539044314959
2023-07-01,2023-07-31,UNH,0.017212438533317515,0.05353269452375109
2023-07-01,2023-07-31,JNJ,0.0178036954350563,0.01214344442468862
2023-07-01,2023-07-31,LLY,0.01661838780792017,-0.030768976123038416
2023-07-01,2023-07-31,MRK,0.01172426982244647,-0.07574307656963575
2023-07-01,2023-07-31,ABBV,0.010184683362035032,0.12252849829537693
2023-07-01,2023-07-31,PFE,0.007617555200629864,-0.005949957337362588
2023-07-01,2023-07-31,TMO,0.007611073635262281,0.0515760506955425
2023-07-01,2023-07-31,ABT,0.00695118379382613,0.026086179074113147
2023-07-01,2023-07-31,DHR,0.005930260388562438,0.06275004540737594
2023-07-01,2023-07-31,BMY,0.005005488664781258,-0.018882109386050838
2023-07-01,2023-07-31,AMGN,0.004693046007462096,0.054634768188114746
2023-07-01,2023-07-31,MDT,0.004269905894986743,-0.0038590897556857184
2023-07-01,2023-07-31,GILD,0.003884845803123215,-0.012066907338344701
2023-07-01,2023-07-31,CVS,0.0034968355242891995,0.08928849873468003
2023-07-01,2023-07-31,XOM,0.017680070167508336,-9.326533090159295e-05
2023-07-01,2023-07-31,CVX,0.010599809923141633,0.04010136639533002
2023-07-01,2023-07-31,COP,0.004889096731268829,0.13618372590439876
2023-07-01,2023-07-31,PG,0.013507860637258248,0.03654126026407378
2023-07-01,2023-07-31,PEP,0.009461406627006466,0.012093763715159689
2023-07-01,2023-07-31,COST,0.010179247233022107,0.0414017255950363
2023-07-01,2023-07-31,KO,0.009626178603421775,0.02839582951043984
2023-07-01,2023-07-31,WMT,0.009464191404445677,0.017050250602688388
2023-07-01,2023-07-31,PM,0.006409384226843276,0.0215120246322118
2023-07-01,2023-07-31,MDLZ,0.00369892360413676,0.016314850606256037
2023-07-01,2023-07-31,MO,0.0033408119150897778,0.0026489961089000147
2023-07-01,2023-07-31,CL,0.0024060107425361984,-0.0038678526210378372
2023-07-01,2023-07-31,TGT,0.0022346701911154635,0.03464761423636187
2023-07-01,2023-07-31,KHC,0.0009833989969367577,0.019155058105946976
2023-07-01,2023-07-31,LIN,0.007598162168996615,0.025165359116628983
2023-07-01,2023-07-31,DOW,0.0013288714063094558,0.06027021990913006
2023-07-01,2023-07-31,NEE,0.005751676873235599,-0.012129139175887205
2023-07-01,2023-07-31,SO,0.003179186353059161,0.029750794578025097
2023-07-01,2023-07-31,DUK,0.0028049339435303644,0.04323589222432522
2023-07-01,2023-07-31,EXC,0.0016600574912067094,0.0274912389440074
2023-07-01,2023-07-31,RTX,0.005942587967338172,-0.1023887559059169
2023-07-01,2023-07-31,HON,0.005343200685394933,-0.06443379850310482
2023-07-01,2023-07-31,UPS,0.0047251984216365615,0.04396122609379094
2023-07-01,2023-07-31,CAT,0.0056115431146191025,0.08304490007786147
2023-07-01,2023-07-31,UNP,0.0047753067031700925,0.1339067898064248
2023-07-01,2023-07-31,GE,0.0053468121230250375,0.04073251170044867
2023-07-01,2023-07-31,BA,0.004344491509248458,0.1311327995888596
2023-07-01,2023-07-31,LMT,0.0039031908494057193,-0.03043141675726868
2023-07-01,2023-07-31,FDX,0.0022989791842746915,0.0889472214438023
2023-07-01,2023-07-31,MMM,0.002068987796041278,0.11399745063277011
2023-07-01,2023-07-31,EMR,0.0020721798701547685,0.0106205156220478
2023-07-01,2023-07-31,GD,0.0020511080256295122,0.045595890786412685
2023-07-01,2023-07-31,AMT,0.0033650053207337216,-0.018717163895823674
2023-07-01,2023-07-31,SPG,0.0017366285331781026,0.07897471396957378
2023-07-01,2023-07-31,CASHUSD,0.002767742701911359,0.00386055963018328
2023-08-01,2023-08-31,AAPL,0.11433309124875965,-0.04238402344321324
2023-08-01,2023-08-31,MSFT,0.09208824770357804,-0.02222589665002228
2023-08-01,2023-08-31,NVDA,0.04930834985839918,0.05619639406771304
2023-08-01,2023-08-31,AVGO,0.01605006845415736,0.02697368415262069
2023-08-01,2023-08-31,ADBE,0.007809277098417516,0.02411345251003838
2023-08-01,2023-08-31,CRM,0.007337587437611262,-0.015776992475238005
2023-08-01,2023-08-31,CSCO,0.008308555246852142,0.10203686562362413
2023-08-01,2023-08-31,ACN,0.006375664211014338,0.023455095644546953
2023-08-01,2023-08-31,AMD,0.007245889203285356,-0.07587412752972944
2023-08-01,2023-08-31,ORCL,0.006844081129986212,0.0269555471409495
2023-08-01,2023-08-31,TXN,0.006240991526547853,-0.06633343246240664
2023-08-01,2023-08-31,INTC,0.005435161133070979,-0.014078226199866983
2023-08-01,2023-08-31,QCOM,0.005475740881239173,-0.1273286556599269
2023-08-01,2023-08-31,IBM,0.005003090756371304,0.03009928831617903
2023-08-01,2023-08-31,AMZN,0.04525181955827632,0.0323907994336623
2023-08-01,2023-08-31,TSLA,0.029088992356377495,-0.034962443852926794
2023-08-01,2023-08-31,HD,0.012772673732406838,-0.004285738662361482
2023-08-01,2023-08-31,MCD,0.008404064543512217,-0.03594274442193324
2023-08-01,2023-08-31,LOW,0.005393619872521209,-0.016177811515680318
2023-08-01,2023-08-31,NKE,0.0044559891292189815,-0.07863028795116289
2023-08-01,2023-08-31,SBUX,0.004389198777075274,-0.035545759304126845
2023-08-01,2023-08-31,BKNG,0.004390205915841579,0.04518314274862001
2023-08-01,2023-08-31,GM,0.002154572832179083,-0.12430083605439735
2023-08-01,2023-08-31,F,0.0020594634334754262,-0.08175618063022172
2023-08-01,2023-08-31,GOOGL,0.032469304940155416,0.025994578663316892
2023-08-01,2023-08-31,META,0.026622645596734242,-0.07128058615887922
2023-08-01,2023-08-31,GOOG,0.02802488877350718,0.03185333800070933
2023-08-01,2023-08-31,NFLX,0.007111008947750436,-0.012050922303035394
2023-08-01,2023-08-31,CMCSA,0.0061416151581802645,0.03314181844039532
2023-08-01,2023-08-31,DIS,0.005558351318537573,-0.05861172099129508
2023-08-01,2023-08-31,VZ,0.005013984897740028,0.026408291350170865
2023-08-01,2023-08-31,T,0.003753006723501977,0.01859500320500085
2023-08-01,2023-08-31,TMUS,0.002971988958718749,-0.011032770896740929
2023-08-01,2023-08-31,CHTR,0.0012780866348298255,0.0812704965013129
2023-08-01,2023-08-31,BRKB,0.024896844692534396,0.02341181086488575
2023-08-01,2023-08-31,JPM,0.018804218197245898,-0.07362623477589125
2023-08-01,2023-08-31,V,0.014046460053810153,0.0353844590960255
2023-08-01,2023-08-31,MA,0.011909199519954415,0.046565699797972426
2023-08-01,2023-08-31,BAC,0.008461801233616327,-0.0965962979395052
2023-08-01,2023-08-31,WFC,0.006768808641651516,-0.09850640135969058
2023-08-01,2023-08-31,MS,0.004904716021609558,-0.07000875029888376
2023-08-01,2023-08-31,GS,0.004953011991196647,-0.07145142617844824
2023-08-01,2023-08-31,BLK,0.004115648887471318,-0.05185069605104364
2023-08-01,2023-08-31,AXP,0.003965195177821265,-0.0644837360143905
2023-08-01,2023-08-31,SCHW,0.003738136663601258,-0.10170428200990445
2023-08-01,2023-08-31,C,0.0035783087867355136,-0.12360344513189903
2023-08-01,2023-08-31,PYPL,0.0024620328683661367,-0.17554741147268238
2023-08-01,2023-08-31,USB,0.0020263591989479806,-0.07938504452470896
2023-08-01,2023-08-31,COF,0.0017233593602548882,-0.12034712774302314
2023-08-01,2023-08-31,AIG,0.0016753466427620778,-0.029197025511064068
2023-08-01,2023-08-31,MET,0.0015616867262703109,0.014176951142079286
2023-08-01,2023-08-31,BK,0.0013403854676507856,-0.010802575792977831
2023-08-01,2023-08-31,UNH,0.017552096776335527,-0.058830407214832015
2023-08-01,2023-08-31,JNJ,0.017442368511317002,-0.027912102922847293
2023-08-01,2023-08-31,LLY,0.01559027107308122,0.221841260017404
2023-08-01,2023-08-31,MRK,0.01048893341778538,0.02184732443263826
2023-08-01,2023-08-31,ABBV,0.01094472464089888,-0.017515459691220703
2023-08-01,2023-08-31,TMO,0.007746970915631774,0.015383034308318777
2023-08-01,2023-08-31,PFE,0.0072487209539526835,-0.018857439998022918
2023-08-01,2023-08-31,ABT,0.006870931213557555,-0.07572074720993549
2023-08-01,2023-08-31,DHR,0.006100176367984315,0.038971110994053815
2023-08-01,2023-08-31,BMY,0.004711677751700106,-0.00868290648046044
2023-08-01,2023-08-31,AMGN,0.004790840800032498,0.10363818562898386
2023-08-01,2023-08-31,MDT,0.004117043805979473,-0.07133109592458942
2023-08-01,2023-08-31,CVS,0.0036569850960749355,-0.12746019099488848
2023-08-01,2023-08-31,GILD,0.003714916027320812,0.004465580722900153
2023-08-01,2023-08-31,XOM,0.01711812894629106,0.04533251562575935
2023-08-01,2023-08-31,CVX,0.010675398875487468,-0.006181957709510355
2023-08-01,2023-08-31,COP,0.005378826101266411,0.0155287519889451
2023-08-01,2023-08-31,PG,0.013459687615667043,-0.012540129063162708
2023-08-01,2023-08-31,PEP,0.009263436571416223,-0.044213914499923956
2023-08-01,2023-08-31,COST,0.010254371715818642,-0.018463441712351147
2023-08-01,2023-08-31,KO,0.009576454405844566,-0.033909241278489266
2023-08-01,2023-08-31,WMT,0.009311323818876347,0.02081870069899372
2023-08-01,2023-08-31,PM,0.006333599654654657,-0.03670292967174338
2023-08-01,2023-08-31,MDLZ,0.0036365796897548978,-0.03871574625735841
2023-08-01,2023-08-31,MO,0.0032403117352410764,-0.026419869121426354
2023-08-01,2023-08-31,CL,0.0023039511844549295,-0.036585152415279376
2023-08-01,2023-08-31,TGT,0.002236669845654087,-0.06474079997481863
2023-08-01,2023-08-31,KHC,0.0009695188999938011,-0.07441042284227684
2023-08-01,2023-08-31,LIN,0.0075412518171671895,-0.009291773020917993
2023-08-01,2023-08-31,DOW,0.001364191611484075,-0.02142276976053703
2023-08-01,2023-08-31,NEE,0.005493527290372927,-0.082363106932137
2023-08-01,2023-08-31,SO,0.00316520862643422,-0.054024210693718544
2023-08-01,2023-08-31,DUK,0.0028292953641533727,-0.040762555607586015
2023-08-01,2023-08-31,EXC,0.001649101598812139,-0.03297327511202097
2023-08-01,2023-08-31,UNP,0.005243937562986164,-0.043785856590099925
2023-08-01,2023-08-31,CAT,0.005857048904170216,0.06018767918883716
2023-08-01,2023-08-31,UPS,0.004777160800189051,-0.08654332824887834
2023-08-01,2023-08-31,BA,0.004759218068756791,-0.06204733910618321
2023-08-01,2023-08-31,HON,0.004841268945877112,-0.02658775332883956
2023-08-01,2023-08-31,RTX,0.005165973012450362,-0.014666269991978953
2023-08-01,2023-08-31,GE,0.005385032729946976,0.0019258195054339122
2023-08-01,2023-08-31,LMT,0.0036650089430685395,0.011140644402370281
2023-08-01,2023-08-31,FDX,0.0024246707728450565,-0.03308019022235387
2023-08-01,2023-08-31,MMM,0.0022322239681666985,-0.029010983366362098
2023-08-01,2023-08-31,EMR,0.00202824493702292,0.08138892170391543
2023-08-01,2023-08-31,GD,0.0020641582331161943,0.013686464841795143
2023-08-01,2023-08-31,AMT,0.003180848315388644,-0.04723844161526214
2023-08-01,2023-08-31,SPG,0.0018048629020812825,-0.08916547037720934
2023-08-01,2023-08-31,CASHUSD,0.003700051062105812,0.004966798193663857
2023-09-01,2023-09-29,AAPL,0.11085074187822211,-0.0886782840733773
2023-09-01,2023-09-29,MSFT,0.0910938623077432,-0.03664256483877404
2023-09-01,2023-09-29,NVDA,0.05279998212959602,-0.11857799307223182
2023-09-01,2023-09-29,AVGO,0.016711187501410686,-0.09512114475714739
2023-09-01,2023-09-29,ADBE,0.00810824494858976,-0.08838994276331213
2023-09-01,2023-09-29,CSCO,0.009282855210665799,-0.06259807387341776
2023-09-01,2023-09-29,CRM,0.007321487604510185,-0.0843493065709291
2023-09-01,2023-09-29,ACN,0.006615525001730779,-0.0514563571902924
2023-09-01,2023-09-29,ORCL,0.007125794351889089,-0.12019273576592748
2023-09-01,2023-09-29,AMD,0.00678868445889772,-0.027430963794871754
2023-09-01,2023-09-29,TXN,0.005907873372356243,-0.05384987823871201
2023-09-01,2023-09-29,INTC,0.005414640279182616,0.011667502556232723
2023-09-01,2023-09-29,IBM,0.005169030512793345,-0.04447332719688024
2023-09-01,2023-09-29,QCOM,0.004804838745217783,-0.030297598439361195
2023-09-01,2023-09-29,AMZN,0.04741120628122352,-0.07890726899285905
2023-09-01,2023-09-29,TSLA,0.028488914479209287,-0.030455617484936637
2023-09-01,2023-09-29,HD,0.012824687733249037,-0.08519515192483296
2023-09-01,2023-09-29,MCD,0.008178365371588897,-0.06299142939146207
2023-09-01,2023-09-29,LOW,0.005388042096190217,-0.09822979005598043
2023-09-01,2023-09-29,NKE,0.004169796098177676,-0.05672281488335218
2023-09-01,2023-09-29,BKNG,0.004654310440081829,-0.006788979671955131
2023-09-01,2023-09-29,SBUX,0.004268936144992629,-0.06332114899428198
2023-09-01,2023-09-29,F,0.001923172604238705,0.02390772463092361
2023-09-01,2023-09-29,GM,0.0019138004981982142,-0.016114705958450215
2023-09-01,2023-09-29,GOOGL,0.03376950659167608,-0.0389955369911511
2023-09-01,2023-09-29,GOOG,0.029313192228254032,-0.04004370425502324
2023-09-01,2023-09-29,META,0.025063391885702044,0.014599867656055476
2023-09-01,2023-09-29,CMCSA,0.006432006633417527,-0.05175389262099461
2023-09-01,2023-09-29,NFLX,0.0071214572986178105,-0.1293119743829111
2023-09-01,2023-09-29,DIS,0.005304329589529229,-0.031429236670677874
2023-09-01,2023-09-29,VZ,0.005218924755188042,-0.07347044321038865
2023-09-01,2023-09-29,T,0.003872437159377768,0.015551041554786593
2023-09-01,2023-09-29,TMUS,0.0029793619808143857,0.027889744217630685
2023-09-01,2023-09-29,CHTR,0.001396403469584008,0.003880243371628289
2023-09-01,2023-09-29,BRKB,0.025859294619480173,-0.027484797552900342
2023-09-01,2023-09-29,JPM,0.017679282153368454,-0.008952253649182729
2023-09-01,2023-09-29,V,0.014737214055887127,-0.06378193504670049
2023-09-01,2023-09-29,MA,0.012649471352366553,-0.040543673984416384
2023-09-01,2023-09-29,BAC,0.007694115538823622,-0.04499485388423807
2023-09-01,2023-09-29,WFC,0.006144910332772137,-0.010414318195694605
2023-09-01,2023-09-29,MS,0.004626559157844436,-0.04086902854490293
2023-09-01,2023-09-29,GS,0.004624615779859362,-0.012633234253611292
2023-09-01,2023-09-29,BLK,0.0039608082468961,-0.07045953109993452
2023-09-01,2023-09-29,AXP,0.0037626066980576927,-0.05569973829693853
2023-09-01,2023-09-29,SCHW,0.0033934807180148684,-0.07185131860221017
2023-09-01,2023-09-29,C,0.0031453975249323522,-0.003874997329881169
2023-09-01,2023-09-29,PYPL,0.0020609720759146187,-0.06478960507263232
2023-09-01,2023-09-29,USB,0.0018966049127618597,-0.081432077383498
2023-09-01,2023-09-29,AIG,0.0016453762731433634,0.041726823333780416
2023-09-01,2023-09-29,MET,0.0015992085819212585,-0.006788939185565446
2023-09-01,2023-09-29,COF,0.0015349317390169145,-0.05215362763104614
2023-09-01,2023-09-29,BK,0.0013413730197768378,-0.04947617671675464
2023-09-01,2023-09-29,XOM,0.018002052317734725,0.057469303061662425
2023-09-01,2023-09-29,CVX,0.010886675299902539,0.04667917008232614
2023-09-01,2023-09-29,COP,0.005518495067132811,0.011520835587934153
2023-09-01,2023-09-29,UNH,0.016705315506318017,0.06205200049692494
2023-09-01,2023-09-29,LLY,0.019222147710941707,-0.030801099824374734
2023-09-01,2023-09-29,JNJ,0.015774828247360578,-0.036677286128935505
2023-09-01,2023-09-29,MRK,0.010838451024349247,-0.048891360968808306
2023-09-01,2023-09-29,ABBV,0.01087382856783535,0.014289414297876224
2023-09-01,2023-09-29,TMO,0.007954333205577601,-0.09079696219423583
2023-09-01,2023-09-29,PFE,0.007191989105872003,-0.062464827386079946
2023-09-01,2023-09-29,ABT,0.006421949068467996,-0.058794903522224384
2023-09-01,2023-09-29,DHR,0.006409316021057251,-0.06377349026541068
2023-09-01,2023-09-29,AMGN,0.00530623264287179,0.04845131611746156
2023-09-01,2023-09-29,BMY,0.004726492590259257,-0.05855642118430071
2023-09-01,2023-09-29,MDT,0.0038628146199659423,-0.0303158350418522
2023-09-01,2023-09-29,GILD,0.00377093415991501,-0.010537230755951033
2023-09-01,2023-09-29,CVS,0.0032250552453604612,0.07135187715706137
2023-09-01,2023-09-29,PG,0.013474752862799508,-0.054943215764801434
2023-09-01,2023-09-29,PEP,0.008913516627840807,-0.04766182943106334
2023-09-01,2023-09-29,COST,0.01018525769805385,0.02854611732330814
2023-09-01,2023-09-29,KO,0.009379691482791035,-0.05692576388315296
2023-09-01,2023-09-29,WMT,0.009602755224744101,-0.01648106213559608
2023-09-01,2023-09-29,PM,0.0061868660835514315,-0.022670731819825374
2023-09-01,2023-09-29,MDLZ,0.0035418736176216496,-0.020151755991596243
2023-09-01,2023-09-29,MO,0.0031985491062695255,-0.02778193094064174
2023-09-01,2023-09-29,CL,0.002243174207589722,-0.032121936703003895
2023-09-01,2023-09-29,TGT,0.00210531778601632,-0.1262742161416749
2023-09-01,2023-09-29,KHC,0.0008961337361792064,0.01662133477837524
2023-09-01,2023-09-29,LIN,0.0075767451975881075,-0.03477504005180909
2023-09-01,2023-09-29,DOW,0.0013323267890905162,-0.054985292973514066
2023-09-01,2023-09-29,CAT,0.006286577813536356,-0.0289188832118199
2023-09-01,2023-09-29,UNP,0.005051395845499205,-0.07680100541830659
2023-09-01,2023-09-29,BA,0.004520534438875475,-0.1444003315617799
2023-09-01,2023-09-29,RTX,0.005120007380623672,-0.1635287427252654
2023-09-01,2023-09-29,HON,0.0047476256426923135,-0.017026763679441892
2023-09-01,2023-09-29,GE,0.005454033232424434,-0.033465284279280416
2023-09-01,2023-09-29,UPS,0.004376851048750375,-0.07987011708851
2023-09-01,2023-09-29,LMT,0.0037230424387063024,-0.08785549294498984
2023-09-01,2023-09-29,FDX,0.0023751294146563905,0.01995821723045288
2023-09-01,2023-09-29,MMM,0.002164162681876933,-0.12233996557193128
2023-09-01,2023-09-29,EMR,0.0022106613043989583,-0.0170993333978402
2023-09-01,2023-09-29,GD,0.002110970015805116,-0.025017647794902453
2023-09-01,2023-09-29,NEE,0.0050793059949159015,-0.14236528347687705
2023-09-01,2023-09-29,SO,0.0030058288939714692,-0.04444130046342476
2023-09-01,2023-09-29,DUK,0.002722494801621919,-0.006081003257796147
2023-09-01,2023-09-29,EXC,0.0015978037346220037,-0.058075768869833566
2023-09-01,2023-09-29,AMT,0.0030812325006323144,-0.0930400966137509
2023-09-01,2023-09-29,SPG,0.001666609980474385,-0.032224161074666635
2023-09-01,2023-09-29,CASHUSD,0.0033346475919047015,0.003991168165593084
2023-09-30,2023-10-31,AAPL,0.10548273849213019,-0.002569891574492056
2023-09-30,2023-10-31,MSFT,0.09211473281232019,0.07081550699978334
2023-09-30,2023-10-31,NVDA,0.04882266311269073,-0.06250707271488931
2023-09-30,2023-10-31,AVGO,0.01563831036078862,0.012991100460178595
2023-09-30,2023-10-31,ADBE,0.007715630790590826,0.04345950956533673
2023-09-30,2023-10-31,CSCO,0.009094671593535322,-0.023316814266009955
2023-09-30,2023-10-31,CRM,0.007006201287720565,-0.009616265674438074
2023-09-30,2023-10-31,ACN,0.006584146696129921,-0.028614647282090178
2023-09-30,2023-10-31,ORCL,0.006737235582703095,-0.020219299383835376
2023-09-30,2023-10-31,AMD,0.006958620404833426,-0.042015169302141886
2023-09-30,2023-10-31,INTC,0.005776291538989834,0.02672290980565184
2023-09-30,2023-10-31,TXN,0.005873720491928472,-0.09872501934452693
2023-09-30,2023-10-31,IBM,0.005201834452781965,0.030933690119911983
2023-09-30,2023-10-31,QCOM,0.004909036799689973,-0.018638607786487738
2023-09-30,2023-10-31,AMZN,0.04654862115961807,0.046963447626806376
2023-09-30,2023-10-31,TSLA,0.02966838470511984,-0.1973463537763216
2023-09-30,2023-10-31,HD,0.012206034602558997,-0.05781684217274097
2023-09-30,2023-10-31,MCD,0.008015983474412855,-0.0048206472043170745
2023-09-30,2023-10-31,LOW,0.005000482794647974,-0.07770729100377105
2023-09-30,2023-10-31,NKE,0.004081491009878892,0.07477489503509949
2023-09-30,2023-10-31,BKNG,0.004681984286497263,-0.09545885018796185
2023-09-30,2023-10-31,SBUX,0.00419007418761364,0.010627763954457858
2023-09-30,2023-10-31,F,0.002063781567060801,-0.2027353495882931
2023-09-30,2023-10-31,GM,0.0019484385315363974,-0.14467696185674195
2023-09-30,2023-10-31,GOOGL,0.03399070247253711,-0.0518108999262763
2023-09-30,2023-10-31,META,0.026796127396796317,0.0035310969104287437
2023-09-30,2023-10-31,GOOG,0.029145888368145367,-0.049677697593446535
2023-09-30,2023-10-31,CMCSA,0.0063296149441092785,-0.06267683545957103
2023-09-30,2023-10-31,NFLX,0.006482852738587477,0.09028073485862631
2023-09-30,2023-10-31,DIS,0.005395636738962021,0.006662416404253024
2023-09-30,2023-10-31,VZ,0.005069548186714463,0.1070610367641518
2023-09-30,2023-10-31,T,0.004127520185884901,0.044886706000732524
2023-09-30,2023-10-31,TMUS,0.0028861820046276556,0.027204788606074226
2023-09-30,2023-10-31,CHTR,0.0014332026321802688,-0.08417084014998033
2023-09-30,2023-10-31,BRKB,0.026944761108553532,-0.02560662727172147
2023-09-30,2023-10-31,JPM,0.018254925530579436,-0.034022291991226195
2023-09-30,2023-10-31,V,0.014353141463222327,0.022129432337402166
2023-09-30,2023-10-31,MA,0.012643450419338736,-0.048027312436164205
2023-09-30,2023-10-31,BAC,0.007676372515869425,-0.03798402768768483
2023-09-30,2023-10-31,WFC,0.00621213937768148,-0.02667629219296075
2023-09-30,2023-10-31,GS,0.004748447495727066,-0.06168672996572544
2023-09-30,2023-10-31,MS,0.0045535105741957745,-0.12225396690247037
2023-09-30,2023-10-31,BLK,0.003588724174956403,-0.052916422395466456
2023-09-30,2023-10-31,AXP,0.0036445658164460807,-0.01715929780300196
2023-09-30,2023-10-31,SCHW,0.0033031431202214328,-0.05209465432882132
2023-09-30,2023-10-31,C,0.003248050700631649,-0.0398734841739905
2023-09-30,2023-10-31,PYPL,0.001985281345913839,-0.11392413144771096
2023-09-30,2023-10-31,USB,0.002000732033989693,-0.03569291359625015
2023-09-30,2023-10-31,AIG,0.0017572983446952177,0.011716152531143331
2023-09-30,2023-10-31,MET,0.001634265354750328,-0.04609763474731743
2023-09-30,2023-10-31,COF,0.0015222611031773126,0.04368879099121892
2023-09-30,2023-10-31,BK,0.0014580056142350522,0.00658500829594888
2023-09-30,2023-10-31,XOM,0.01976552371177408,-0.09976190096742232
2023-09-30,2023-10-31,CVX,0.01191045763855004,-0.13574923307299236
2023-09-30,2023-10-31,COP,0.0057615111621773735,-0.0083472949079193
2023-09-30,2023-10-31,UNH,0.018427756119904343,0.06221871830451153
2023-09-30,2023-10-31,LLY,0.019760335236026074,0.03127748099207239
2023-09-30,2023-10-31,JNJ,0.01592406610719617,-0.0475763138142522
2023-09-30,2023-10-31,ABBV,0.011563876259322666,-0.04338436465486106
2023-09-30,2023-10-31,MRK,0.010730868953380403,-0.002428286081631592
2023-09-30,2023-10-31,TMO,0.007578764104471811,-0.12130316112082407
2023-09-30,2023-10-31,PFE,0.0070673775206121,-0.07868545003801464
2023-09-30,2023-10-31,ABT,0.006321599800587674,-0.01834382537556123
2023-09-30,2023-10-31,DHR,0.006222721668504863,-0.1258916404367182
2023-09-30,2023-10-31,AMGN,0.005833962491765211,-0.04859349031638416
2023-09-30,2023-10-31,BMY,0.0046340638797928765,-0.10315284746628639
2023-09-30,2023-10-31,MDT,0.003898086623974366,-0.09954071824161725
2023-09-30,2023-10-31,GILD,0.0038708885954747293,0.048038566160295115
2023-09-30,2023-10-31,CVS,0.0036296075461917125,-0.0031173852420587345
2023-09-30,2023-10-31,PG,0.013341159189092502,0.0350808863949672
2023-09-30,2023-10-31,COST,0.010965440882200134,-0.022160746277267163
2023-09-30,2023-10-31,PEP,0.008884657397786334,-0.036355182029106925
2023-09-30,2023-10-31,WMT,0.010066323951697934,0.021759517855219457
2023-09-30,2023-10-31,KO,0.009192447794722053,0.009110492104963841
2023-09-30,2023-10-31,PM,0.006245138416225403,-0.03694089544710033
2023-09-30,2023-10-31,MDLZ,0.003611776043683821,-0.045965306901036285
2023-09-30,2023-10-31,MO,0.003167169915555756,-0.04470877951632801
2023-09-30,2023-10-31,CL,0.002267182249956448,0.0633653276774615
2023-09-30,2023-10-31,TGT,0.001928199775907355,0.0019896505764545047
2023-09-30,2023-10-31,KHC,0.0009592902574150893,-0.06480376648887531
2023-09-30,2023-10-31,LIN,0.0076169433935792934,0.026346147675536224
2023-09-30,2023-10-31,DOW,0.0013179548194410628,-0.062451468287514245
2023-09-30,2023-10-31,CAT,0.006301653607872374,-0.167699480412016
2023-09-30,2023-10-31,UNP,0.0048615468103425106,0.019545245772995212
2023-09-30,2023-10-31,HON,0.004855293782265782,-0.008011083416411213
2023-09-30,2023-10-31,GE,0.0054989033702244425,-0.01736774055682566
2023-09-30,2023-10-31,UPS,0.004192456743252853,-0.09379602704947676
2023-09-30,2023-10-31,BA,0.004043160191900572,-0.025354682477388035
2023-09-30,2023-10-31,RTX,0.00444696737657676,0.13088828935460728
2023-09-30,2023-10-31,DE,0.00439441458782777,-0.03185127950633104
2023-09-30,2023-10-31,LMT,0.003525311403142371,0.11169812794090861
2023-09-30,2023-10-31,FDX,0.002516731179543684,-0.09368858162779303
2023-09-30,2023-10-31,EMR,0.0022680591736409664,-0.07869924527067773
2023-09-30,2023-10-31,MMM,0.001982660493635483,-0.028519583787545932
2023-09-30,2023-10-31,GD,0.002162831069776475,0.09866085617530818
2023-09-30,2023-10-31,NEE,0.00455891766793741,0.01762959173942069
2023-09-30,2023-10-31,SO,0.0030066986687388186,0.03986387121089652
2023-09-30,2023-10-31,DUK,0.002837649160638541,0.007138037357733662
2023-09-30,2023-10-31,EXC,0.001574132107205707,0.03043134333739972
2023-09-30,2023-10-31,AMT,0.0029251712559329943,0.09449471210340765
2023-09-30,2023-10-31,SPG,0.0016684278253471891,0.017217631132721234
2023-09-30,2023-10-31,CASHUSD,0.002406399518720096,0.0043094061053869925
2023-11-01,2023-11-30,MSFT,0.10052911990781234,0.12294544336748969
2023-11-01,2023-11-30,AAPL,0.10722885727490374,0.11378016838767468
2023-11-01,2023-11-30,NVDA,0.0466482490861655,0.14688565776850138
2023-11-01,2023-11-30,AVGO,0.0161454057839577,0.10026483756551396
2023-11-01,2023-11-30,ADBE,0.008205215001788758,0.14838554405386728
2023-11-01,2023-11-30,CSCO,0.008988033889531552,-0.07193542382404805
2023-11-01,2023-11-30,CRM,0.0070718197460898245,0.2542945203986531
2023-11-01,2023-11-30,ACN,0.006491445936170394,0.12134386735688274
2023-11-01,2023-11-30,ORCL,0.006702952559454432,0.12388779289568719
2023-11-01,2023-11-30,AMD,0.006794033115439732,0.23005079860009525
2023-11-01,2023-11-30,INTC,0.006044403885568769,0.22868446213937133
2023-11-01,2023-11-30,IBM,0.005467090459541688,0.10867165253417
2023-11-01,2023-11-30,TXN,0.005346334053459213,0.07534725989607027
2023-11-01,2023-11-30,QCOM,0.004911339300116446,0.19158405851935933
2023-11-01,2023-11-30,AMZN,0.04974810844249185,0.0976782655173829
2023-11-01,2023-11-30,TSLA,0.02430862779868878,0.19537943740621855
2023-11-01,2023-11-30,HD,0.011739397549084396,0.10855654632781331
2023-11-01,2023-11-30,MCD,0.008143279736367755,0.08146890092256909
2023-11-01,2023-11-30,NKE,0.004479367931499408,0.07297851159479185
2023-11-01,2023-11-30,LOW,0.004682502190172723,0.04334368133834343
2023-11-01,2023-11-30,SBUX,0.004324805619528309,0.08245527047451806
2023-11-01,2023-11-30,BKNG,0.004335719189476234,0.12049932976596733
2023-11-01,2023-11-30,GM,0.0016979814170051456,0.12376796021135239
2023-11-01,2023-11-30,F,0.001650810125685381,0.05230764486611905
2023-11-01,2023-11-30,GOOGL,0.0328384755182695,0.06810110770950129
2023-11-01,2023-11-30,META,0.027398757402673207,0.08590305534045406
2023-11-01,2023-11-30,GOOG,0.028221354626220062,0.06879481899855322
2023-11-01,2023-11-30,NFLX,0.007201479345005645,0.151278895158228
2023-11-01,2023-11-30,CMCSA,0.006005542078881262,0.014531436533369968
2023-11-01,2023-11-30,DIS,0.005534166560067591,0.13604624986935443
2023-11-01,2023-11-30,VZ,0.0055988061178370106,0.09109032212907975
2023-11-01,2023-11-30,T,0.004313797567854486,0.07597403313492901
2023-11-01,2023-11-30,TMUS,0.003015980533231755,0.05037362123499145
2023-11-01,2023-11-30,CHTR,0.0013366402499594783,-0.006628557574655525
2023-11-01,2023-11-30,BRKB,0.026711736967180568,0.05469784127443367
2023-11-01,2023-11-30,JPM,0.0178092527032169,0.12239312873202413
2023-11-01,2023-11-30,V,0.014926128791190443,0.09411516594314895
2023-11-01,2023-11-30,MA,0.012227903956162611,0.09958824390555798
2023-11-01,2023-11-30,BAC,0.007513280775349337,0.1667939879183642
2023-11-01,2023-11-30,WFC,0.006151642313589183,0.13119202036757605
2023-11-01,2023-11-30,GS,0.004528379028392253,0.1341674440380809
2023-11-01,2023-11-30,MS,0.0040198495889969665,0.12030512448404562
2023-11-01,2023-11-30,BLK,0.0034556668840795167,0.22693829720412229
2023-11-01,2023-11-30,AXP,0.0036327916634578423,0.1694174255467258
2023-11-01,2023-11-30,SCHW,0.003189601791424369,0.18371454487397454
2023-11-01,2023-11-30,C,0.0031673876963280454,0.1825409342206914
2023-11-01,2023-11-30,PYPL,0.0017864240827147747,0.11216220622862072
2023-11-01,2023-11-30,USB,0.0019688984695488783,0.1957341324628492
2023-11-01,2023-11-30,AIG,0.0018056647154341295,0.07339740908339376
2023-11-01,2023-11-30,COF,0.001614272148798111,0.10874600032031245
2023-11-01,2023-11-30,MET,0.001583899925331373,0.06958546604954696
2023-11-01,2023-11-30,BK,0.0014753184988047052,0.1369410423729709
2023-11-01,2023-11-30,UNH,0.019871475955375077,0.03250795484137181
2023-11-01,2023-11-30,LLY,0.020687720921858298,0.06896559082925302
2023-11-01,2023-11-30,JNJ,0.015396857790610223,0.05095409272768969
2023-11-01,2023-11-30,MRK,0.010867316469258885,-0.002142213138998983
2023-11-01,2023-11-30,ABBV,0.011118939970950115,0.00857083864252517
2023-11-01,2023-11-30,PFE,0.006610130482077934,0.010497628803375347
2023-11-01,2023-11-30,TMO,0.0067610531244739645,0.11464359029795079
2023-11-01,2023-11-30,ABT,0.0062651505187723625,0.10301434187635206
2023-11-01,2023-11-30,AMGN,0.00563473331255686,0.06280833596750468
2023-11-01,2023-11-30,DHR,0.0048893906334295705,0.1629516567073479
2023-11-01,2023-11-30,BMY,0.004178687059573216,-0.0417232972316437
2023-11-01,2023-11-30,GILD,0.0041208457597766415,-0.02470073787519378
2023-11-01,2023-11-30,MDT,0.0035656852235272925,0.12344105101102354
2023-11-01,2023-11-30,CVS,0.003635412777759564,-0.015360267805144767
2023-11-01,2023-11-30,XOM,0.018100839876426026,-0.020505571158432878
2023-11-01,2023-11-30,CVX,0.010471212247031934,-0.004286675861030154
2023-11-01,2023-11-30,COP,0.005812047876542043,-0.022283572957344955
2023-11-01,2023-11-30,PG,0.01396013287143418,0.023261984306731653
2023-11-01,2023-11-30,COST,0.010907739824183856,0.07491811550419913
2023-11-01,2023-11-30,WMT,0.010463440788792999,-0.04724314241056804
2023-11-01,2023-11-30,PEP,0.008709951449349817,0.038542709290950494
2023-11-01,2023-11-30,KO,0.009436809690318921,0.04275667922863646
2023-11-01,2023-11-30,PM,0.0061185575590576744,0.047106382573774974
2023-11-01,2023-11-30,MDLZ,0.003508088590311274,0.07325175007098395
2023-11-01,2023-11-30,MO,0.0030720104076787163,0.04655243242448148
2023-11-01,2023-11-30,CL,0.002442442570591764,0.04858874686990311
2023-11-01,2023-11-30,TGT,0.0019617789771643737,0.22029062778408326
2023-11-01,2023-11-30,KHC,0.0009112472711164413,0.1288924564134235
2023-11-01,2023-11-30,LIN,0.007939612356469863,0.08271397617453724
2023-11-01,2023-11-30,DOW,0.0012523876435301374,0.0852385969317595
2023-11-01,2023-11-30,UNP,0.00505104537689669,0.0850634850070715
2023-11-01,2023-11-30,HON,0.004907089834633789,0.07537281423308873
2023-11-01,2023-11-30,RTX,0.005122904370533036,0.008485167446840025
2023-11-01,2023-11-30,GE,0.005503985847464353,0.12123716634001691
2023-11-01,2023-11-30,CAT,0.005316998238451955,0.10913519383805781
2023-11-01,2023-11-30,BA,0.00401559796108148,0.2398565239365813
2023-11-01,2023-11-30,UPS,0.003871235722192996,0.08591508339562659
2023-11-01,2023-11-30,LMT,0.003992784463583023,-0.008089569157310739
2023-11-01,2023-11-30,DE,0.0043351403817329165,-0.002600075076367614
2023-11-01,2023-11-30,FDX,0.002318554705971271,0.0780092325312407
2023-11-01,2023-11-30,GD,0.002411934471727501,0.023455150565136806
2023-11-01,2023-11-30,EMR,0.0021237711279129233,0.005184799243993066
2023-11-01,2023-11-30,MMM,0.001957957497818072,0.10642128215213043
2023-11-01,2023-11-30,NEE,0.004720151641631896,0.01176889969552386
2023-11-01,2023-11-30,SO,0.0031739422317091258,0.06529270676023802
2023-11-01,2023-11-30,DUK,0.0029006807984128828,0.05014905174477269
2023-11-01,2023-11-30,EXC,0.0016568253282460968,-0.0017811622154093598
2023-11-01,2023-11-30,AMT,0.00322951475083908,0.17167089010297576
2023-11-01,2023-11-30,SPG,0.001729285249160919,0.13649999419122882
2023-11-01,2023-11-30,CASHUSD,0.0022708999999999997,0.0046816363677220085
2023-12-01,2023-12-29,MSFT,0.10321905206335781,-0.007574295852647905
2023-12-01,2023-12-29,AAPL,0.1092766492802497,0.013582490537588532
2023-12-01,2023-12-29,NVDA,0.04901619263515285,0.058934214875492774
2023-12-01,2023-12-29,AVGO,0.01729229025647601,0.21134962967356707
2023-12-01,2023-12-29,ADBE,0.008633731122447195,-0.023583957626512553
2023-12-01,2023-12-29,CRM,0.008126683227650238,0.04462098271179493
2023-12-01,2023-12-29,ACN,0.006669342012432174,0.05334083318203198
2023-12-01,2023-12-29,CSCO,0.007642394978222166,0.044233194746620574
2023-12-01,2023-12-29,AMD,0.007656529316660354,0.2166556553861283
2023-12-01,2023-12-29,INTC,0.0067820444634360535,0.12416112635372811
2023-12-01,2023-12-29,ORCL,0.006901904655220025,-0.09276316598033396
2023-12-01,2023-12-29,IBM,0.005490867276835977,0.03147078811739834
2023-12-01,2023-12-29,QCOM,0.005328080006705214,0.12072836039529777
2023-12-01,2023-12-29,TXN,0.005267347087019172,0.11623330858105474
2023-12-01,2023-12-29,AMZN,0.049969610482362634,0.04004385139407618
2023-12-01,2023-12-29,TSLA,0.026590022732730586,0.03498831153123483
2023-12-01,2023-12-29,HD,0.011829023169925783,0.10545784115433854
2023-12-01,2023-12-29,MCD,0.008010613799755617,0.05205089961574472
2023-12-01,2023-12-29,NKE,0.004398259252990058,-0.012101710446520642
2023-12-01,2023-12-29,LOW,0.004470175617320583,0.11929783400942706
2023-12-01,2023-12-29,SBUX,0.0042604980233322655,-0.03313189122929272
2023-12-01,2023-12-29,BKNG,0.00444915638523304,0.13485602925741835
2023-12-01,2023-12-29,GM,0.0017410521135480701,0.13670863432368585
2023-12-01,2023-12-29,F,0.0015896588076436012,0.18810905969635172
2023-12-01,2023-12-29,GOOGL,0.032133456991540875,0.054025561417408774
2023-12-01,2023-12-29,META,0.02725711163640937,0.08195031172330314
2023-12-01,2023-12-29,GOOG,0.027633270525720368,0.052344539163546644
2023-12-01,2023-12-29,NFLX,0.007594827422777654,0.027238018939319764
2023-12-01,2023-12-29,CMCSA,0.005581918902596789,0.046789193492044356
2023-12-01,2023-12-29,DIS,0.005760077522550235,-0.022718060838568088
2023-12-01,2023-12-29,VZ,0.005596521100464344,-0.016436268334383164
2023-12-01,2023-12-29,T,0.004252257663856351,0.012673726724289347
2023-12-01,2023-12-29,TMUS,0.002889771786654976,0.06566974107495005
2023-12-01,2023-12-29,CHTR,0.0012167583970122099,-0.028615730055996824
2023-12-01,2023-12-29,BRKB,0.02581121754356275,-0.009277767605251785
2023-12-01,2023-12-29,JPM,0.018313648557187128,0.08982601688642644
2023-12-01,2023-12-29,V,0.014930510356441157,0.01429776291127749
2023-12-01,2023-12-29,MA,0.012319216905583403,0.030640676236723507
2023-12-01,2023-12-29,BAC,0.007968021573038673,0.10429644088611933
2023-12-01,2023-12-29,WFC,0.006319126164406137,0.103835144698053
2023-12-01,2023-12-29,GS,0.004667712916009882,0.12950152236314727
2023-12-01,2023-12-29,BLK,0.003885147455469406,0.08783869268357436
2023-12-01,2023-12-29,MS,0.004126063180459653,0.17532140875579083
2023-12-01,2023-12-29,AXP,0.0038922929378055605,0.09703093265119511
2023-12-01,2023-12-29,SCHW,0.00344327599785226,0.12198352957453285
2023-12-01,2023-12-29,C,0.0033877475058380043,0.11583515781080522
2023-12-01,2023-12-29,PYPL,0.0018202394323512923,0.06596076112341565
2023-12-01,2023-12-29,USB,0.0021569118919914625,0.14816571719358662
2023-12-01,2023-12-29,AIG,0.0017756654742728379,0.035044475866406355
2023-12-01,2023-12-29,COF,0.0016304993294530838,0.17427905198662907
2023-12-01,2023-12-29,MET,0.0015387406848822013,0.03928969292435358
2023-12-01,2023-12-29,BK,0.0015367338070581267,0.07719379694228423
2023-12-01,2023-12-29,UNH,0.018800143283228286,-0.0446751091248031
2023-12-01,2023-12-29,LLY,0.020226162733570946,-0.013738792102999997
2023-12-01,2023-12-29,JNJ,0.014710219789851629,0.013448854895764972
2023-12-01,2023-12-29,MRK,0.009936906582293549,0.07152020343905163
2023-12-01,2023-12-29,ABBV,0.010276278425154835,0.088348926911747
2023-12-01,2023-12-29,TMO,0.006905822567767542,0.07138218100912597
2023-12-01,2023-12-29,ABT,0.006332675274984833,0.055422379717868786
2023-12-01,2023-12-29,PFE,0.006039346410302466,-0.05513615728279386
2023-12-01,2023-12-29,DHR,0.005210784605290539,0.037027910763642646
2023-12-01,2023-12-29,AMGN,0.005444596295754036,0.06816502063680141
2023-12-01,2023-12-29,MDT,0.0036708778318662195,0.047938556081697614
2023-12-01,2023-12-29,BMY,0.0036694517819833867,0.039084694434112555
2023-12-01,2023-12-29,GILD,0.0036827318856371563,0.06720474529877918
2023-12-01,2023-12-29,CVS,0.00328017344401713,0.1620310507744085
2023-12-01,2023-12-29,XOM,0.016262395474452483,-0.026863850803181877
2023-12-01,2023-12-29,CVX,0.009452103637496198,0.03871852047596103
2023-12-01,2023-12-29,COP,0.005179219424282439,0.004326445199358764
2023-12-01,2023-12-29,PG,0.01309768748676881,-0.04546622542918166
2023-12-01,2023-12-29,COST,0.010729359907293312,0.13893175841611605
2023-12-01,2023-12-29,PEP,0.008231050463466578,0.009210410652180867
2023-12-01,2023-12-29,KO,0.008951174239613589,0.00838462915071525
2023-12-01,2023-12-29,WMT,0.009140734682547369,0.016349903834111057
2023-12-01,2023-12-29,PM,0.00587415782344282,0.021652942914985207
2023-12-01,2023-12-29,MDLZ,0.0034522290910272797,0.025313987914884706
2023-12-01,2023-12-29,MO,0.0029477058555907403,-0.017756338501849767
2023-12-01,2023-12-29,CL,0.0023481948960261366,0.011933555147363828
2023-12-01,2023-12-29,TGT,0.0021723641265261238,0.06434513710610434
2023-12-01,2023-12-29,KHC,0.0009324821539816728,0.05326101026073382
2023-12-01,2023-12-29,LIN,0.007872987443897961,-0.004327301607987333
2023-12-01,2023-12-29,DOW,0.0012278180165853135,0.059710154190082854
2023-12-01,2023-12-29,UNP,0.005023794282987553,0.09645416890408232
2023-12-01,2023-12-29,GE,0.005656697745257646,0.04852341403198568
2023-12-01,2023-12-29,BA,0.004564042185164673,0.1253291808804471
2023-12-01,2023-12-29,HON,0.004809178959302856,0.07038570956119283
2023-12-01,2023-12-29,CAT,0.005405505176224465,0.17928355564812115
2023-12-01,2023-12-29,RTX,0.004700918864054676,0.032646100666113176
2023-12-01,2023-12-29,UPS,0.003808841881350723,0.037068730310833464
2023-12-01,2023-12-29,LMT,0.003604114306285864,0.012215976791115635
2023-12-01,2023-12-29,DE,0.003962896739957247,0.10133879002428947
2023-12-01,2023-12-29,FDX,0.00229090817113666,-0.018017305460611532
2023-12-01,2023-12-29,GD,0.0022622231360691766,0.05142336687436022
2023-12-01,2023-12-29,MMM,0.0019548697305597417,0.10346214964032074
2023-12-01,2023-12-29,EMR,0.001945138815126709,0.09482565837856471
2023-12-01,2023-12-29,NEE,0.004337072539457687,0.03811306214796617
2023-12-01,2023-12-29,SO,0.0030645976297560894,-0.012115913532998568
2023-12-01,2023-12-29,DUK,0.002756790803312289,0.0515820887833085
2023-12-01,2023-12-29,EXC,0.0015001460226381333,-0.06777434397184157
2023-12-01,2023-12-29,AMT,0.0034712495756564162,0.042200377704123104
2023-12-01,2023-12-29,SPG,0.0018029535888654813,0.15883942902652692
2023-12-01,2023-12-29,CASHUSD,0.002970301782181069,0.004275486449931476
2023-12-30,2024-01-31,AAPL,0.10634860554600725,-0.04222725749854528
2023-12-30,2024-01-31,MSFT,0.09890451316647313,0.05728077836851142
2023-12-30,2024-01-31,NVDA,0.050094412985716104,0.24241760136172452
2023-12-30,2024-01-31,AVGO,0.02014713502070135,0.05711090971118438
2023-12-30,2024-01-31,ADBE,0.008127153777564448,0.03550126479662685
2023-12-30,2024-01-31,CRM,0.008185532635852344,0.06821466519206032
2023-12-30,2024-01-31,AMD,0.008991280077403976,0.13757545807937377
2023-12-30,2024-01-31,ACN,0.00674606832793944,0.04074775441111789
2023-12-30,2024-01-31,INTC,0.007407890990356586,-0.14268654268401937
2023-12-30,2024-01-31,CSCO,0.007656343838845118,0.0009989490703314896
2023-12-30,2024-01-31,ORCL,0.006099823343555658,0.0635760731702959
2023-12-30,2024-01-31,QCOM,0.0057461842847133385,0.026826883036020988
2023-12-30,2024-01-31,TXN,0.005676414360790216,-0.05324708294307823
2023-12-30,2024-01-31,IBM,0.005477807083164477,0.12295924656801382
2023-12-30,2024-01-31,AMZN,0.050302886634619355,0.021455801332457725
2023-12-30,2024-01-31,TSLA,0.026636677588117892,-0.24625725810339172
2023-12-30,2024-01-31,HD,0.01257022793928713,0.018496583553678114
2023-12-30,2024-01-31,MCD,0.008106148518133625,-0.012782068124796098
2023-12-30,2024-01-31,NKE,0.004179768927096735,-0.06484303532017355
2023-12-30,2024-01-31,LOW,0.004760293377132042,-0.038821498147293076
2023-12-30,2024-01-31,BKNG,0.00475233103369784,-0.011205871677316903
2023-12-30,2024-01-31,SBUX,0.003967135252551314,-0.031038465622063693
2023-12-30,2024-01-31,GM,0.0019105368973707135,0.08017820209822113
2023-12-30,2024-01-31,F,0.0018238819310045517,-0.03855595616039764
2023-12-30,2024-01-31,GOOGL,0.032627608396696955,0.0029351150468341913
2023-12-30,2024-01-31,META,0.028443606780958343,0.1022148456077252
2023-12-30,2024-01-31,GOOG,0.02771654948564192,0.006173604767616192
2023-12-30,2024-01-31,NFLX,0.007442662173557322,0.15862223990142965
2023-12-30,2024-01-31,CMCSA,0.0055059117720638595,0.06841143051665144
2023-12-30,2024-01-31,DIS,0.005418654704531218,0.06379448425804046
2023-12-30,2024-01-31,VZ,0.0053162611187451015,0.14228523805575644
2023-12-30,2024-01-31,T,0.004157548276249129,0.07142835040899853
2023-12-30,2024-01-31,TMUS,0.0029272198273708706,0.0056134478595206705
2023-12-30,2024-01-31,CHTR,0.001130865395496496,-0.04623340938388065
2023-12-30,2024-01-31,BRKB,0.02464923247890181,0.07592661440647697
2023-12-30,2024-01-31,JPM,0.01918329444684325,0.03136459154923443
2023-12-30,2024-01-31,V,0.014514827509535606,0.049587150988262385
2023-12-30,2024-01-31,MA,0.012208698408729042,0.05492954299941766
2023-12-30,2024-01-31,BAC,0.008466484887662065,0.010098253619464703
2023-12-30,2024-01-31,WFC,0.006689229819555803,0.019504228906398913
2023-12-30,2024-01-31,GS,0.005043442157664376,-0.0045621557617647746
2023-12-30,2024-01-31,MS,0.004638019930605738,-0.05528580218181234
2023-12-30,2024-01-31,BLK,0.004042677375799218,-0.04618119091686024
2023-12-30,2024-01-31,AXP,0.004078424861302165,0.07498955488568337
2023-12-30,2024-01-31,SCHW,0.0037311008713722662,-0.0854655040183312
2023-12-30,2024-01-31,C,0.003635928038660854,0.09195172778804306
2023-12-30,2024-01-31,USB,0.0023636316326405495,-0.04020324198417269
2023-12-30,2024-01-31,PYPL,0.0018430900361193965,-0.0009770025026878404
2023-12-30,2024-01-31,COF,0.0018484221346561033,0.03203175820133164
2023-12-30,2024-01-31,AIG,0.0017540892098903223,0.025977926869148238
2023-12-30,2024-01-31,MET,0.0015223505218589298,0.04823829067831098
2023-12-30,2024-01-31,BK,0.0015819434987137328,0.07376766833176807
2023-12-30,2024-01-31,UNH,0.01728125167388853,-0.027978785871171086
2023-12-30,2024-01-31,LLY,0.019288711554859235,0.10754507869735441
2023-12-30,2024-01-31,JNJ,0.014409377716545189,0.01378079084787287
2023-12-30,2024-01-31,MRK,0.010206677023560363,0.10787022071264629
2023-12-30,2024-01-31,ABBV,0.01081637642942993,0.07098602430873369
2023-12-30,2024-01-31,TMO,0.00715598428850918,0.01542992846129354
2023-12-30,2024-01-31,ABT,0.006461997245234066,0.03294816807290846
2023-12-30,2024-01-31,PFE,0.005517677897752171,-0.045241119257790396
2023-12-30,2024-01-31,AMGN,0.0056262309113790515,0.09110472153406257
2023-12-30,2024-01-31,DHR,0.005222946054852505,0.03704495914016959
2023-12-30,2024-01-31,MDT,0.003684154353836722,0.06263664823657478
2023-12-30,2024-01-31,BMY,0.003588929906873209,-0.03650059724379451
2023-12-30,2024-01-31,CVS,0.0036918845139672714,-0.049575831468543385
2023-12-30,2024-01-31,GILD,0.00376368875772371,-0.033946313519790494
2023-12-30,2024-01-31,XOM,0.015162558259549177,0.02830563663492658
2023-12-30,2024-01-31,CVX,0.009399348881542131,-0.01159816364494859
2023-12-30,2024-01-31,COP,0.004990489903668981,-0.0361852156448379
2023-12-30,2024-01-31,PG,0.012069669932584324,0.07910735334245111
2023-12-30,2024-01-31,COST,0.011528360615145365,0.052721001695844594
2023-12-30,2024-01-31,PEP,0.008011010875706269,-0.0077132543928801756
2023-12-30,2024-01-31,KO,0.008713630479661798,0.009502855651899678
2023-12-30,2024-01-31,WMT,0.008932841706988565,0.048208160789921406
2023-12-30,2024-01-31,PM,0.005716148217508997,-0.03433259541690026
2023-12-30,2024-01-31,MDLZ,0.0033949701427628343,0.03921023625389086
2023-12-30,2024-01-31,MO,0.002727389858070859,-0.005453757532644876
2023-12-30,2024-01-31,TGT,0.0022301970822854967,-0.023451941528740528
2023-12-30,2024-01-31,CL,0.0022818389893116187,0.06263956212018695
2023-12-30,2024-01-31,KHC,0.0009474354446245331,0.0040564640435434285
2023-12-30,2024-01-31,LIN,0.0075179565198203865,-0.014316655988339644
2023-12-30,2024-01-31,DOW,0.0012583426025497002,-0.022611249555432367
2023-12-30,2024-01-31,CAT,0.0061578136102908515,0.020398901687238347
2023-12-30,2024-01-31,UNP,0.0052920240460091385,-0.006880498594890261
2023-12-30,2024-01-31,BA,0.004975277981475167,-0.19036296201506397
2023-12-30,2024-01-31,GE,0.005728016207564993,0.03753039789780388
2023-12-30,2024-01-31,HON,0.00493762360444303,-0.03552513859458539
2023-12-30,2024-01-31,RTX,0.0046339782575767425,0.08295685229148808
2023-12-30,2024-01-31,UPS,0.0038155910738574416,-0.09750034721447676
2023-12-30,2024-01-31,DE,0.004126727461652706,-0.01573005054200305
2023-12-30,2024-01-31,LMT,0.003472774112563225,-0.05257704497135085
2023-12-30,2024-01-31,MMM,0.0020933183841106724,-0.1369374311015017
2023-12-30,2024-01-31,GD,0.002296142785147287,0.025905027837800354
2023-12-30,2024-01-31,FDX,0.002164849814249708,-0.046171322847288976
2023-12-30,2024-01-31,EMR,0.0020558574860595454,-0.05753622283118809
2023-12-30,2024-01-31,NEE,0.0044160920797423195,-0.034738336016387095
2023-12-30,2024-01-31,SO,0.002934326098923525,-0.008557031117273795
2023-12-30,2024-01-31,DUK,0.0028040821903197516,-0.012468964299003238
2023-12-30,2024-01-31,EXC,0.0013520984803545167,-0.030362336341027252
2023-12-30,2024-01-31,AMT,0.0034593096603416675,-0.09370947082392922
2023-12-30,2024-01-31,SPG,0.0019799897957283874,-0.028252818560317028
2023-12-30,2024-01-31,CASHUSD,0.002605199739480026,0.004267399447556164
2024-02-01,2024-02-29,MSFT,0.10186220426309807,0.04231870535510618
2024-02-01,2024-02-29,AAPL,0.09922042636456838,-0.018542918890420812
2024-02-01,2024-02-29,NVDA,0.060629470972931324,0.28580946573909083
2024-02-01,2024-02-29,AVGO,0.020745365786574436,0.10211016643435378
2024-02-01,2024-02-29,ADBE,0.008195506974336108,-0.09307520035156125
2024-02-01,2024-02-29,CRM,0.008517947288100961,0.09865147534541463
2024-02-01,2024-02-29,AMD,0.009963619540115069,0.14813045486459542
2024-02-01,2024-02-29,ACN,0.006813116006445676,0.02995476531767416
2024-02-01,2024-02-29,CSCO,0.007407749638094857,-0.03607027321211942
2024-02-01,2024-02-29,INTC,0.006186448328357979,0.0022326982931941686
2024-02-01,2024-02-29,ORCL,0.006295283770585886,-0.00017887758097046014
2024-02-01,2024-02-29,IBM,0.005993305236627477,0.016644259779606374
2024-02-01,2024-02-29,QCOM,0.005747197469897164,0.06788424197929754
2024-02-01,2024-02-29,TXN,0.005194993637529996,0.04502890369504553
2024-02-01,2024-02-29,AMZN,0.0502900200608697,0.1389175127740745
2024-02-01,2024-02-29,TSLA,0.019650870204244556,0.07790064669600238
2024-02-01,2024-02-29,HD,0.012532101607551955,0.07833768874205105
2024-02-01,2024-02-29,MCD,0.007832557364017128,0.004177864982112478
2024-02-01,2024-02-29,NKE,0.0038250752974372405,0.023638354430792097
2024-02-01,2024-02-29,BKNG,0.004621002191413941,-0.011016429290762297
2024-02-01,2024-02-29,LOW,0.004455500295336833,0.13075541645204058
2024-02-01,2024-02-29,SBUX,0.0037620064318390637,0.026238458475698057
2024-02-01,2024-02-29,GM,0.002020074278576899,0.059314294448441496
2024-02-01,2024-02-29,F,0.0017162033392537687,0.09007384139009922
2024-02-01,2024-02-29,META,0.03067760978679791,0.25762535429167666
2024-02-01,2024-02-29,GOOGL,0.03201965375638362,-0.011705991553577988
2024-02-01,2024-02-29,GOOG,0.02728927071086927,-0.014245551460802197
2024-02-01,2024-02-29,NFLX,0.008441402411794535,0.06879864861620777
2024-02-01,2024-02-29,CMCSA,0.005718409375438252,-0.07928657179764786
2024-02-01,2024-02-29,VZ,0.00584372874980161,-0.05501778198541274
2024-02-01,2024-02-29,DIS,0.005640937243558732,0.1616865745821745
2024-02-01,2024-02-29,T,0.004288857067737573,-0.04296209549643282
2024-02-01,2024-02-29,TMUS,0.002879570693010403,0.016874040391121392
2024-02-01,2024-02-29,CHTR,0.0010563725901893064,-0.20711607604080695
2024-02-01,2024-02-29,BRKB,0.02589321010789793,0.06686820324990661
2024-02-01,2024-02-29,JPM,0.01919755326127018,0.06710253245878595
2024-02-01,2024-02-29,V,0.01487438133565454,0.036255059196798944
2024-02-01,2024-02-29,MA,0.012556996166052879,0.05683054647896002
2024-02-01,2024-02-29,BAC,0.008349663464182996,0.022145317029305556
2024-02-01,2024-02-29,WFC,0.006658344307733341,0.11559302581172903
2024-02-01,2024-02-29,GS,0.004903820621776522,0.020304191361263157
2024-02-01,2024-02-29,AXP,0.004267725337752409,0.09305559213412384
2024-02-01,2024-02-29,MS,0.004236385572293129,-0.013755124439377098
2024-02-01,2024-02-29,BLK,0.0037604592987038094,0.047823232017845996
2024-02-01,2024-02-29,C,0.0038762165659171296,-0.0026770597193507273
2024-02-01,2024-02-29,SCHW,0.003331209591116101,0.06561506495832603
2024-02-01,2024-02-29,PYPL,0.0017976877312552754,-0.016462971938570714
2024-02-01,2024-02-29,USB,0.002215019047087812,0.010110784218233082
2024-02-01,2024-02-29,COF,0.001862019770350506,0.021449658871922184
2024-02-01,2024-02-29,AIG,0.001757226826934326,0.04862622595454824
2024-02-01,2024-02-29,MET,0.0015579924051152634,0.014054147971871878
2024-02-01,2024-02-29,BK,0.0016457008630670557,0.011359511279365853
2024-02-01,2024-02-29,LLY,0.020807320731027926,0.1694379879038137
2024-02-01,2024-02-29,UNH,0.01636538431556213,-0.03544768444675195
2024-02-01,2024-02-29,JNJ,0.014231045545067692,0.02331856304498836
2024-02-01,2024-02-29,MRK,0.011014484502531676,0.052740657443524075
2024-02-01,2024-02-29,ABBV,0.011177215468950553,0.0708636315881912
2024-02-01,2024-02-29,TMO,0.007080609644439694,0.057887197446600425
2024-02-01,2024-02-29,ABT,0.006471523670441987,0.04851978921913025
2024-02-01,2024-02-29,AMGN,0.005978181875876733,-0.12183991417195106
2024-02-01,2024-02-29,DHR,0.005276639097834342,0.055145598597922785
2024-02-01,2024-02-29,PFE,0.005055640209955768,-0.019202388922637814
2024-02-01,2024-02-29,MDT,0.003813343529924897,-0.047749660036360275
2024-02-01,2024-02-29,BMY,0.0033296636116403352,0.03846939405722183
2024-02-01,2024-02-29,GILD,0.003541487646852672,-0.07871212452381449
2024-02-01,2024-02-29,CVS,0.003387571902904757,0.0
2024-02-01,2024-02-29,XOM,0.015214684326685117,0.026080860164768183
2024-02-01,2024-02-29,CVX,0.009064697912202616,0.0423163380840712
2024-02-01,2024-02-29,COP,0.00469382065843255,0.013165672662553751
2024-02-01,2024-02-29,PG,0.012635577196539413,0.011454763869351847
2024-02-01,2024-02-29,COST,0.011846340108183362,0.07210378541979012
2024-02-01,2024-02-29,WMT,0.009142081833554413,0.06402415461682498
2024-02-01,2024-02-29,PEP,0.007760532118976046,-0.011441508168811843
2024-02-01,2024-02-29,KO,0.008588363073118527,0.008909301681860882
2024-02-01,2024-02-29,PM,0.0053892359913669165,-0.009796409414118634
2024-02-01,2024-02-29,MDLZ,0.0034444481463207577,-0.029228077344142567
2024-02-01,2024-02-29,MO,0.0026483686278038457,0.019690903311025965
2024-02-01,2024-02-29,CL,0.0023538145979977716,0.02755341896862329
2024-02-01,2024-02-29,TGT,0.00212651777016844,0.10765514602351889
2024-02-01,2024-02-29,KHC,0.0009286272223611654,-0.04982503953711859
2024-02-01,2024-02-29,LIN,0.007233214868150905,0.10866285121489394
2024-02-01,2024-02-29,DOW,0.0012007859752491785,0.05566989711239745
2024-02-01,2024-02-29,CAT,0.006081774141416679,0.11205101838227005
2024-02-01,2024-02-29,UNP,0.005110300775623659,0.04537689644513421
2024-02-01,2024-02-29,GE,0.005776728720526262,0.18479087741886557
2024-02-01,2024-02-29,HON,0.004628856417142175,-0.01205224869623056
2024-02-01,2024-02-29,RTX,0.004878274379303117,-0.00943439121559353
2024-02-01,2024-02-29,BA,0.003917118338933998,-0.03468533120878692
2024-02-01,2024-02-29,DE,0.0039512720836483075,-0.07248847463499508
2024-02-01,2024-02-29,UPS,0.0033479577909359508,0.05653711059291355
2024-02-01,2024-02-29,LMT,0.003198774371844138,0.0045924633219041056
2024-02-01,2024-02-29,GD,0.002279522218439464,0.031170811382929653
2024-02-01,2024-02-29,FDX,0.002008325910368847,0.031828848108273355
2024-02-01,2024-02-29,EMR,0.0018839805753946665,0.17061632905466873
2024-02-01,2024-02-29,MMM,0.0017568191583932232,-0.007418190981745232
2024-02-01,2024-02-29,NEE,0.004160237220173321,-0.05005691110313426
2024-02-01,2024-02-29,SO,0.0028397553097916947,-0.022412723829098202
2024-02-01,2024-02-29,DUK,0.0027022418286099708,-0.030865354533037848
2024-02-01,2024-02-29,EXC,0.0012793667395851202,0.029589347143706757
2024-02-01,2024-02-29,AMT,0.0030513692046027995,0.01640686604145669
2024-02-01,2024-02-29,SPG,0.0018719312877272492,0.06875398735697358
2024-02-01,2024-02-29,CASHUSD,0.0033987003398700333,0.004443498232876042
2024-03-01,2024-03-28,MSFT,0.10011062330134281,0.017116135963652246
2024-03-01,2024-03-28,AAPL,0.09187282276465308,-0.05128643045976744
2024-03-01,2024-03-28,NVDA,0.0736392190573515,0.14218116756207388
2024-03-01,2024-03-28,AVGO,0.021598837196664836,0.023502481237623662
2024-03-01,2024-03-28,AMD,0.010806116007334353,-0.06253567424541784
2024-03-01,2024-03-28,CRM,0.008839739003895028,-0.023465418169458574
2024-03-01,2024-03-28,ADBE,0.007023235631639697,-0.09937891818709865
2024-03-01,2024-03-28,ACN,0.0066298717595439935,-0.07516401044040855
2024-03-01,2024-03-28,CSCO,0.006745399602535129,0.031838040463743944
2024-03-01,2024-03-28,INTC,0.005839937535897227,0.026016233083673512
2024-03-01,2024-03-28,ORCL,0.005945656287224117,0.12473119814964373
2024-03-01,2024-03-28,QCOM,0.005768663141003944,0.07294521706935542
2024-03-01,2024-03-28,IBM,0.005702644027006643,0.032048841694118924
2024-03-01,2024-03-28,TXN,0.005128163553721929,0.041116423476282415
2024-03-01,2024-03-28,AMZN,0.054359451681458566,0.020479805886374214
2024-03-01,2024-03-28,TSLA,0.020102555024508122,-0.12923524353897475
2024-03-01,2024-03-28,HD,0.012824188046928415,0.013883580404159934
2024-03-01,2024-03-28,MCD,0.007422455740584958,-0.035342898606830375
2024-03-01,2024-03-28,LOW,0.004782150902765383,0.05842015895064301
2024-03-01,2024-03-28,NKE,0.0037169090069391667,-0.09250670696173469
2024-03-01,2024-03-28,BKNG,0.004330455849018867,0.048527625096780325
2024-03-01,2024-03-28,SBUX,0.003644489424620642,-0.0369862779068344
2024-03-01,2024-03-28,GM,0.0020207955445408084,0.10663741286605677
2024-03-01,2024-03-28,F,0.0017254257928596697,0.06752413693238912
2024-03-01,2024-03-28,META,0.03661033369339023,-0.009283106222425008
2024-03-01,2024-03-28,GOOGL,0.030061110512555042,0.09006210558616723
2024-03-01,2024-03-28,GOOG,0.025552952840227214,0.08928314010555072
2024-03-01,2024-03-28,NFLX,0.008567030446943015,0.0073144346418954065
2024-03-01,2024-03-28,DIS,0.0062244383024730125,0.09661233497231803
2024-03-01,2024-03-28,CMCSA,0.005001169906606584,0.011668599629705234
2024-03-01,2024-03-28,VZ,0.005245677495444963,0.048475851906066625
2024-03-01,2024-03-28,T,0.003900383957202624,0.039574692213952156
2024-03-01,2024-03-28,TMUS,0.0027745545003380052,-0.0004901203159134448
2024-03-01,2024-03-28,CHTR,0.0007939233985043104,-0.01122712167930684
2024-03-01,2024-03-28,BRKB,0.02619949959360974,0.02716168852703782
2024-03-01,2024-03-28,JPM,0.019429670103479183,0.07653450041967447
2024-03-01,2024-03-28,V,0.014590900878913855,-0.012595713762970306
2024-03-01,2024-03-28,MA,0.012583763491561631,0.014344085856228705
2024-03-01,2024-03-28,BAC,0.008037568208648614,0.09849368757037658
2024-03-01,2024-03-28,WFC,0.00699567573503527,0.042633531601450336
2024-03-01,2024-03-28,GS,0.004702282954347131,0.0736152287643479
2024-03-01,2024-03-28,AXP,0.004415303065899717,0.037690343452074115
2024-03-01,2024-03-28,BLK,0.0037421596335345158,0.03393586014173455
2024-03-01,2024-03-28,MS,0.003964872862805108,0.09437471744011616
2024-03-01,2024-03-28,C,0.0036343600669080127,0.1396647893149825
2024-03-01,2024-03-28,SCHW,0.003356401048630756,0.08325821829884639
2024-03-01,2024-03-28,USB,0.0021177631218559055,0.07742834600618731
2024-03-01,2024-03-28,PYPL,0.0016810556928225817,0.1102088993368493
2024-03-01,2024-03-28,COF,0.001802031867648557,0.08197088122008367
2024-03-01,2024-03-28,AIG,0.0017441290165926024,0.07754927386322241
2024-03-01,2024-03-28,MET,0.0014835858858053374,0.06266132513083367
2024-03-01,2024-03-28,BK,0.001575352360626345,0.027277617219254813
2024-03-01,2024-03-28,LLY,0.022973722213553226,0.032215388021960445
2024-03-01,2024-03-28,UNH,0.014925665111354548,0.006179442372493682
2024-03-01,2024-03-28,JNJ,0.013666907803736571,-0.019766922558006828
2024-03-01,2024-03-28,MRK,0.01096602192969376,0.044333267313213964
2024-03-01,2024-03-28,ABBV,0.011319408854929894,0.03436534722016793
2024-03-01,2024-03-28,TMO,0.0070815226859660685,0.02001533912835507
2024-03-01,2024-03-28,ABT,0.006416243836029431,-0.04197571374622311
2024-03-01,2024-03-28,DHR,0.005264776636598606,-0.012436986035099351
2024-03-01,2024-03-28,PFE,0.004689217296350246,0.04480418165594835
2024-03-01,2024-03-28,AMGN,0.004927518641927391,0.03830844349135365
2024-03-01,2024-03-28,MDT,0.00343582449295223,0.054120058976173446
2024-03-01,2024-03-28,BMY,0.0032724694790991437,0.06857148553137726
2024-03-01,2024-03-28,CVS,0.0032062184508550766,0.0724753024671978
2024-03-01,2024-03-28,GILD,0.0030890595200384315,0.026356871678056226
2024-03-01,2024-03-28,XOM,0.014677207978544084,0.11213158027704018
2024-03-01,2024-03-28,CVX,0.008869453642856098,0.037695049367613365
2024-03-01,2024-03-28,COP,0.004481332773000945,0.13097562711181165
2024-03-01,2024-03-28,PG,0.012111289199270419,0.020825536753471985
2024-03-01,2024-03-28,COST,0.012019726290071552,-0.015136557476951307
2024-03-01,2024-03-28,WMT,0.009217317332805985,0.030113127429701514
2024-03-01,2024-03-28,KO,0.008210679152351456,0.027479970849296098
2024-03-01,2024-03-28,PEP,0.007215088052796108,0.05848551021158799
2024-03-01,2024-03-28,PM,0.005056848067631588,0.03258585890159549
2024-03-01,2024-03-28,MDLZ,0.003171332691877279,-0.036165871901652324
2024-03-01,2024-03-28,MO,0.00255383056878363,0.09000745120936027
2024-03-01,2024-03-28,CL,0.002287270867996267,0.040799945305171725
2024-03-01,2024-03-28,TGT,0.002220348170146885,0.15884104439695834
2024-03-01,2024-03-28,KHC,0.0008343566266514309,0.05788893932945216
2024-03-01,2024-03-28,LIN,0.007600886868326867,0.03759411745791352
2024-03-01,2024-03-28,DOW,0.0011841113746734865,0.03668569028882551
2024-03-01,2024-03-28,GE,0.00647515678111823,0.11880912645915065
2024-03-01,2024-03-28,CAT,0.006396112985769309,0.09722695771053735
2024-03-01,2024-03-28,UNP,0.005027042506724371,-0.030588635502063477
2024-03-01,2024-03-28,HON,0.004302911621732945,0.0328082433129373
2024-03-01,2024-03-28,RTX,0.004541846393189608,0.08765471251909318
2024-03-01,2024-03-28,BA,0.0035783705194787066,-0.052670310540174015
2024-03-01,2024-03-28,UPS,0.0033110928889378403,0.002495770826402177
2024-03-01,2024-03-28,DE,0.00345997398578252,0.12932640815286
2024-03-01,2024-03-28,LMT,0.00301147266204524,0.0621847435502072
2024-03-01,2024-03-28,GD,0.0022191924183616657,0.03381521774641438
2024-03-01,2024-03-28,EMR,0.0020717229355135995,0.06148811648361607
2024-03-01,2024-03-28,FDX,0.001956326108088847,0.169643931753219
2024-03-01,2024-03-28,MMM,0.0016192685991590402,0.15143306057683326
2024-03-01,2024-03-28,NEE,0.0037152601623408775,0.1579996675351787
2024-03-01,2024-03-28,SO,0.002599854784504533,0.06676553003133612
2024-03-01,2024-03-28,DUK,0.00246063314232751,0.05314180285895209
2024-03-01,2024-03-28,EXC,0.0012465499063674822,0.05950366702633492
2024-03-01,2024-03-28,AMT,0.0029296449997479085,-0.006386530840867932
2024-03-01,2024-03-28,SPG,0.0018896540363922852,0.07006477921591969
2024-03-01,2024-03-28,CASHUSD,0.0028744994251001152,0.0041014914915946665
2024-03-29,2024-04-30,MSFT,0.09892481911920563,-0.07461009991801992
2024-03-29,2024-04-30,AAPL,0.08409626092913772,-0.006706326908676119
2024-03-29,2024-04-30,NVDA,0.08173063542931323,-0.04376020231617472
2024-03-29,2024-04-30,AVGO,0.021445444742150096,-0.018967858930068027
2024-03-29,2024-04-30,AMD,0.009845080812170122,-0.12249986114155753
2024-03-29,2024-04-30,CRM,0.008334665314308225,-0.1070455628485405
2024-03-29,2024-04-30,ADBE,0.006102100625090655,-0.08277847607215671
2024-03-29,2024-04-30,ACN,0.005952563756683367,-0.12848697833398204
2024-03-29,2024-04-30,CSCO,0.006785248615286144,-0.05101540046503128
2024-03-29,2024-04-30,ORCL,0.006521193093409681,-0.09149670498671814
2024-03-29,2024-04-30,QCOM,0.0060309810181692295,-0.020378111343340333
2024-03-29,2024-04-30,INTC,0.0058392606894620645,-0.31016523950801467
2024-03-29,2024-04-30,INTU,0.00522533078262681,-0.03616335369224477
2024-03-29,2024-04-30,IBM,0.005731020920667056,-0.12966056964815453
2024-03-29,2024-04-30,TXN,0.005193694152320037,0.012685797056747106
2024-03-29,2024-04-30,AMZN,0.05426015008205478,-0.029825949313549094
2024-03-29,2024-04-30,TSLA,0.017065513001307507,0.042607689739043275
2024-03-29,2024-04-30,HD,0.012516994947306443,-0.12872782859164178
2024-03-29,2024-04-30,MCD,0.00696753100176805,-0.03160138785264621
2024-03-29,2024-04-30,LOW,0.004908051258065937,-0.10069570351383461
2024-03-29,2024-04-30,BKNG,0.004394122295074435,-0.04847174224008799
2024-03-29,2024-04-30,NKE,0.0032523617417592253,-0.01830179187030645
2024-03-29,2024-04-30,SBUX,0.0033831366963723453,-0.03173224466276492
2024-03-29,2024-04-30,GM,0.00184375015793328,-0.01808159284800226
2024-03-29,2024-04-30,F,0.0017888888183580226,-0.08509036881684173
2024-03-29,2024-04-30,META,0.034901683673288546,-0.11411089880688119
2024-03-29,2024-04-30,GOOGL,0.03167784441762712,0.07851313046750086
2024-03-29,2024-04-30,GOOG,0.026767324437460847,0.08130840611276446
2024-03-29,2024-04-30,NFLX,0.008283671166976312,-0.09334303218081108
2024-03-29,2024-04-30,DIS,0.006642999026120159,-0.09202354548416602
2024-03-29,2024-04-30,VZ,0.005339735768627084,-0.04362496992299658
2024-03-29,2024-04-30,CMCSA,0.004846795445003772,-0.11438323956534324
2024-03-29,2024-04-30,T,0.003935170347872855,-0.024621735886655505
2024-03-29,2024-04-30,TMUS,0.002758393751242023,0.0058203424439136064
2024-03-29,2024-04-30,CHTR,0.0007510819657812885,-0.11936139372599852
2024-03-29,2024-04-30,BRKB,0.02615325286020645,-0.056572763837322126
2024-03-29,2024-04-30,JPM,0.02032774687722978,-0.037152011849486466
2024-03-29,2024-04-30,V,0.013892472495417571,-0.03751597968747322
2024-03-29,2024-04-30,MA,0.012358858306745647,-0.06176681515473359
2024-03-29,2024-04-30,BAC,0.008580598980389658,-0.023997902197924414
2024-03-29,2024-04-30,WFC,0.00702452793103847,0.023464375157898898
2024-03-29,2024-04-30,GS,0.0049131191387535135,0.021594789683669235
2024-03-29,2024-04-30,AXP,0.0044308031098428576,0.031029438091499717
2024-03-29,2024-04-30,C,0.0039995393873239506,-0.03020228844280992
2024-03-29,2024-04-30,MS,0.004177260914461842,-0.026343982033397495
2024-03-29,2024-04-30,BLK,0.0037369862946333198,-0.09483030672459192
2024-03-29,2024-04-30,SCHW,0.003535320300310456,0.022256152419895425
2024-03-29,2024-04-30,PYPL,0.0017973529871191413,0.01388274467804762
2024-03-29,2024-04-30,USB,0.002200140252246681,-0.09105136775930212
2024-03-29,2024-04-30,COF,0.0018909103413717948,-0.03667141158520415
2024-03-29,2024-04-30,AIG,0.0018139303167013592,-0.036586890015841256
2024-03-29,2024-04-30,MET,0.0015152928695531863,-0.040884922912725385
2024-03-29,2024-04-30,BK,0.0015554866366543003,-0.012453989769302343
2024-03-29,2024-04-30,LLY,0.02305033374468443,0.00403613315334761
2024-03-29,2024-04-30,UNH,0.014540146614732137,-0.022235685629525825
2024-03-29,2024-04-30,JNJ,0.0130218040159122,-0.08597276778767504
2024-03-29,2024-04-30,MRK,0.01106153695264852,-0.020689702313393177
2024-03-29,2024-04-30,ABBV,0.011380732856264935,-0.09852341135852449
2024-03-29,2024-04-30,TMO,0.007016402219400311,-0.021489867352898817
2024-03-29,2024-04-30,ABT,0.005977290958468686,-0.06303407288363394
2024-03-29,2024-04-30,DHR,0.0050479332400258144,-0.012413910513172866
2024-03-29,2024-04-30,PFE,0.0047621631310179255,-0.07675667359052118
2024-03-29,2024-04-30,AMGN,0.004970257778854802,-0.03650799525440884
2024-03-29,2024-04-30,MDT,0.0034852733266764802,-0.07928859552484957
2024-03-29,2024-04-30,BMY,0.00339642171393379,-0.18032224923519424
2024-03-29,2024-04-30,CVS,0.0032703946899049793,-0.14286373403425756
2024-03-29,2024-04-30,GILD,0.0030472087574750168,-0.10989775426092774
2024-03-29,2024-04-30,XOM,0.015726398821578377,0.01746395421253366
2024-03-29,2024-04-30,CVX,0.00883707719540634,0.02237832643067983
2024-03-29,2024-04-30,COP,0.00488602398301528,-0.013042095115681218
2024-03-29,2024-04-30,PG,0.01201334129824471,0.012350020220423641
2024-03-29,2024-04-30,COST,0.011546940364444475,-0.011697149933610484
2024-03-29,2024-04-30,WMT,0.00921203688111256,-0.01362811642661066
2024-03-29,2024-04-30,PEP,0.007430597978787536,0.0051425934922531
2024-03-29,2024-04-30,KO,0.008145674748789218,0.009643635846105836
2024-03-29,2024-04-30,PM,0.00501257556871332,0.03623655326915398
2024-03-29,2024-04-30,MDLZ,0.0029227871655500533,0.027714363847583856
2024-03-29,2024-04-30,TGT,0.0025020078079552965,-0.09158611758830182
2024-03-29,2024-04-30,MO,0.002644632738134866,0.004355924658529853
2024-03-29,2024-04-30,CL,0.002325131750690422,0.026686379151771078
2024-03-29,2024-04-30,KHC,0.0008522736975775369,0.0463413484587929
2024-03-29,2024-04-30,LIN,0.007647465984168764,-0.05031004901173042
2024-03-29,2024-04-30,DOW,0.0011979340158312362,-0.017779933606505427
2024-03-29,2024-04-30,GE,0.007025564661430268,0.15718796821111547
2024-03-29,2024-04-30,CAT,0.00679225827778037,-0.08361852417442628
2024-03-29,2024-04-30,UNP,0.004727214204528834,-0.0356603790826977
2024-03-29,2024-04-30,HON,0.004310012513063591,-0.060998691222920676
2024-03-29,2024-04-30,RTX,0.004420497322284684,0.040910365819413874
2024-03-29,2024-04-30,BA,0.003312419727047815,-0.1303176767677966
2024-03-29,2024-04-30,UPS,0.00321683745431453,-0.0077374460869503725
2024-03-29,2024-04-30,DE,0.0036741828175127196,-0.0470612356771315
2024-03-29,2024-04-30,LMT,0.0030257943349910952,0.02211614434040432
2024-03-29,2024-04-30,FDX,0.0021952357494017397,-0.09650034567005972
2024-03-29,2024-04-30,EMR,0.00214015728548857,-0.04972667327421221
2024-03-29,2024-04-30,GD,0.0022326894717026114,0.0212837349020929
2024-03-29,2024-04-30,MMM,0.0018053361804531735,0.08820547296577352
2024-03-29,2024-04-30,NEE,0.004197358471916513,0.047879752989830715
2024-03-29,2024-04-30,SO,0.0027188715020196037,0.024533194854338136
2024-03-29,2024-04-30,DUK,0.002529270026063883,0.01602722938026435
2024-03-29,2024-04-30,AMT,0.0028327757434465505,-0.12393773523901641
2024-03-29,2024-04-30,SPG,0.0019312242565534495,-0.10198751321094457
2024-03-29,2024-04-30,CASHUSD,0.0020344,0.0043218477410804645
2024-05-01,2024-05-31,MSFT,0.09507019943791364,0.06819086554248721
2024-05-01,2024-05-31,AAPL,0.08674980648014673,0.13022234206095074
2024-05-01,2024-05-31,NVDA,0.0811646134458928,0.2688711155456016
2024-05-01,2024-05-31,AVGO,0.02184944284481623,0.0217492977505771
2024-05-01,2024-05-31,CRM,0.007729044490051799,-0.12828128799037963
2024-05-01,2024-05-31,AMD,0.008971820618138025,0.05379460001896019
2024-05-01,2024-05-31,ADBE,0.005812449552029742,-0.03904236400166605
2024-05-01,2024-05-31,CSCO,0.0066329188833598755,-0.010217121970251819
2024-05-01,2024-05-31,ACN,0.005366865084414375,-0.0618789479173848
2024-05-01,2024-05-31,QCOM,0.00613562024429525,0.23537068815348228
2024-05-01,2024-05-31,ORCL,0.006132950728998299,0.0302417259754848
2024-05-01,2024-05-31,INTU,0.005222809561113303,-0.07860985207816085
2024-05-01,2024-05-31,TXN,0.005462207933795998,0.11334041931430683
2024-05-01,2024-05-31,IBM,0.005180040701142644,0.01387667502956802
2024-05-01,2024-05-31,INTC,0.0041833044946629335,0.016583726214154382
2024-05-01,2024-05-31,AMZN,0.05473279762102139,0.00822858537946436
2024-05-01,2024-05-31,TSLA,0.018499391590464664,-0.02837187354253501
2024-05-01,2024-05-31,HD,0.01133908580706783,0.008910133366354156
2024-05-01,2024-05-31,MCD,0.007015349929526855,-0.051823675569614425
2024-05-01,2024-05-31,LOW,0.004567520897373375,-0.029387332520045106
2024-05-01,2024-05-31,BKNG,0.004347950805193348,0.09395053141475684
2024-05-01,2024-05-31,NKE,0.0033216765697548964,0.030240572582348912
2024-05-01,2024-05-31,SBUX,0.0034087664397438227,-0.08657892387242305
2024-05-01,2024-05-31,GM,0.0018783879438886634,0.010330181643129377
2024-05-01,2024-05-31,F,0.0016981391532451175,0.010479693755834463
2024-05-01,2024-05-31,GOOGL,0.03535178104472689,0.05971268143004105
2024-05-01,2024-05-31,META,0.031993194907245164,0.08522196133066706
2024-05-01,2024-05-31,GOOG,0.029949112574647108,0.05660841314535725
2024-05-01,2024-05-31,NFLX,0.00777148404018971,0.16522598292156743
2024-05-01,2024-05-31,DIS,0.006241234977574522,-0.0647164087001385
2024-05-01,2024-05-31,VZ,0.005199936978410085,0.04203595582287334
2024-05-01,2024-05-31,CMCSA,0.004408888718834583,0.05038047556939973
2024-05-01,2024-05-31,T,0.003908941904006047,0.07874471428658225
2024-05-01,2024-05-31,TMUS,0.0028751748379426405,0.06979850298215129
2024-05-01,2024-05-31,CHTR,0.0006831115015647985,0.12182539805562231
2024-05-01,2024-05-31,BRKB,0.02566552599360243,0.04453906289122456
2024-05-01,2024-05-31,JPM,0.02024120997702791,0.05679549183573407
2024-05-01,2024-05-31,V,0.013908635813140642,0.016210119217101582
2024-05-01,2024-05-31,MA,0.012044882684708354,-0.00915328628702905
2024-05-01,2024-05-31,BAC,0.008711299596595433,0.08051891744492234
2024-05-01,2024-05-31,WFC,0.007478319331153635,0.015921870235634072
2024-05-01,2024-05-31,GS,0.005222193246343406,0.07633459703230461
2024-05-01,2024-05-31,AXP,0.004738419714872199,0.02550960136375635
2024-05-01,2024-05-31,C,0.004036362403732191,0.024804969816232036
2024-05-01,2024-05-31,MS,0.004194057592065057,0.07705862454410317
2024-05-01,2024-05-31,SCHW,0.0037515602630080963,-0.00580684427653122
2024-05-01,2024-05-31,BLK,0.0035115670666413636,0.023044250763954555
2024-05-01,2024-05-31,PYPL,0.001899871879674138,-0.07258547328600784
2024-05-01,2024-05-31,USB,0.0020759821798924404,-0.001968949874616155
2024-05-01,2024-05-31,COF,0.0018909135152554535,-0.036380114471386005
2024-05-01,2024-05-31,AIG,0.0018141420899480687,0.04660736686781908
2024-05-01,2024-05-31,MET,0.0015085653464616841,0.026078345120894575
2024-05-01,2024-05-31,BK,0.001583054022908695,0.05523129250836645
2024-05-01,2024-05-31,LLY,0.02405398625152245,0.052027057593817094
2024-05-01,2024-05-31,UNH,0.01477646570131607,0.024126444546847203
2024-05-01,2024-05-31,JNJ,0.012370583717732312,0.02258518239448626
2024-05-01,2024-05-31,MRK,0.011258876498829794,-0.028478498625984172
2024-05-01,2024-05-31,ABBV,0.010564408399114976,-0.008607878889734244
2024-05-01,2024-05-31,TMO,0.007135568247948875,-0.0013012099316715986
2024-05-01,2024-05-31,ABT,0.005792195275012503,-0.035670513126707215
2024-05-01,2024-05-31,DHR,0.005181747602115132,0.04127797055011739
2024-05-01,2024-05-31,AMGN,0.004978570469424174,0.12441534043625313
2024-05-01,2024-05-31,PFE,0.004569625223124939,0.1355274353174334
2024-05-01,2024-05-31,MDT,0.0033373787955830905,0.014082867193789594
2024-05-01,2024-05-31,BMY,0.0028623321532116317,-0.06486113460794174
2024-05-01,2024-05-31,CVS,0.002888234211170565,-0.11977561699917949
2024-05-01,2024-05-31,GILD,0.002822593676123633,-0.014263674425154638
2024-05-01,2024-05-31,XOM,0.016645850481997577,-0.00048674097852086096
2024-05-01,2024-05-31,CVX,0.009398885865535937,0.01654935790302625
2024-05-01,2024-05-31,COP,0.005016654334049286,-0.06686030175687863
2024-05-01,2024-05-31,PG,0.012572693819523676,0.008210619273868014
2024-05-01,2024-05-31,COST,0.011854626611340981,0.12033465575783797
2024-05-01,2024-05-31,WMT,0.009454206108658905,0.11183851487509955
2024-05-01,2024-05-31,PEP,0.0077710085678995644,-0.01711101383574143
2024-05-01,2024-05-31,KO,0.008556977709017059,0.018779496110088445
2024-05-01,2024-05-31,PM,0.00540470434314942,0.06783230408389263
2024-05-01,2024-05-31,MDLZ,0.003128893767997551,-0.04740064641648911
2024-05-01,2024-05-31,MO,0.0027687461939518254,0.0556947645364505
2024-05-01,2024-05-31,CL,0.0024644479453850418,0.011314123377329066
2024-05-01,2024-05-31,TGT,0.002359955052785414,-0.023264166676637776
2024-05-01,2024-05-31,KHC,0.0009260197016066288,-0.0839161125878185
2024-05-01,2024-05-31,LIN,0.00756017077620514,-0.012336792423995102
2024-05-01,2024-05-31,DOW,0.0012223265890456525,0.025335664789146284
2024-05-01,2024-05-31,GE,0.006741304859364736,0.02051636012603253
2024-05-01,2024-05-31,CAT,0.006454912350010952,0.011806193686191513
2024-05-01,2024-05-31,UNP,0.004744782259451002,-0.012701049924941588
2024-05-01,2024-05-31,RTX,0.004790409969355719,0.06834711135909766
2024-05-01,2024-05-31,HON,0.004213196045751637,0.05463877534064987
2024-05-01,2024-05-31,UPS,0.0033248168393810876,-0.0474877322806766
2024-05-01,2024-05-31,DE,0.0036469993767055597,-0.042538468740821345
2024-05-01,2024-05-31,LMT,0.0032223899778572283,0.011636224126139183
2024-05-01,2024-05-31,BA,0.0030005699721371367,0.05821022691630806
2024-05-01,2024-05-31,GD,0.002356800799623793,0.04416750516498391
2024-05-01,2024-05-31,EMR,0.0021124342984382488,0.04541853566311893
2024-05-01,2024-05-31,FDX,0.0020698582164672633,-0.029872265359489947
2024-05-01,2024-05-31,MMM,0.0017062105200499997,0.044818963063414374
2024-05-01,2024-05-31,NEE,0.00458234844792257,0.1948634063294159
2024-05-01,2024-05-31,SO,0.0028934406962385357,0.1003204007648999
2024-05-01,2024-05-31,DUK,0.002669307812309808,0.06459878676660402
2024-05-01,2024-05-31,AMT,0.002548545846616233,0.1409418786440908
2024-05-01,2024-05-31,SPG,0.0018078528464641598,0.07670963944685938
2024-05-01,2024-05-31,CASHUSD,0.002282499315250205,0.0045731835254099185
2024-06-01,2024-06-28,MSFT,0.0951251129833728,0.07665077768118977
2024-06-01,2024-06-28,AAPL,0.09188166409669948,0.09555264699414212
2024-06-01,2024-06-28,NVDA,0.0966423793972804,0.12694296003191075
2024-06-01,2024-06-28,AVGO,0.020948632180439394,0.21232044568559028
2024-06-01,2024-06-28,AMD,0.008871886342618512,-0.0281005833081458
2024-06-01,2024-06-28,QCOM,0.0070838133546646176,-0.023866800635132912
2024-06-01,2024-06-28,CRM,0.006322582077202688,0.0966558881681181
2024-06-01,2024-06-28,ADBE,0.005241538271405141,0.2490780776808068
2024-06-01,2024-06-28,CSCO,0.006160718754559312,0.021720383111105912
2024-06-01,2024-06-28,ORCL,0.005928820441971194,0.20488092083763165
2024-06-01,2024-06-28,TXN,0.005664190277982728,-0.0024614989210242078
2024-06-01,2024-06-28,ACN,0.004724453145995732,0.07481645883139865
2024-06-01,2024-06-28,INTU,0.004514954877845551,0.14011857391144034
2024-06-01,2024-06-28,IBM,0.00487798204633175,0.03655974326246114
2024-06-01,2024-06-28,INTC,0.0039716245674895935,0.003889728738131204
2024-06-01,2024-06-28,AMZN,0.05207912998213786,0.09527316552932019
2024-06-01,2024-06-28,TSLA,0.016963478058336718,0.11118599982126098
2024-06-01,2024-06-28,HD,0.010721977843961658,0.027980946500851145
2024-06-01,2024-06-28,MCD,0.006277707884744402,-0.009252921244418344
2024-06-01,2024-06-28,BKNG,0.00448290059937075,0.0514433951945239
2024-06-01,2024-06-28,LOW,0.004181075876231051,-0.0037506184050229985
2024-06-01,2024-06-28,NKE,0.003226088135731994,-0.20395019975186301
2024-06-01,2024-06-28,SBUX,0.002920836623043506,-0.029543911520039434
2024-06-01,2024-06-28,GM,0.0017937964495244054,0.03539808968965574
2024-06-01,2024-06-28,F,0.0016024668471343578,0.03380047168208056
2024-06-01,2024-06-28,META,0.03275032960360569,0.0811658173370231
2024-06-01,2024-06-28,GOOGL,0.03533785437736349,0.05715374965675646
2024-06-01,2024-06-28,GOOG,0.029849713528181308,0.05558000765595561
2024-06-01,2024-06-28,NFLX,0.008541615049516397,0.05183747804061012
2024-06-01,2024-06-28,DIS,0.005506206933992926,-0.044461663304419585
2024-06-01,2024-06-28,VZ,0.005109860221517478,0.0021869235574842882
2024-06-01,2024-06-28,CMCSA,0.004366660543027614,-0.02173369547748738
2024-06-01,2024-06-28,T,0.003974011509731637,0.04884752590333785
2024-06-01,2024-06-28,TMUS,0.00289487393621478,0.0069728521688128264
2024-06-01,2024-06-28,CHTR,0.0007240226747893206,0.041237101348717164
2024-06-01,2024-06-28,BRKB,0.02525824695120057,-0.01833978333844788
2024-06-01,2024-06-28,JPM,0.0201538419105205,-0.0018258627309407638
2024-06-01,2024-06-28,V,0.01329219548270287,-0.036665839973318404
2024-06-01,2024-06-28,MA,0.011244629524123919,-0.013219503839517976
2024-06-01,2024-06-28,BAC,0.00886840807032412,0.0005472346266202077
2024-06-01,2024-06-28,WFC,0.007117156345184369,-0.008845120842744247
2024-06-01,2024-06-28,GS,0.005261320288290576,-0.009200029520747388
2024-06-01,2024-06-28,AXP,0.004575117272266044,-0.03520834709913134
2024-06-01,2024-06-28,MS,0.004251909721971115,-0.00664349674414022
2024-06-01,2024-06-28,C,0.0038599232120909164,0.018456080656417573
2024-06-01,2024-06-28,SCHW,0.003507912580861577,0.00559486090894179
2024-06-01,2024-06-28,BLK,0.0033904879241786895,0.026529379343758208
2024-06-01,2024-06-28,PYPL,0.0016626106165349808,-0.07874270043754461
2024-06-01,2024-06-28,USB,0.001955100853948334,-0.00872073446063204
2024-06-01,2024-06-28,AIG,0.0017917148532162646,-0.052995809085112144
2024-06-01,2024-06-28,COF,0.001712269942386871,0.00595801997672285
2024-06-01,2024-06-28,BK,0.001576218633579666,0.004697031410081154
2024-06-01,2024-06-28,MET,0.001449387445237973,-0.030122795182963458
2024-06-01,2024-06-28,LLY,0.023819567809087023,0.10366441549506167
2024-06-01,2024-06-28,UNH,0.014268715583012665,0.03240090061256118
2024-06-01,2024-06-28,JNJ,0.01183203654549159,-0.003477010035630057
2024-06-01,2024-06-28,MRK,0.01031367441360568,-0.007960572752638617
2024-06-01,2024-06-28,ABBV,0.00987545302289512,0.06375577195601534
2024-06-01,2024-06-28,TMO,0.006719463790524182,-0.025710426079154858
2024-06-01,2024-06-28,ABT,0.005266258363973406,0.016831338237798033
2024-06-01,2024-06-28,DHR,0.005086165396980033,-0.026019136288194855
2024-06-01,2024-06-28,AMGN,0.005239854962935269,0.021579133479962653
2024-06-01,2024-06-28,PFE,0.004818380375874362,-0.02372635418479474
2024-06-01,2024-06-28,MDT,0.003196049082720417,-0.024078790877898437
2024-06-01,2024-06-28,BMY,0.0025194341115751633,0.01070823037974078
2024-06-01,2024-06-28,GILD,0.002617943786530797,0.08061882954633326
2024-06-01,2024-06-28,CVS,0.002400859565251565,-0.009060222792659611
2024-06-01,2024-06-28,XOM,0.017669048306922886,-0.01825003767496447
2024-06-01,2024-06-28,CVX,0.008909053702645027,-0.03622935887386025
2024-06-01,2024-06-28,COP,0.004378985607597041,-0.01802887827717614
2024-06-01,2024-06-28,PG,0.01192113061417404,0.0023095992873092275
2024-06-01,2024-06-28,COST,0.012490558106528979,0.049512953746793764
2024-06-01,2024-06-28,WMT,0.009851554004574544,0.029653439256933645
2024-06-01,2024-06-28,KO,0.008198636903518611,0.01928930373681892
2024-06-01,2024-06-28,PEP,0.007183277344639172,-0.03857436203921272
2024-06-01,2024-06-28,PM,0.005425445447165842,0.0125134984815507
2024-06-01,2024-06-28,MDLZ,0.002798619065862544,-0.03895701117519279
2024-06-01,2024-06-28,MO,0.002753247722921325,0.006423366660349261
2024-06-01,2024-06-28,CL,0.0023476202843525575,0.04389000066273785
2024-06-01,2024-06-28,TGT,0.0021563596329566104,-0.05199810668664462
2024-06-01,2024-06-28,KHC,0.0007990245031163215,-0.07842577289482477
2024-06-01,2024-06-28,LIN,0.0070482600497476875,0.010789095095424583
2024-06-01,2024-06-28,DOW,0.001170336662813627,-0.07947242871420424
2024-06-01,2024-06-28,GE,0.006487512318416463,-0.03736223948829054
2024-06-01,2024-06-28,CAT,0.006158628494121035,-0.016011001578930317
2024-06-01,2024-06-28,RTX,0.0047947520972943195,-0.06882469425687321
2024-06-01,2024-06-28,UNP,0.004390985137323971,-0.028176338210668672
2024-06-01,2024-06-28,HON,0.004165442416361595,0.05613528372392129
2024-06-01,2024-06-28,BA,0.002990677045728772,0.02477334542741927
2024-06-01,2024-06-28,LMT,0.003079369943719184,-0.00019264961173670603
2024-06-01,2024-06-28,UPS,0.002950336331948821,-0.014971437306121493
2024-06-01,2024-06-28,DE,0.0032981053618538164,0.0008895757297284757
2024-06-01,2024-06-28,GD,0.002324352643867334,-0.03212460535087647
2024-06-01,2024-06-28,EMR,0.0020763589524453617,-0.017831846671746754
2024-06-01,2024-06-28,FDX,0.0018968227703088066,0.18711668637219314
2024-06-01,2024-06-28,MMM,0.0016722379723779187,0.020471347599545053
2024-06-01,2024-06-28,NEE,0.005171898392602407,-0.10936427054201359
2024-06-01,2024-06-28,SO,0.002986133351769068,-0.03206886313759383
2024-06-01,2024-06-28,DUK,0.002663163927150257,-0.03224873408568252
2024-06-01,2024-06-28,AMT,0.002756297077963515,0.0012953186601929456
2024-06-01,2024-06-28,SPG,0.0018335010861172197,0.016457932480103965
2024-06-01,2024-06-28,CASHUSD,0.0030349987860004853,0.003992797363694844
2024-06-29,2024-07-31,MSFT,0.09803544580661781,-0.0639892275858357
2024-06-29,2024-07-31,NVDA,0.10377940610975621,-0.05277647703604915
2024-06-29,2024-07-31,AAPL,0.09565911218912565,0.054410744885693196
2024-06-29,2024-07-31,AVGO,0.023983390904727887,0.000790974237420139
2024-06-29,2024-07-31,AMD,0.00825439279790691,-0.10930281889207516
2024-06-29,2024-07-31,CRM,0.006657585432537927,0.008179072885250438
2024-06-29,2024-07-31,ADBE,0.006210075506692219,-0.007002112840004848
2024-06-29,2024-07-31,ORCL,0.006835566903225729,-0.009605350653794087
2024-06-29,2024-07-31,QCOM,0.00662908759154692,-0.09152518038062518
2024-06-29,2024-07-31,CSCO,0.0059953392189466,0.028522187034923485
2024-06-29,2024-07-31,ACN,0.004872965264753712,0.09445956730855021
2024-06-29,2024-07-31,INTU,0.0049279879705586985,-0.013637990443625236
2024-06-29,2024-07-31,TXN,0.005415832634379027,0.0545253250766593
2024-06-29,2024-07-31,IBM,0.0048597408409011625,0.1109569099035086
2024-06-29,2024-07-31,INTC,0.0038444480203989203,-0.0074265350905735605
2024-06-29,2024-07-31,AMZN,0.05465870814259764,-0.032445041513381345
2024-06-29,2024-07-31,TSLA,0.018053925662446353,0.17278149180183244
2024-06-29,2024-07-31,HD,0.010496461710008783,0.06948639779427679
2024-06-29,2024-07-31,MCD,0.005882564145113413,0.04143777426131856
2024-06-29,2024-07-31,BKNG,0.004378686388589097,-0.06222130317546426
2024-06-29,2024-07-31,LOW,0.003971932163046437,0.11902595121199178
2024-06-29,2024-07-31,NKE,0.002439297797913762,-0.006766649393098567
2024-06-29,2024-07-31,SBUX,0.0027066267014724536,0.0012846620872721815
2024-06-29,2024-07-31,GM,0.0017559635065793435,-0.04606113462820827
2024-06-29,2024-07-31,F,0.0015796549669969142,-0.13716115604639956
2024-06-29,2024-07-31,META,0.033712094821590606,-0.058287999427739656
2024-06-29,2024-07-31,GOOGL,0.035586793175649174,-0.05824857435492581
2024-06-29,2024-07-31,GOOG,0.029826041924932014,-0.05599165939873496
2024-06-29,2024-07-31,NFLX,0.008558943791164392,-0.06894558957840613
2024-06-29,2024-07-31,DIS,0.005010145379727815,-0.052047117967305656
2024-06-29,2024-07-31,VZ,0.004906753942761059,-0.001378994037286696
2024-06-29,2024-07-31,CMCSA,0.004039010900083669,0.06251308509508569
2024-06-29,2024-07-31,T,0.004001427038433095,0.022445189576745017
2024-06-29,2024-07-31,TMUS,0.002748011048664852,0.034623646158431276
2024-06-29,2024-07-31,CHTR,0.0007191037986585285,0.2701365134931777
2024-06-29,2024-07-31,BRKB,0.02361797508901075,0.07792530274893772
2024-06-29,2024-07-31,JPM,0.01912935834128568,0.05794106465808224
2024-06-29,2024-07-31,V,0.01220515380122117,0.012191988105239249
2024-06-29,2024-07-31,MA,0.010576142551822425,0.052672142187052406
2024-06-29,2024-07-31,BAC,0.008343533952975383,0.013578093668824565
2024-06-29,2024-07-31,WFC,0.006542022908043807,-0.0008418438046339238
2024-06-29,2024-07-31,GS,0.0049368947791371565,0.12537579119761433
2024-06-29,2024-07-31,AXP,0.00420072768214928,0.09606423811816978
2024-06-29,2024-07-31,MS,0.004041634465576203,0.0714927910204406
2024-06-29,2024-07-31,C,0.0037743119731862697,0.022376207293875794
2024-06-29,2024-07-31,SCHW,0.0033845547827880407,-0.11534785794540692
2024-06-29,2024-07-31,BLK,0.003300017344858261,0.11327035149024867
2024-06-29,2024-07-31,USB,0.0018335946178190858,0.13047857669036445
2024-06-29,2024-07-31,PYPL,0.001428368788313477,0.13355159485046753
2024-06-29,2024-07-31,COF,0.0016555243495988612,0.09353542129743331
2024-06-29,2024-07-31,AIG,0.001529725895190831,0.06721438648935796
2024-06-29,2024-07-31,BK,0.0014899654037244198,0.0946990864303694
2024-06-29,2024-07-31,MET,0.0013068159325634165,0.09488496229477139
2024-06-29,2024-07-31,LLY,0.025137842070230954,-0.11167684307483039
2024-06-29,2024-07-31,UNH,0.013949510308940734,0.1313670464991521
2024-06-29,2024-07-31,JNJ,0.011258770708036185,0.07998076983210511
2024-06-29,2024-07-31,MRK,0.009709413308333107,-0.08618739280858778
2024-06-29,2024-07-31,ABBV,0.010035405888568083,0.09038254520640909
2024-06-29,2024-07-31,TMO,0.0061734061837886035,0.10911390393379028
2024-06-29,2024-07-31,ABT,0.005125349506479718,0.02494511348994899
2024-06-29,2024-07-31,AMGN,0.005127414440247227,0.06407416027216994
2024-06-29,2024-07-31,DHR,0.004738872466779552,0.10898523450383268
2024-06-29,2024-07-31,PFE,0.004510433542954899,0.10689810815969292
2024-06-29,2024-07-31,MDT,0.002944375183082543,0.020454876645827458
2024-06-29,2024-07-31,GILD,0.0026610840589370334,0.10858463294229748
2024-06-29,2024-07-31,BMY,0.002424707652457868,0.16260913584676517
2024-06-29,2024-07-31,CVS,0.002256235891727715,0.03303566981786088
2024-06-29,2024-07-31,XOM,0.01650875449256157,0.030142439121604747
2024-06-29,2024-07-31,CVX,0.008125181547708877,0.025891875356806926
2024-06-29,2024-07-31,COP,0.004089869704490699,-0.027802089379650008
2024-06-29,2024-07-31,PG,0.01146165716150029,-0.019361741214960926
2024-06-29,2024-07-31,COST,0.012530429615838593,-0.03155297893576792
2024-06-29,2024-07-31,WMT,0.00968068975306005,0.01373499067992201
2024-06-29,2024-07-31,KO,0.007896184987437787,0.0485468658519026
2024-06-29,2024-07-31,PEP,0.0065547440303368055,0.046929020580322556
2024-06-29,2024-07-31,PM,0.005194893785153846,0.1364847144418211
2024-06-29,2024-07-31,MDLZ,0.0025480028042616553,0.04446815164764617
2024-06-29,2024-07-31,CL,0.0023270768235142104,0.027370361946871924
2024-06-29,2024-07-31,MO,0.002520215939212357,0.07596025820613161
2024-06-29,2024-07-31,TGT,0.0019600981625525296,0.016009490307058005
2024-06-29,2024-07-31,KHC,0.0006940196107344068,0.0927992234903483
2024-06-29,2024-07-31,LIN,0.006733079689431969,0.033476910410843885
2024-06-29,2024-07-31,DOW,0.001027221862628339,0.026767202056782624
2024-06-29,2024-07-31,GE,0.006026418576709034,0.07245463996097379
2024-06-29,2024-07-31,CAT,0.005585934997373503,0.043560355806322004
2024-06-29,2024-07-31,HON,0.004171132170138103,-0.04116331506731863
2024-06-29,2024-07-31,UNP,0.004097910642772532,0.0904711682876913
2024-06-29,2024-07-31,RTX,0.004293532989854027,0.1703354976921705
2024-06-29,2024-07-31,BA,0.002960752920755088,0.047195274193347014
2024-06-29,2024-07-31,LMT,0.0029149857994153336,0.16017976473900286
2024-06-29,2024-07-31,UPS,0.0028128790275412947,-0.04735118269002958
2024-06-29,2024-07-31,DE,0.0031346266522562674,-0.004416153520496513
2024-06-29,2024-07-31,FDX,0.0021120058403295626,0.008037695362798747
2024-06-29,2024-07-31,GD,0.0021626634302324955,0.03469483111685223
2024-06-29,2024-07-31,EMR,0.0019504947409006582,0.06309009425459378
2024-06-29,2024-07-31,MMM,0.0016417709847438425,0.24816522208148828
2024-06-29,2024-07-31,NEE,0.004385113231691628,0.07880243264716902
2024-06-29,2024-07-31,SO,0.002769605794911344,0.07670479903272076
2024-06-29,2024-07-31,DUK,0.00246848289803741,0.09019252049662785
2024-06-29,2024-07-31,AMT,0.0026226825998796593,0.1338612755025106
2024-06-29,2024-07-31,SPG,0.0017559182758405158,0.010803706935025525
2024-06-29,2024-07-31,CASHUSD,0.0019393003878600775,0.004508392148804052
2024-08-01,2024-08-30,AAPL,0.10038427748968172,0.03235346666165828
2024-08-01,2024-08-30,MSFT,0.09132569005559223,-0.001095181910893528
2024-08-01,2024-08-30,NVDA,0.09783468482563878,0.02008208031891745
2024-08-01,2024-08-30,AVGO,0.023888140684831263,0.013318383554701718
2024-08-01,2024-08-30,CRM,0.006669784112998877,-0.022797668642359326
2024-08-01,2024-08-30,ADBE,0.0061372226286205605,0.041257949285225415
2024-08-01,2024-08-30,AMD,0.007317260122361365,0.028239216166290326
2024-08-01,2024-08-30,ORCL,0.0067187082568485506,0.013194673899779907
2024-08-01,2024-08-30,ACN,0.005284805356522426,0.03426913129466147
2024-08-01,2024-08-30,QCOM,0.00599376042312162,-0.031224090798776416
2024-08-01,2024-08-30,CSCO,0.006084897135519023,0.04313718812523648
2024-08-01,2024-08-30,TXN,0.00564720407174442,0.05166581420328353
2024-08-01,2024-08-30,INTU,0.004831012939020973,-0.026400062365962818
2024-08-01,2024-08-30,IBM,0.005373246974875367,0.06119433957498566
2024-08-01,2024-08-30,INTC,0.003797793566867147,-0.27847058573763883
2024-08-01,2024-08-30,AMZN,0.05254390687721035,-0.0453524222981363
2024-08-01,2024-08-30,TSLA,0.021036646770948582,-0.07739046902676983
2024-08-01,2024-08-30,HD,0.011153314173414463,0.007002965041995379
2024-08-01,2024-08-30,MCD,0.006086768992804729,0.08764131328438451
2024-08-01,2024-08-30,LOW,0.004394706796453512,0.012178718100086972
2024-08-01,2024-08-30,BKNG,0.004079686837774615,0.05227967173561865
2024-08-01,2024-08-30,NKE,0.0024071794860822497,0.11301092140460534
2024-08-01,2024-08-30,SBUX,0.0026926509366443714,0.22054617820229394
2024-08-01,2024-08-30,GM,0.0016642594150838767,0.12319489594111177
2024-08-01,2024-08-30,F,0.0013542334202601108,0.05030484307578997
2024-08-01,2024-08-30,META,0.031635591308977404,0.09788761009040159
2024-08-01,2024-08-30,GOOGL,0.033396232158371085,-0.04756917920413595
2024-08-01,2024-08-30,GOOG,0.028057100812371692,-0.046433745649325564
2024-08-01,2024-08-30,NFLX,0.007940862916056815,0.11617733998760782
2024-08-01,2024-08-30,DIS,0.004711032226044976,-0.03532929239200833
2024-08-01,2024-08-30,VZ,0.00480416464219734,0.03109569767603837
2024-08-01,2024-08-30,CMCSA,0.004241641580475486,-0.041192056404949606
2024-08-01,2024-08-30,T,0.004016548177037156,0.03376622485691172
2024-08-01,2024-08-30,TMUS,0.0028331737284115377,0.09374409235479586
2024-08-01,2024-08-30,CHTR,0.0009102137233371593,-0.08474663586940578
2024-08-01,2024-08-30,BRKB,0.025321691235946995,0.08533640462425174
2024-08-01,2024-08-30,JPM,0.0200180177301094,0.056390937176389544
2024-08-01,2024-08-30,V,0.012287625609333728,0.042361469472292246
2024-08-01,2024-08-30,MA,0.01105694334352875,0.04233256551128095
2024-08-01,2024-08-30,BAC,0.008411407322460518,0.010915406589583343
2024-08-01,2024-08-30,WFC,0.006501419779377241,-0.007133916765252657
2024-08-01,2024-08-30,GS,0.005525888731394416,0.00832697463973986
2024-08-01,2024-08-30,AXP,0.004565931389169491,0.02217030258097097
2024-08-01,2024-08-30,MS,0.004268904912025792,0.0038755740501459357
2024-08-01,2024-08-30,C,0.003838014649150309,-0.02523539705283573
2024-08-01,2024-08-30,BLK,0.003654238597204265,0.028876220092815874
2024-08-01,2024-08-30,SCHW,0.0029781055070916243,0.0026117065963995323
2024-08-01,2024-08-30,USB,0.0020616572990556485,0.05236179961714016
2024-08-01,2024-08-30,PYPL,0.001610439581278186,0.10109457460071702
2024-08-01,2024-08-30,COF,0.0018006292200965595,-0.02518572424939325
2024-08-01,2024-08-30,AIG,0.0016237070575358,-0.027514572745919175
2024-08-01,2024-08-30,BK,0.0016101816712378845,0.0484093711137461
2024-08-01,2024-08-30,MET,0.0014231556429830496,0.016348343406667798
2024-08-01,2024-08-30,LLY,0.022318053817522436,0.19532171401568998
2024-08-01,2024-08-30,UNH,0.015773175852535237,0.024368278857869408
2024-08-01,2024-08-30,JNJ,0.01215236604163232,0.058719684787059245
2024-08-01,2024-08-30,ABBV,0.010836708082841226,0.059302913783298106
2024-08-01,2024-08-30,MRK,0.008867603643189182,0.0470254226017075
2024-08-01,2024-08-30,TMO,0.00684317341040072,0.0028205752795198435
2024-08-01,2024-08-30,ABT,0.0052225663733705,0.06919000916179519
2024-08-01,2024-08-30,DHR,0.005252439047839693,-0.02804232227088288
2024-08-01,2024-08-30,AMGN,0.00545290663649001,0.011082035129580836
2024-08-01,2024-08-30,PFE,0.004920301016483098,-0.05009829569941637
2024-08-01,2024-08-30,MDT,0.0030029302463901388,0.10283854889511335
2024-08-01,2024-08-30,BMY,0.002775145478664924,0.05025237501266311
2024-08-01,2024-08-30,GILD,0.0029484037888288287,0.03865381644751831
2024-08-01,2024-08-30,CVS,0.002303480898438852,-0.05121844066744785
2024-08-01,2024-08-30,XOM,0.01691641759114485,0.0025257460878072013
2024-08-01,2024-08-30,CVX,0.008291524131703254,-0.06770209268809779
2024-08-01,2024-08-30,COP,0.003955172858709188,0.030693534007290024
2024-08-01,2024-08-30,PG,0.011115474689476337,0.06705658189015185
2024-08-01,2024-08-30,COST,0.012055839145998504,0.08562048767442954
2024-08-01,2024-08-30,WMT,0.009763500792373266,0.12835268868438332
2024-08-01,2024-08-30,KO,0.008237219647594204,0.08585545049414334
2024-08-01,2024-08-30,PEP,0.006827352849923412,0.0012161810638713355
2024-08-01,2024-08-30,PM,0.005873830403445587,0.07059747114887949
2024-08-01,2024-08-30,MDLZ,0.002647755134908056,0.05062180240520986
2024-08-01,2024-08-30,MO,0.002697837830843828,0.0971231077733794
2024-08-01,2024-08-30,CL,0.0023664955376342368,0.07369698733976748
2024-08-01,2024-08-30,TGT,0.0019812364234150074,0.029329032084049356
2024-08-01,2024-08-30,KHC,0.000754489704903656,0.017794429701117664
2024-08-01,2024-08-30,LIN,0.006922503014109967,0.054575547763617394
2024-08-01,2024-08-30,DOW,0.0010492009717420283,-0.0033865944991398056
2024-08-01,2024-08-30,GE,0.006419013247720079,0.025969319583266204
2024-08-01,2024-08-30,CAT,0.005775818860824212,0.02859616740327664
2024-08-01,2024-08-30,RTX,0.004999093184775046,0.05540927523717176
2024-08-01,2024-08-30,UNP,0.004445693469191407,0.04345839169715204
2024-08-01,2024-08-30,HON,0.00397885898629444,0.020989657002654205
2024-08-01,2024-08-30,LMT,0.003364499277739013,0.048309764867768834
2024-08-01,2024-08-30,BA,0.003084540586846571,-0.0884575029929161
2024-08-01,2024-08-30,DE,0.003104709289107935,0.03699126715045087
2024-08-01,2024-08-30,UPS,0.002665925098446535,-0.0014056845372321103
2024-08-01,2024-08-30,MMM,0.002038700546471248,0.061670621235255796
2024-08-01,2024-08-30,FDX,0.0021180194965872475,-0.011513848085506262
2024-08-01,2024-08-30,GD,0.002215120845891003,0.0021761008934684245
2024-08-01,2024-08-30,EMR,0.002062830246516842,-0.09552370496027895
2024-08-01,2024-08-30,NEE,0.004706535868298797,0.060760014795380846
2024-08-01,2024-08-30,SO,0.0029669276500378997,0.043079659323230324
2024-08-01,2024-08-30,DUK,0.0026774416571158917,0.05255395480069236
2024-08-01,2024-08-30,AMT,0.0029752365502624285,0.01660624465786298
2024-08-01,2024-08-30,SPG,0.0017758658252887602,0.09065434830315122
2024-08-01,2024-08-30,CASHUSD,0.0026937013468506742,0.004617278412460735
2024-08-31,2024-09-30,AAPL,0.10132670715667552,0.017467282327603195
2024-08-31,2024-09-30,MSFT,0.08913973788974619,0.031548167811151995
2024-08-31,2024-09-30,NVDA,0.09770123472915888,0.01742800515149523
2024-08-31,2024-09-30,AVGO,0.0236951325769565,0.06293673510638231
2024-08-31,2024-09-30,ADBE,0.0062554646048023806,-0.09858802335489258
2024-08-31,2024-09-30,CRM,0.006380159417341558,0.08398471986885259
2024-08-31,2024-09-30,AMD,0.007365110501234239,0.10446960505865421
2024-08-31,2024-09-30,ORCL,0.006664344400862768,0.20603010487961426
2024-08-31,2024-09-30,ACN,0.005351567485949499,0.03371827105249414
2024-08-31,2024-09-30,CSCO,0.0062209329381951945,0.053027195850102515
2024-08-31,2024-09-30,QCOM,0.005685596769271741,-0.024935579868383018
2024-08-31,2024-09-30,TXN,0.005815709170199205,-0.03625091396516311
2024-08-31,2024-09-30,IBM,0.00553554267570998,0.09375151722276165
2024-08-31,2024-09-30,INTU,0.004606009328506182,-0.014692306243052622
2024-08-31,2024-09-30,INTC,0.0026618005933701488,0.06442822640469648
2024-08-31,2024-09-30,AMZN,0.04916739747462095,0.043865556476496925
2024-08-31,2024-09-30,TSLA,0.019024163323401698,0.22194201175563166
2024-08-31,2024-09-30,HD,0.010943367251618282,0.09959300975121921
2024-08-31,2024-09-30,MCD,0.006480047209324663,0.061047223322207245
2024-08-31,2024-09-30,LOW,0.004354164844438216,0.0899397444996135
2024-08-31,2024-09-30,BKNG,0.004213249373710821,0.07997954279921515
2024-08-31,2024-09-30,SBUX,0.0031975996791763785,0.03087631690654602
2024-08-31,2024-09-30,NKE,0.0026224156538839404,0.0657022414386752
2024-08-31,2024-09-30,GM,0.0018297773267357724,-0.09698615124352483
2024-08-31,2024-09-30,F,0.0013818765774658009,-0.056300163958838634
2024-08-31,2024-09-30,META,0.03409330365482523,0.09912731798792818
2024-08-31,2024-09-30,GOOGL,0.031222342683231118,0.016465162583457316
2024-08-31,2024-09-30,GOOG,0.02626190391534828,0.013930528577838164
2024-08-31,2024-09-30,NFLX,0.008700622544467053,0.011292504352621968
2024-08-31,2024-09-30,VZ,0.00486456836414903,0.07491620071706606
2024-08-31,2024-09-30,DIS,0.004454747955365334,0.0642842336688263
2024-08-31,2024-09-30,CMCSA,0.003986557364542793,0.05559751839289495
2024-08-31,2024-09-30,T,0.004070110842960956,0.10552760328055699
2024-08-31,2024-09-30,TMUS,0.0030276642501786367,0.03844614156878157
2024-08-31,2024-09-30,CHTR,0.0008166298255510249,-0.06750308279866402
2024-08-31,2024-09-30,BRKB,0.026922030310254443,-0.03290469663026108
2024-08-31,2024-09-30,JPM,0.02071555792505909,-0.06201078245726721
2024-08-31,2024-09-30,V,0.012517055452757997,-0.0051379696561741905
2024-08-31,2024-09-30,MA,0.011283796246183286,0.02164100032086913
2024-08-31,2024-09-30,BAC,0.008329750191256811,-0.019909275675336624
2024-08-31,2024-09-30,WFC,0.006277422778104568,-0.033863511688063896
2024-08-31,2024-09-30,GS,0.005429375375033145,-0.02967189790796798
2024-08-31,2024-09-30,AXP,0.004565766998139343,0.048521381840830324
2024-08-31,2024-09-30,MS,0.0042031720165316795,0.006080537113597462
2024-08-31,2024-09-30,BLK,0.0036911383790778035,0.059124386555382547
2024-08-31,2024-09-30,C,0.0036351982513253165,-0.0006386195715661902
2024-08-31,2024-09-30,SCHW,0.002909300809260155,-0.004454520783608196
2024-08-31,2024-09-30,PYPL,0.0017346533854890628,0.07731614172157508
2024-08-31,2024-09-30,USB,0.002122452236461344,-0.020996469844294263
2024-08-31,2024-09-30,COF,0.0017094470580816547,0.019056737906268273
2024-08-31,2024-09-30,AIG,0.0015446478558899385,-0.04434985577177453
2024-08-31,2024-09-30,BK,0.0016513480779323307,0.053356601480363475
2024-08-31,2024-09-30,MET,0.001403638394861338,0.06453296093944005
2024-08-31,2024-09-30,LLY,0.02599428593434991,-0.07716510200115345
2024-08-31,2024-09-30,UNH,0.015756815643887742,-0.005840040869467211
2024-08-31,2024-09-30,JNJ,0.012459570604418662,-0.022911036235727766
2024-08-31,2024-09-30,ABBV,0.011201178488383553,0.005959867325533441
2024-08-31,2024-09-30,MRK,0.009059631297103585,-0.03486908018958812
2024-08-31,2024-09-30,TMO,0.006696149529182221,0.006329318822849039
2024-08-31,2024-09-30,ABT,0.005450186988509004,0.006533141716640323
2024-08-31,2024-09-30,AMGN,0.005344919177433418,-0.03480805730161829
2024-08-31,2024-09-30,DHR,0.004983334815308873,0.033349297112731824
2024-08-31,2024-09-30,PFE,0.004563001461269581,-0.0024128898014742495
2024-08-31,2024-09-30,MDT,0.0032270391061057246,0.024385879699568624
2024-08-31,2024-09-30,BMY,0.0028490751013743754,0.03583591755869464
2024-08-31,2024-09-30,GILD,0.0029994391688392976,0.0711841439191514
2024-08-31,2024-09-30,CVS,0.00213922759429208,0.0985325356621114
2024-08-31,2024-09-30,XOM,0.016469510244938083,-0.006104903356847102
2024-08-31,2024-09-30,CVX,0.007483648217026468,-0.004595959696951701
2024-08-31,2024-09-30,COP,0.003956630374119912,-0.0747869879086065
2024-08-31,2024-09-30,PG,0.01159914509572198,0.00967693387947266
2024-08-31,2024-09-30,COST,0.012799290661907946,-0.006566850230194321
2024-08-31,2024-09-30,WMT,0.010742972800350387,0.04557824153239731
2024-08-31,2024-09-30,KO,0.008753700057343267,-0.0016194380703661304
2024-08-31,2024-09-30,PEP,0.006684846510887229,-0.008879709901390531
2024-08-31,2024-09-30,PM,0.006151717677543228,-0.0042835577355020416
2024-08-31,2024-09-30,MDLZ,0.0027166444582179604,0.03244140113803273
2024-08-31,2024-09-30,MO,0.0028905243361061965,-0.03213063713380726
2024-08-31,2024-09-30,CL,0.0024909270693359714,-0.025258375017318535
2024-08-31,2024-09-30,TGT,0.001976182208636185,0.014581465911868818
2024-08-31,2024-09-30,KHC,0.0007414221050004538,-0.009031818529825486
2024-08-31,2024-09-30,LIN,0.007143996141637348,2.5799901724576912e-05
2024-08-31,2024-09-30,DOW,0.001017100593923957,0.019596815607847207
2024-08-31,2024-09-30,GE,0.0064466336241787775,0.0815447324649079
2024-08-31,2024-09-30,CAT,0.005816658135406903,0.09834303552805035
2024-08-31,2024-09-30,RTX,0.00513881065582094,-0.017674789238931954
2024-08-31,2024-09-30,UNP,0.00451904406370535,-0.03752588440983551
2024-08-31,2024-09-30,HON,0.003948205370228266,-0.005771604227543303
2024-08-31,2024-09-30,LMT,0.003446530030790427,0.03471107623667269
2024-08-31,2024-09-30,BA,0.002747580659333885,-0.12489934108978173
2024-08-31,2024-09-30,DE,0.003146189240097712,0.08571269069456244
2024-08-31,2024-09-30,UPS,0.0025687968047492632,0.060599033112823886
2024-08-31,2024-09-30,MMM,0.002103725158888257,0.014923124275557198
2024-08-31,2024-09-30,GD,0.002169377582406684,0.009486837820555039
2024-08-31,2024-09-30,FDX,0.002046080519372928,-0.07948944085138798
2024-08-31,2024-09-30,EMR,0.00182444978618796,0.03776455294046732
2024-08-31,2024-09-30,NEE,0.0048631916999798425,0.049931607371438425
2024-08-31,2024-09-30,SO,0.003003147993436237,0.043749925198299344
2024-08-31,2024-09-30,DUK,0.0027320560672256158,0.01184738366418392
2024-08-31,2024-09-30,AMT,0.0029569894482820327,0.03793639597445386
2024-08-31,2024-09-30,SPG,0.0019006086086787435,0.022724485632265257
2024-08-31,2024-09-30,CASHUSD,0.0025164989934004026,0.004221679113667776
2024-10-01,2024-10-31,AAPL,0.10566356097126585,-0.03042918469660616
2024-10-01,2024-10-31,MSFT,0.08935274951645829,-0.05565888136178465
2024-10-01,2024-10-31,NVDA,0.09658295757529847,0.09321487111885762
2024-10-01,2024-10-31,AVGO,0.026064544994151752,-0.01582606881970361
2024-10-01,2024-10-31,ORCL,0.007829588211144297,-0.01280856472448244
2024-10-01,2024-10-31,AMD,0.0079143837572075,-0.12195267115756903
2024-10-01,2024-10-31,CRM,0.006693815813716464,0.06452074068887947
2024-10-01,2024-10-31,ADBE,0.005422589216383943,-0.0766735688483785
2024-10-01,2024-10-31,ACN,0.005354042729191646,-0.02052854726997755
2024-10-01,2024-10-31,CSCO,0.0063329121447502,0.03698934983631674
2024-10-01,2024-10-31,IBM,0.0058968102341850365,-0.06495382800874516
2024-10-01,2024-10-31,QCOM,0.005338224049718413,-0.04281086897955855
2024-10-01,2024-10-31,TXN,0.005459310044185504,-0.010032617812432032
2024-10-01,2024-10-31,INTU,0.004401059306653026,-0.015583222058275226
2024-10-01,2024-10-31,INTC,0.002762137115083965,-0.08269389183365317
2024-10-01,2024-10-31,AMZN,0.050851572906405455,0.00037563497419568215
2024-10-01,2024-10-31,TSLA,0.02258057881356614,-0.045025412068364634
2024-10-01,2024-10-31,HD,0.01169555434441871,-0.028257722098884663
2024-10-01,2024-10-31,MCD,0.006607159874285077,-0.040721161193026156
2024-10-01,2024-10-31,LOW,0.004590703190931023,-0.02920144408941372
2024-10-01,2024-10-31,BKNG,0.004351979867043508,0.11018906949554652
2024-10-01,2024-10-31,SBUX,0.003207777190955843,0.0021542001420093992
2024-10-01,2024-10-31,NKE,0.0026804792887836237,-0.1274886416254164
2024-10-01,2024-10-31,GM,0.001576478217167877,0.13202498009163133
2024-10-01,2024-10-31,F,0.0012639834845625804,-0.025568246717886378
2024-10-01,2024-10-31,META,0.036340983217953135,-0.008489893787857694
2024-10-01,2024-10-31,GOOGL,0.030782020498735463,0.031715349151240524
2024-10-01,2024-10-31,GOOG,0.025450046495325198,0.03289686620237031
2024-10-01,2024-10-31,NFLX,0.008533050413701651,0.06592686486505084
2024-10-01,2024-10-31,VZ,0.005089587425645243,-0.04725723218154754
2024-10-01,2024-10-31,DIS,0.004592405926141931,0.00010382686157983656
2024-10-01,2024-10-31,CMCSA,0.004049628551828936,0.053317633397317765
2024-10-01,2024-10-31,T,0.004387440536357451,0.03770014988819592
2024-10-01,2024-10-31,TMUS,0.002912940154907934,0.08141102576884363
2024-10-01,2024-10-31,CHTR,0.0007326599181741263,0.010892368938400177
2024-10-01,2024-10-31,BRKB,0.025659384378753584,-0.020292869551379766
2024-10-01,2024-10-31,JPM,0.018751100982601184,0.05890136491826681
2024-10-01,2024-10-31,V,0.012870873190374055,0.05419165053742936
2024-10-01,2024-10-31,MA,0.011283469627673081,0.013070592350446386
2024-10-01,2024-10-31,BAC,0.007838696740601185,0.05393148442089202
2024-10-01,2024-10-31,WFC,0.0057652964660198135,0.149229836779877
2024-10-01,2024-10-31,GS,0.005022410991287755,0.04580794673415611
2024-10-01,2024-10-31,AXP,0.0046146665112013876,-0.001527623045370019
2024-10-01,2024-10-31,BLK,0.003773267660780321,0.033196088196960405
2024-10-01,2024-10-31,MS,0.0040947709087293845,0.12403203645959593
2024-10-01,2024-10-31,C,0.003533962516742342,0.02507988962574248
2024-10-01,2024-10-31,SCHW,0.0028258309042933374,0.09288696692045417
2024-10-01,2024-10-31,PYPL,0.0017793884861136348,0.016275772125777577
2024-10-01,2024-10-31,USB,0.0020002946573657782,0.05641821858722995
2024-10-01,2024-10-31,COF,0.001701336678282685,0.08722357645160717
2024-10-01,2024-10-31,BK,0.0016794111342032173,0.05517444665068094
2024-10-01,2024-10-31,MET,0.0014395724454624042,-0.04922423459171632
2024-10-01,2024-10-31,AIG,0.0013936309113053223,0.03618748231239666
2024-10-01,2024-10-31,LLY,0.02309909557785088,-0.06343539577695889
2024-10-01,2024-10-31,UNH,0.01526156936414986,-0.03451445657499219
2024-10-01,2024-10-31,JNJ,0.011866461207511446,-0.013575121129613343
2024-10-01,2024-10-31,ABBV,0.010983580110145967,0.04060155661380627
2024-10-01,2024-10-31,MRK,0.008470829076749911,-0.09897836298091023
2024-10-01,2024-10-31,TMO,0.0065672400786496105,-0.11680156387828788
2024-10-01,2024-10-31,ABT,0.005345137145749479,-0.0009270600514580396
2024-10-01,2024-10-31,DHR,0.004886438264593591,-0.11639446763516925
2024-10-01,2024-10-31,AMGN,0.005033387268772233,-0.006362397318746105
2024-10-01,2024-10-31,PFE,0.0044336703007388355,-0.022114807363531663
2024-10-01,2024-10-31,MDT,0.003091394334115752,-0.008663769321008319
2024-10-01,2024-10-31,BMY,0.002871478756014059,0.08995524282045908
2024-10-01,2024-10-31,GILD,0.0030995856625537304,0.059398973685165446
2024-10-01,2024-10-31,CVS,0.0022891006627143314,-0.09209318036310254
2024-10-01,2024-10-31,XOM,0.01576126741765134,-0.0037535752768314
2024-10-01,2024-10-31,CVX,0.007187090077051357,0.010524840263604895
2024-10-01,2024-10-31,COP,0.003538634559199689,0.04046361562175149
2024-10-01,2024-10-31,PG,0.01135590876670887,-0.04069763632045953
2024-10-01,2024-10-31,COST,0.012356484262578054,-0.01391949451280905
2024-10-01,2024-10-31,WMT,0.011103421813771932,0.014860600530039125
2024-10-01,2024-10-31,KO,0.00844207197040967,-0.09114941166386759
2024-10-01,2024-10-31,PEP,0.006386665391991763,-0.02334601938140546
2024-10-01,2024-10-31,PM,0.005887798752407281,0.09308087424831579
2024-10-01,2024-10-31,MDLZ,0.002701587077010809,-0.07044920107876906
2024-10-01,2024-10-31,MO,0.0026512271400965168,0.06700607438646067
2024-10-01,2024-10-31,CL,0.002348385078055462,-0.09278094790265035
2024-10-01,2024-10-31,TGT,0.001947913243961232,-0.037341224283675256
2024-10-01,2024-10-31,KHC,0.0007959167097943666,-0.046995088776193406
2024-10-01,2024-10-31,LIN,0.006928194673987578,-0.043430001892380554
2024-10-01,2024-10-31,DOW,0.001005502945903138,-0.09610104201329661
2024-10-01,2024-10-31,GE,0.006686115351210919,-0.08908702366842658
2024-10-01,2024-10-31,CAT,0.006139590414624459,-0.03469106211422779
2024-10-01,2024-10-31,RTX,0.004895092443780596,-0.0014031980154863843
2024-10-01,2024-10-31,UNP,0.00420832646080744,-0.058463050747449286
2024-10-01,2024-10-31,HON,0.0038120658497128902,-0.004982843185258545
2024-10-01,2024-10-31,LMT,0.0034122115975421456,-0.06587864053124237
2024-10-01,2024-10-31,DE,0.0032674060228671032,-0.030287794948198332
2024-10-01,2024-10-31,UPS,0.0026558728737107592,-0.01672285081133995
2024-10-01,2024-10-31,BA,0.002367317902381618,-0.017955773796972774
2024-10-01,2024-10-31,GD,0.0024092606300470166,-0.03039238616631068
2024-10-01,2024-10-31,MMM,0.0020556316301867292,-0.06020477286952841
2024-10-01,2024-10-31,EMR,0.001838161723801854,-0.010057702964501813
2024-10-01,2024-10-31,FDX,0.0018173334300105718,0.0006210799617853979
2024-10-01,2024-10-31,NEE,0.004963435936672543,-0.06246311223241374
2024-10-01,2024-10-31,SO,0.00305210225892087,0.009425642042751203
2024-10-01,2024-10-31,DUK,0.0026916585922475526,-0.0002603036815262971
2024-10-01,2024-10-31,AMT,0.002992506649861617,-0.07510482753815995
2024-10-01,2024-10-31,SPG,0.0017677919220488126,0.0005913924579259433
2024-10-01,2024-10-31,CASHUSD,0.001897999430600171,0.003948225471815503
2024-11-01,2024-11-29,AAPL,0.102676790715821,0.051706901337515765
2024-11-01,2024-11-29,NVDA,0.10582151145190449,0.04135289270640019
2024-11-01,2024-11-29,MSFT,0.08456772250599306,0.04419250517955575
2024-11-01,2024-11-29,AVGO,0.025709190120219664,-0.04529651260799106
2024-11-01,2024-11-29,CRM,0.007141527005834364,0.13254635189955222
2024-11-01,2024-11-29,ORCL,0.0077291930999349645,0.1012869160989458
2024-11-01,2024-11-29,AMD,0.0069647236288115635,-0.04782407370141961
2024-11-01,2024-11-29,CSCO,0.006531906994405173,0.08106636246927068
2024-11-01,2024-11-29,ACN,0.00523455252785507,0.05089605261037633
2024-11-01,2024-11-29,ADBE,0.005018031138178096,0.07917086505731463
2024-11-01,2024-11-29,IBM,0.005526146474682288,0.10875685421892056
2024-11-01,2024-11-29,TXN,0.005381067657622869,-0.010484406948152447
2024-11-01,2024-11-29,QCOM,0.005121130015846443,-0.026049227290828925
2024-11-01,2024-11-29,INTU,0.004334919907399767,0.0514993358429332
2024-11-01,2024-11-29,INTC,0.002539410695926309,0.11756499653716967
2024-11-01,2024-11-29,AMZN,0.05111482927053636,0.1152897328156477
2024-11-01,2024-11-29,TSLA,0.021667435864344272,0.3814688622385134
2024-11-01,2024-11-29,HD,0.011419710408097613,0.09559309662647908
2024-11-01,2024-11-29,MCD,0.006368527735191799,0.01335130697247977
2024-11-01,2024-11-29,BKNG,0.004855374193310353,0.11242548440564404
2024-11-01,2024-11-29,LOW,0.004459145055598232,0.04048437396690319
2024-11-01,2024-11-29,SBUX,0.0032301150551728797,0.055207314856534406
2024-11-01,2024-11-29,NKE,0.0023500065211779623,0.021262799830549906
2024-11-01,2024-11-29,GM,0.0017931791240526143,0.09515360732919809
2024-11-01,2024-11-29,F,0.0012376550733222624,0.0963290017823728
2024-11-01,2024-11-29,META,0.03619730909522599,0.011875036164150421
2024-11-01,2024-11-29,GOOGL,0.031903645309181924,-0.01262345835787082
2024-11-01,2024-11-29,GOOG,0.026407542512903816,-0.012739580722232025
2024-11-01,2024-11-29,NFLX,0.00913720427416563,0.1729825996151546
2024-11-01,2024-11-29,VZ,0.004796341971633813,0.05245663159910374
2024-11-01,2024-11-29,DIS,0.004613866976033387,0.22110191952634728
2024-11-01,2024-11-29,CMCSA,0.004253215789176396,-0.010991514238568367
2024-11-01,2024-11-29,T,0.0045156946699851834,0.027506565494422208
2024-11-01,2024-11-29,TMUS,0.003164479950114223,0.11055071596419741
2024-11-01,2024-11-29,CHTR,0.0007439743049246748,0.21171520701577373
2024-11-01,2024-11-29,BRKB,0.025264615293391874,0.07118773758105079
2024-11-01,2024-11-29,JPM,0.0198336218233097,0.12527033500166485
2024-11-01,2024-11-29,V,0.013636371106221103,0.08911159893161202
2024-11-01,2024-11-29,MA,0.0114729075161858,0.06675486936654607
2024-11-01,2024-11-29,BAC,0.008302903366104087,0.13605920785248582
2024-11-01,2024-11-29,WFC,0.006658873614542455,0.18005069467943868
2024-11-01,2024-11-29,GS,0.0052789739786980195,0.17532227475368267
2024-11-01,2024-11-29,AXP,0.004618673716241597,0.1281100570083582
2024-11-01,2024-11-29,MS,0.004589359446356627,0.13212918894103942
2024-11-01,2024-11-29,BLK,0.003914116514140256,0.04257767274187585
2024-11-01,2024-11-29,C,0.003640725710041991,0.11420381179879957
2024-11-01,2024-11-29,SCHW,0.003103712036237076,0.17243719864908869
2024-11-01,2024-11-29,PYPL,0.0018173832720316256,0.09419913077114028
2024-11-01,2024-11-29,USB,0.002123726401344484,0.10308431262549345
2024-11-01,2024-11-29,COF,0.0018590484420036339,0.18332182159318267
2024-11-01,2024-11-29,BK,0.001770102442317221,0.08638529232646941
2024-11-01,2024-11-29,AIG,0.0014512570368116302,0.01317858029774266
2024-11-01,2024-11-29,MET,0.001375604141625645,0.13295554064119042
2024-11-01,2024-11-29,LLY,0.021745867419569614,-0.03985932310304019
2024-11-01,2024-11-29,UNH,0.014811099978121066,0.08095661956577982
2024-11-01,2024-11-29,JNJ,0.01176587872101551,-0.022558678924234687
2024-11-01,2024-11-29,ABBV,0.011397508574870905,-0.10271246526560962
2024-11-01,2024-11-29,MRK,0.007671927294090118,-0.006645818776869317
2024-11-01,2024-11-29,TMO,0.0058302427424700275,-0.030549903204264872
2024-11-01,2024-11-29,ABT,0.005342628946871901,0.047631577085833765
2024-11-01,2024-11-29,AMGN,0.005027243318771428,-0.10940750881177363
2024-11-01,2024-11-29,PFE,0.00435800171968661,-0.05946620712914796
2024-11-01,2024-11-29,DHR,0.0043400152667856995,-0.02430191292717565
2024-11-01,2024-11-29,MDT,0.0030804875803505903,-0.030364298592656103
2024-11-01,2024-11-29,BMY,0.0031110981208536275,0.06186126652146062
2024-11-01,2024-11-29,GILD,0.0033006838846834615,0.042332707886658216
2024-11-01,2024-11-29,CVS,0.0020659956621235692,0.06004250408660061
2024-11-01,2024-11-29,XOM,0.01578736864826057,0.01840458911211873
2024-11-01,2024-11-29,CVX,0.007302206845628434,0.09919249313272371
2024-11-01,2024-11-29,COP,0.003701819147832064,-0.004043551928151867
2024-11-01,2024-11-29,PG,0.010868189500889509,0.08524035996629964
2024-11-01,2024-11-29,COST,0.012227289333758993,0.11323914550583769
2024-11-01,2024-11-29,WMT,0.011307975872897093,0.1287371507551731
2024-11-01,2024-11-29,KO,0.0076994569275654744,-0.011391337732810092
2024-11-01,2024-11-29,PEP,0.006259381315568373,-0.01583581377349441
2024-11-01,2024-11-29,PM,0.006458435363123258,0.0027127474659456308
2024-11-01,2024-11-29,MO,0.0028388480705314255,0.06022783549175359
2024-11-01,2024-11-29,MDLZ,0.002520122864077091,-0.05154794028028631
2024-11-01,2024-11-29,CL,0.002127350602946468,0.031159952413299496
2024-11-01,2024-11-29,TGT,0.0018817089949789837,-0.11179151953405575
2024-11-01,2024-11-29,KHC,0.0007612281636659296,-0.032409340015721155
2024-11-01,2024-11-29,LIN,0.00665528382968063,0.010610522614992401
2024-11-01,2024-11-29,DOW,0.0009127146567196715,-0.0904353165501195
2024-11-01,2024-11-29,GE,0.0061350021899768325,0.06042624406314179
2024-11-01,2024-11-29,CAT,0.005948619246942033,0.07950562353763457
2024-11-01,2024-11-29,RTX,0.004924052868641665,0.012305677443993801
2024-11-01,2024-11-29,UNP,0.003991355272871886,0.05425079338190941
2024-11-01,2024-11-29,HON,0.003820800296522255,0.1380624122967966
2024-11-01,2024-11-29,LMT,0.0032107669809338206,-0.030473483636895393
2024-11-01,2024-11-29,BA,0.002922336725781576,0.04105555544200512
2024-11-01,2024-11-29,DE,0.0031915588415106664,0.15125156601111533
2024-11-01,2024-11-29,UPS,0.002630525932917666,0.02484239928265919
2024-11-01,2024-11-29,GD,0.0023418973812615617,-0.026061986126188152
2024-11-01,2024-11-29,MMM,0.0019459563141493404,0.044914595341045915
2024-11-01,2024-11-29,EMR,0.001832969289011625,0.22974950779531111
2024-11-01,2024-11-29,FDX,0.001831749713960854,0.10524025850942142
2024-11-01,2024-11-29,NEE,0.0046716613612487225,-0.0006658121621148094
2024-11-01,2024-11-29,SO,0.003092916759396558,-0.01278870975528712
2024-11-01,2024-11-29,DUK,0.0027015197861351386,0.025120950887548288
2024-11-01,2024-11-29,AMT,0.0027504720105098654,-0.021260616022826473
2024-11-01,2024-11-29,SPG,0.0017706270852703141,0.0856200248126231
2024-11-01,2024-11-29,CASHUSD,0.0018880996223800755,0.0037074240315007057
2024-11-30,2024-12-31,AAPL,0.1023919744178541,0.05515533051101662
2024-11-30,2024-12-31,NVDA,0.1046039423417939,-0.028576914684125487
2024-11-30,2024-12-31,MSFT,0.08365522382469268,-0.004628513515898214
2024-11-30,2024-12-31,AVGO,0.023298862185913424,0.4342371835268781
2024-11-30,2024-12-31,CRM,0.007677509863536455,0.014307902058445121
2024-11-30,2024-12-31,ORCL,0.008079989766640467,-0.09846359196038423
2024-11-30,2024-12-31,CSCO,0.006703004309968636,-0.00016894140806011926
2024-11-30,2024-12-31,ADBE,0.0051404167279806515,-0.13810013182306824
2024-11-30,2024-12-31,ACN,0.005221699341725238,-0.029196662150743458
2024-11-30,2024-12-31,AMD,0.006294745623038089,-0.11947800433982314
2024-11-30,2024-12-31,IBM,0.005770626019382579,-0.033331817786871665
2024-11-30,2024-12-31,TXN,0.005054412715577257,-0.06725360601745634
2024-11-30,2024-12-31,INTU,0.004326799408899078,-0.020616203982271708
2024-11-30,2024-12-31,QCOM,0.004734495159827242,-0.025902880137351425
2024-11-30,2024-12-31,INTC,0.002693860728413843,-0.16632017159635015
2024-11-30,2024-12-31,AMZN,0.053930967115259375,0.05531771626226978
2024-11-30,2024-12-31,TSLA,0.02831726976128856,0.17000808915631316
2024-11-30,2024-12-31,HD,0.011774036802082851,-0.09353812216287227
2024-11-30,2024-12-31,MCD,0.006105223722168216,-0.014783640052969838
2024-11-30,2024-12-31,BKNG,0.005109515269783434,-0.04331513092218431
2024-11-30,2024-12-31,LOW,0.004389179378851576,-0.09407930397396358
2024-11-30,2024-12-31,SBUX,0.00320466329097673,-0.1094085140754184
2024-11-30,2024-12-31,NKE,0.0022703911126832747,-0.03445200878468235
2024-11-30,2024-12-31,GM,0.001857792537458183,-0.0395754277016267
2024-11-30,2024-12-31,F,0.001266449186898942,-0.11051233251435921
2024-11-30,2024-12-31,META,0.034829928349102486,0.020306157699283123
2024-11-30,2024-12-31,GOOGL,0.02995523993387678,0.12173385874507425
2024-11-30,2024-12-31,GOOG,0.02479178717741121,0.11828295662447874
2024-11-30,2024-12-31,NFLX,0.01019189341602102,0.005085689488863787
2024-11-30,2024-12-31,DIS,0.005357583320418047,-0.047898183225580704
2024-11-30,2024-12-31,VZ,0.004800314916053804,-0.09810557502207784
2024-11-30,2024-12-31,CMCSA,0.003999991026907936,-0.13104885832805557
2024-11-30,2024-12-31,T,0.004412232689569733,-0.016839466886413468
2024-11-30,2024-12-31,TMUS,0.0033298567866783747,-0.10613920117862075
2024-11-30,2024-12-31,CHTR,0.000857260131351852,-0.13653427725108558
2024-11-30,2024-12-31,BRKB,0.025645838883963046,-0.06157093062567476
2024-11-30,2024-12-31,JPM,0.021149308746164264,-0.040084832370766654
2024-11-30,2024-12-31,V,0.014047101982700757,0.003047074454929799
2024-11-30,2024-12-31,MA,0.01159788834983027,-0.01195274046486472
2024-11-30,2024-12-31,BAC,0.008938549028984041,-0.06978578249964174
2024-11-30,2024-12-31,WFC,0.007403579956029255,-0.07785203953558584
2024-11-30,2024-12-31,GS,0.005879422803350388,-0.054411570152157585
2024-11-30,2024-12-31,AXP,0.0049374496033993175,-0.02589583606038759
2024-11-30,2024-12-31,MS,0.004923724434412517,-0.04475354428867562
2024-11-30,2024-12-31,BLK,0.0038670571791995637,0.0072215193590547955
2024-11-30,2024-12-31,C,0.0038102599308399375,-0.006772957203943775
2024-11-30,2024-12-31,SCHW,0.0034365707395439832,-0.10572721210138791
2024-11-30,2024-12-31,PYPL,0.0018844955908447274,-0.016365088591460464
2024-11-30,2024-12-31,USB,0.00221990577625216,-0.09305999576202284
2024-11-30,2024-12-31,COF,0.0020779297038798395,-0.07129816109490805
2024-11-30,2024-12-31,BK,0.0018222528166204229,-0.06156104768355064
2024-11-30,2024-12-31,MET,0.0014666371555621808,-0.07197095505004125
2024-11-30,2024-12-31,AIG,0.0013934146682845988,-0.04784316477564743
2024-11-30,2024-12-31,LLY,0.019805693183477333,-0.029358082985423528
2024-11-30,2024-12-31,UNH,0.015212283727935386,-0.16781353282603728
2024-11-30,2024-12-31,JNJ,0.01084029458540393,-0.06702794134466594
2024-11-30,2024-12-31,ABBV,0.009717175715468537,-0.028590156166709457
2024-11-30,2024-12-31,MRK,0.0072410984560236724,-0.013416806978533535
2024-11-30,2024-12-31,ABT,0.005318182888456855,-0.04765506887985682
2024-11-30,2024-12-31,TMO,0.005370416987490411,-0.017018122342802866
2024-11-30,2024-12-31,DHR,0.004023528634317531,-0.04118525052364019
2024-11-30,2024-12-31,AMGN,0.00422035244378114,-0.07858731380022266
2024-11-30,2024-12-31,PFE,0.003835036915726283,0.012209187252704146
2024-11-30,2024-12-31,BMY,0.0031389247757223617,-0.04491729984282311
2024-11-30,2024-12-31,GILD,0.0032688862361380487,0.006117969964018144
2024-11-30,2024-12-31,MDT,0.002838104912898237,-0.0689718311786841
2024-11-30,2024-12-31,CVS,0.0020809108460712374,-0.2499582411715482
2024-11-30,2024-12-31,XOM,0.01513751923653491,-0.08808071074493051
2024-11-30,2024-12-31,CVX,0.007542173662912522,-0.10553933323272391
2024-11-30,2024-12-31,COP,0.0039005044425328293,-0.08464080739281621
2024-11-30,2024-12-31,COST,0.012863016671196053,-0.0572190260730312
2024-11-30,2024-12-31,PG,0.011160517115100268,-0.06476619285584284
2024-11-30,2024-12-31,WMT,0.012077640465291525,-0.021079248684997665
2024-11-30,2024-12-31,KO,0.007148336236543575,-0.02840217628186159
2024-11-30,2024-12-31,PEP,0.0058291284793287644,-0.06176352265297058
2024-11-30,2024-12-31,PM,0.006127792506232708,-0.08547598297543935
2024-11-30,2024-12-31,MO,0.002848024342505769,-0.07677718220606311
2024-11-30,2024-12-31,MDLZ,0.0022616857338231765,-0.0730548055028799
2024-11-30,2024-12-31,CL,0.0020756913904796874,-0.059194814238184845
2024-11-30,2024-12-31,TGT,0.001570134298902993,0.021691510119373092
2024-11-30,2024-12-31,KHC,0.0006882262955761429,-0.039412114360581896
2024-11-30,2024-12-31,LIN,0.006366361820854723,-0.08904772784215909
2024-11-30,2024-12-31,DOW,0.0007735374651553478,-0.09228679945216012
2024-11-30,2024-12-31,GE,0.006164961186727267,-0.08288477545346606
2024-11-30,2024-12-31,CAT,0.006085221099490497,-0.10674442678190499
2024-11-30,2024-12-31,RTX,0.0046984038771989145,-0.05015177838299467
2024-11-30,2024-12-31,HON,0.004100419309102915,-0.030223684980126064
2024-11-30,2024-12-31,UNP,0.003987477595568361,-0.0625527718256419
2024-11-30,2024-12-31,DE,0.0034818369650401132,-0.08709461177627609
2024-11-30,2024-12-31,BA,0.0028828769912973393,0.1387030186564806
2024-11-30,2024-12-31,LMT,0.002949803051467533,-0.07635273791124797
2024-11-30,2024-12-31,UPS,0.0025236123400415077,-0.07088131671303899
2024-11-30,2024-12-31,EMR,0.0021272447198343136,-0.06538468978920575
2024-11-30,2024-12-31,MMM,0.0019166545030495437,-0.03325102377533429
2024-11-30,2024-12-31,GD,0.002161362580942863,-0.07225110237319698
2024-11-30,2024-12-31,FDX,0.0019185212803992764,-0.06591341424077002
2024-11-30,2024-12-31,NEE,0.004398036000263203,-0.08872500311118825
2024-11-30,2024-12-31,SO,0.0028720153962960055,-0.07640525496316064
2024-11-30,2024-12-31,DUK,0.0026015476162808897,-0.07953867491602562
2024-11-30,2024-12-31,AMT,0.002539788173988547,-0.11464432199518038
2024-11-30,2024-12-31,SPG,0.0018135113906814968,-0.05119908049598587
2024-11-30,2024-12-31,CASHUSD,0.002594999740500026,0.00403101305254272
2025-01-01,2025-01-31,AAPL,0.10788485851916578,-0.057583344233335
2025-01-01,2025-01-31,NVDA,0.10176434409001998,-0.10589021820828082
2025-01-01,2025-01-31,MSFT,0.08365489086726526,-0.015278774333898015
2025-01-01,2025-01-31,AVGO,0.03358607505913917,-0.045591831353290035
2025-01-01,2025-01-31,CRM,0.0077080758869472465,0.022044174227652924
2025-01-01,2025-01-31,ORCL,0.00735675121725016,0.023031693200566083
2025-01-01,2025-01-31,CSCO,0.006659962815555107,0.030623983524460607
2025-01-01,2025-01-31,ACN,0.005080332010074365,0.09891121459087082
2025-01-01,2025-01-31,IBM,0.005624040305634923,0.16317148519994018
2025-01-01,2025-01-31,AMD,0.005582167038018983,-0.040069574721420365
2025-01-01,2025-01-31,ADBE,0.004417915900999821,-0.016258839137881842
2025-01-01,2025-01-31,INTU,0.004267452202749627,-0.041351007310192256
2025-01-01,2025-01-31,TXN,0.004732349035477313,-0.008185283777384922
2025-01-01,2025-01-31,QCOM,0.004595840437717887,0.12569976961316787
2025-01-01,2025-01-31,INTC,0.0022808831335780723,-0.030922641170916143
2025-01-01,2025-01-31,AMZN,0.057322187156789044,0.08336748865953902
2025-01-01,2025-01-31,TSLA,0.03352497114056385,0.0018819576379678349
2025-01-01,2025-01-31,HD,0.01074743328670191,0.05910198376177078
2025-01-01,2025-01-31,MCD,0.00600686944798511,-0.004105202690020238
2025-01-01,2025-01-31,BKNG,0.0048432954667486285,-0.046465561213882456
2025-01-01,2025-01-31,LOW,0.0039795494082293095,0.058250385987139275
2025-01-01,2025-01-31,SBUX,0.0028673643004249213,0.18005490367267574
2025-01-01,2025-01-31,NKE,0.0021731631108699878,0.016254808045025326
2025-01-01,2025-01-31,GM,0.0017456772936155745,-0.07152246451546318
2025-01-01,2025-01-31,F,0.0011322018223429275,0.01818190483351856
2025-01-01,2025-01-31,META,0.03550060139149153,0.1770593033825405
2025-01-01,2025-01-31,GOOGL,0.03353663969817438,0.077760395595317
2025-01-01,2025-01-31,GOOG,0.02749339035593352,0.07960508867028837
2025-01-01,2025-01-31,NFLX,0.010222642571377543,0.09585781038817198
2025-01-01,2025-01-31,DIS,0.005085091022780915,0.015356946957394424
2025-01-01,2025-01-31,VZ,0.0043378833570221695,0.002450261956503441
2025-01-01,2025-01-31,T,0.004343649371323057,0.055388756655639915
2025-01-01,2025-01-31,CMCSA,0.0034411506577849823,-0.09557652436938235
2025-01-01,2025-01-31,TMUS,0.0029667990642664476,0.05545228492650267
2025-01-01,2025-01-31,CHTR,0.0007340652760367245,0.007935354050481402
2025-01-01,2025-01-31,BRKB,0.024274222144008088,0.033952556234299935
2025-01-01,2025-01-31,JPM,0.02024922279747145,0.12085650950796323
2025-01-01,2025-01-31,V,0.01469207583275423,0.08150861465382708
2025-01-01,2025-01-31,MA,0.011475961502443661,0.05636235265003342
2025-01-01,2025-01-31,BAC,0.008241740879278793,0.05346974823803241
2025-01-01,2025-01-31,WFC,0.0067316497872667415,0.12186781179884543
2025-01-01,2025-01-31,GS,0.005542723573701801,0.1183683554792192
2025-01-01,2025-01-31,AXP,0.004803947346521909,0.07212632577243827
2025-01-01,2025-01-31,MS,0.004720825067032989,0.10842432216627795
2025-01-01,2025-01-31,BLK,0.004088784628075963,0.04915577074321664
2025-01-01,2025-01-31,C,0.003781641652462242,0.15684051326055104
2025-01-01,2025-01-31,SCHW,0.0030958009728839905,0.11768672214430209
2025-01-01,2025-01-31,PYPL,0.00183427479824889,0.03784412541333282
2025-01-01,2025-01-31,USB,0.0020071175552251875,-0.0010454554365154634
2025-01-01,2025-01-31,COF,0.0019340306967840215,0.1423844426955707
2025-01-01,2025-01-31,BK,0.0016930446983238479,0.12460456119919217
2025-01-01,2025-01-31,MET,0.0013610010425784585,0.05654609140348432
2025-01-01,2025-01-31,AIG,0.001284347206178917,0.011813256253254467
2025-01-01,2025-01-31,LLY,0.01930936532382041,0.050621765943953845
2025-01-01,2025-01-31,UNH,0.012638898373826958,0.07241140894152842
2025-01-01,2025-01-31,JNJ,0.010172154752704235,0.05206746903809978
2025-01-01,2025-01-31,ABBV,0.009496758266904961,0.04464941889580443
2025-01-01,2025-01-31,MRK,0.007112572599124681,-0.006634556179115791
2025-01-01,2025-01-31,TMO,0.0053116232505282905,0.14901104532682385
2025-01-01,2025-01-31,ABT,0.0050807481299448435,0.13695812668089924
2025-01-01,2025-01-31,PFE,0.0039038440377239976,0.01614901556503101
2025-01-01,2025-01-31,DHR,0.0038726004378588034,-0.029666763305587374
2025-01-01,2025-01-31,AMGN,0.003912054486033956,0.0950736290646974
2025-01-01,2025-01-31,GILD,0.00327781334389361,0.05228958547828477
2025-01-01,2025-01-31,BMY,0.003012880633344771,0.05376050547580946
2025-01-01,2025-01-31,MDT,0.0026327344564415303,0.1369555751032412
2025-01-01,2025-01-31,CVS,0.001568561038109879,0.2741769986364837
2025-01-01,2025-01-31,XOM,0.013747556430657046,-0.006879057918342535
2025-01-01,2025-01-31,CVX,0.0066733022473984835,0.0300329836887836
2025-01-01,2025-01-31,COP,0.003567543720784709,-0.00342841765991464
2025-01-01,2025-01-31,COST,0.012200245088208632,0.06942273013724254
2025-01-01,2025-01-31,PG,0.010511301250709749,-0.0038642011739247195
2025-01-01,2025-01-31,WMT,0.011867223553935864,0.08644175261508469
2025-01-01,2025-01-31,KO,0.006987969494849554,0.01959532071276482
2025-01-01,2025-01-31,PEP,0.005446328888741209,-0.009009721199773946
2025-01-01,2025-01-31,PM,0.005579315472997871,0.08184448101059782
2025-01-01,2025-01-31,MO,0.002580874223137024,-0.0011474334144518927
2025-01-01,2025-01-31,MDLZ,0.00209239420931839,-0.029131177619455495
2025-01-01,2025-01-31,CL,0.0019645016886674625,-0.040902486040327646
2025-01-01,2025-01-31,TGT,0.0016137939584051223,0.020195138934833157
2025-01-01,2025-01-31,KHC,0.0006650583219297436,-0.028329458755714132
2025-01-01,2025-01-31,LIN,0.005767399615698202,0.06556472469085306
2025-01-01,2025-01-31,DOW,0.000706601031701863,-0.02691258214383796
2025-01-01,2025-01-31,GE,0.005684177694495894,0.22051691863377187
2025-01-01,2025-01-31,CAT,0.005473736187756167,0.027681279582647544
2025-01-01,2025-01-31,RTX,0.004502957149397833,0.1143275781690336
2025-01-01,2025-01-31,HON,0.004012197083471923,-0.009606551929942864
2025-01-01,2025-01-31,UNP,0.003740581753164365,0.08660751506653175
2025-01-01,2025-01-31,BA,0.0033939954097014983,-0.0027118402685822884
2025-01-01,2025-01-31,DE,0.0031745354099626177,0.12475802702950478
2025-01-01,2025-01-31,LMT,0.0027185924484714225,-0.04731043714444605
2025-01-01,2025-01-31,UPS,0.0023657655527221165,-0.09413164424537024
2025-01-01,2025-01-31,EMR,0.0020060481435673896,0.04857580321624111
2025-01-01,2025-01-31,MMM,0.0018570170989145609,0.1790222230869365
2025-01-01,2025-01-31,GD,0.002033823141933181,-0.019527681837687383
2025-01-01,2025-01-31,FDX,0.0017891772017014417,-0.05850785843852846
2025-01-01,2025-01-31,NEE,0.0040382784269984906,-0.0018133987832320564
2025-01-01,2025-01-31,SO,0.002679115592753626,0.019800796785604424
2025-01-01,2025-01-31,DUK,0.002409006892887974,0.039446778972824115
2025-01-01,2025-01-31,AMT,0.0022353019685628596,0.008396476370477135
2025-01-01,2025-01-31,SPG,0.0017060984255771784,0.009581353918674651
2025-01-01,2025-01-31,CASHUSD,0.0018926001892600188,0.00350008490855247
2025-02-01,2025-02-28,AAPL,0.09979533987715382,0.025872467661692822
2025-02-01,2025-02-28,MSFT,0.0808556222339005,-0.04161812821650157
2025-02-01,2025-02-28,NVDA,0.08930847021828162,0.040393090491961825
2025-02-01,2025-02-28,AVGO,0.031462993374726855,-0.09870307316925653
2025-02-01,2025-02-28,CRM,0.007732398248292187,-0.12832903486077063
2025-02-01,2025-02-28,ORCL,0.007369141573366444,-0.023521103061888038
2025-02-01,2025-02-28,CSCO,0.006691503628252859,0.0579209947780015
2025-02-01,2025-02-28,ACN,0.005456686993445755,-0.09468760239767826
2025-02-01,2025-02-28,IBM,0.006420792602208315,-0.006171963972420813
2025-02-01,2025-02-28,ADBE,0.004265992798752035,0.002537399292692699
2025-02-01,2025-02-28,QCOM,0.005077994700937041,-0.09113524201419809
2025-02-01,2025-02-28,AMD,0.0052594992397294125,-0.13876668185746377
2025-02-01,2025-02-28,INTU,0.004008755125464707,0.02049852877793157
2025-02-01,2025-02-28,TXN,0.004572973429799491,0.06164354506687353
2025-02-01,2025-02-28,INTC,0.0021695359556889735,0.22130721407735177
2025-02-01,2025-02-28,AMZN,0.06084329860014146,-0.10686635257151178
2025-02-01,2025-02-28,TSLA,0.0329076593370182,-0.2758773935575025
2025-02-01,2025-02-28,HD,0.011152245218118919,-0.03733199286459121
2025-02-01,2025-02-28,MCD,0.005860978684935678,0.06799436175675666
2025-02-01,2025-02-28,BKNG,0.0045263993100535796,0.05877495062651139
2025-02-01,2025-02-28,LOW,0.004108200897647575,-0.04383933526702921
2025-02-01,2025-02-28,SBUX,0.0033151403131722354,0.08133860879611143
2025-02-01,2025-02-28,NKE,0.0021637982514694626,0.03289986625953234
2025-02-01,2025-02-28,GM,0.0015879068225396315,-0.00667199175623534
2025-02-01,2025-02-28,F,0.0011293725649032995,-0.021617835986289413
2025-02-01,2025-02-28,META,0.04085785139533712,-0.030441915744302994
2025-02-01,2025-02-28,GOOGL,0.035341325084991604,-0.16537614216361685
2025-02-01,2025-02-28,GOOG,0.029022412929335495,-0.1623541135716734
2025-02-01,2025-02-28,NFLX,0.01095322923640378,0.0038903849838498594
2025-02-01,2025-02-28,DIS,0.0050484746336319775,0.0065452417757716486
2025-02-01,2025-02-28,T,0.004426175097090654,0.15507811718476328
2025-02-01,2025-02-28,VZ,0.004177859366823385,0.09418632349938538
2025-02-01,2025-02-28,CMCSA,0.0030177591486683156,0.0659535267070217
2025-02-01,2025-02-28,TMUS,0.0030617153816332563,0.1614860947672263
2025-02-01,2025-02-28,CHTR,0.0007235977260844508,0.05233152218846793
2025-02-01,2025-02-28,BRKB,0.02454653542666419,0.09635778344729262
2025-02-01,2025-02-28,JPM,0.022083314697048304,-0.009913931007087817
2025-02-01,2025-02-28,V,0.015540256678687473,0.06296163099966234
2025-02-01,2025-02-28,MA,0.01183861117150943,0.037592436651955996
2025-02-01,2025-02-28,BAC,0.008491576285934204,-0.004319606574085033
2025-02-01,2025-02-28,WFC,0.007385996546524025,-0.0011844414364344802
2025-02-01,2025-02-28,GS,0.00606265347518993,-0.023460892032370007
2025-02-01,2025-02-28,AXP,0.005025291094034372,-0.05194530144777387
2025-02-01,2025-02-28,MS,0.005083861428365497,-0.038430884172972024
2025-02-01,2025-02-28,BLK,0.004195700982621815,-0.0908600299146951
2025-02-01,2025-02-28,C,0.004278635448773885,-0.011376419450945474
2025-02-01,2025-02-28,SCHW,0.003384049385725488,-0.035371002221798786
2025-02-01,2025-02-28,PYPL,0.0018618503918951942,-0.19790013942716966
2025-02-01,2025-02-28,COF,0.002160820036083326,-0.012581675428626315
2025-02-01,2025-02-28,USB,0.001960955240575053,-0.0184177056712862
2025-02-01,2025-02-28,BK,0.001851912699492697,0.03514468186191033
2025-02-01,2025-02-28,MET,0.0014063840533352244,0.002576904196817331
2025-02-01,2025-02-28,AIG,0.0012709949575399045,0.12598443331841458
2025-02-01,2025-02-28,LLY,0.019871788702398786,0.1370229995385579
2025-02-01,2025-02-28,UNH,0.013277091466306262,-0.12448159662921987
2025-02-01,2025-02-28,JNJ,0.01048296157030146,0.09326932070358862
2025-02-01,2025-02-28,ABBV,0.009627095345865262,0.13665044350401634
2025-02-01,2025-02-28,MRK,0.006920905031398824,-0.06648460243466137
2025-02-01,2025-02-28,TMO,0.005978376248228836,-0.11508157092749594
2025-02-01,2025-02-28,ABT,0.005628896549592065,0.0787929513425476
2025-02-01,2025-02-28,AMGN,0.004196467665354693,0.08804155260209479
2025-02-01,2025-02-28,PFE,0.0038225481115337725,-0.0033937230825785702
2025-02-01,2025-02-28,DHR,0.003680931051102171,-0.06725334053999088
2025-02-01,2025-02-28,GILD,0.0033787038163163095,0.17602882303752065
2025-02-01,2025-02-28,BMY,0.0030759157725442654,0.011365409572872354
2025-02-01,2025-02-28,MDT,0.0029320847737424154,0.013212843665765917
2025-02-01,2025-02-28,CVS,0.0019331338953149071,0.1635978451701825
2025-02-01,2025-02-28,XOM,0.013367099919407252,0.0514442939626345
2025-02-01,2025-02-28,CVX,0.006729848011126922,0.07500086426502417
2025-02-01,2025-02-28,COP,0.0034808520694658324,0.011378907508437841
2025-02-01,2025-02-28,COST,0.012739240182227426,0.07132385573481947
2025-02-01,2025-02-28,WMT,0.012588463877853348,0.004584315577881304
2025-02-01,2025-02-28,PG,0.010161411118064683,0.04729187447198191
2025-02-01,2025-02-28,KO,0.006956685824216035,0.1217705768977464
2025-02-01,2025-02-28,PEP,0.005269771172045456,0.018448673870044008
2025-02-01,2025-02-28,PM,0.005893365912414698,0.19262674153717474
2025-02-01,2025-02-28,MO,0.0025170894752172108,0.06930876287731325
2025-02-01,2025-02-28,MDLZ,0.0019834649238294672,0.10760493266734672
2025-02-01,2025-02-28,CL,0.0018293024297520377,0.05155699645196288
2025-02-01,2025-02-28,TGT,0.0016074720023587612,-0.09143976159727096
2025-02-01,2025-02-28,KHC,0.0006309330820208736,0.029155415908190818
2025-02-01,2025-02-28,GE,0.006767268042237821,0.016750897893936134
2025-02-01,2025-02-28,CAT,0.005466906190507395,-0.07400913819371258
2025-02-01,2025-02-28,RTX,0.0048945604683845335,0.03654976947704758
2025-02-01,2025-02-28,UNP,0.0039646343795023626,0.0010342944254939646
2025-02-01,2025-02-28,HON,0.0038760344864509112,-0.04331587954765814
2025-02-01,2025-02-28,BA,0.00330171031798586,-0.010706998322587813
2025-02-01,2025-02-28,DE,0.003482685808441166,0.008876098290130807
2025-02-01,2025-02-28,LMT,0.0025265377845488145,-0.02717354619625767
2025-02-01,2025-02-28,UPS,0.0020904089163324142,0.056935049619468714
2025-02-01,2025-02-28,MMM,0.0021356957215511053,0.02421267524983839
2025-02-01,2025-02-28,EMR,0.002051805649649571,-0.06021833542887012
2025-02-01,2025-02-28,GD,0.0019348122070749307,-0.017044215313848587
2025-02-01,2025-02-28,FDX,0.001643040027333113,-0.007437448665540081
2025-02-01,2025-02-28,LIN,0.006006917272544578,0.046915579589849266
2025-02-01,2025-02-28,DOW,0.0006720827274554243,-0.0059655716013465865
2025-02-01,2025-02-28,NEE,0.003943359307490484,-0.011344492324407263
2025-02-01,2025-02-28,SO,0.002672772250985749,0.07864001454550307
2025-02-01,2025-02-28,DUK,0.002449668441523769,0.05882171736508579
2025-02-01,2025-02-28,AMT,0.0022060844621865894,0.11175989170052625
2025-02-01,2025-02-28,SPG,0.0016857155378134107,0.0703438762357882
2025-02-01,2025-02-28,CASHUSD,0.0025629000000000003,0.0032378638783809865
2025-03-01,2025-03-31,AAPL,0.10374818941981198,-0.08150008607171844
2025-03-01,2025-03-31,NVDA,0.09426268419235334,-0.13232504523032684
2025-03-01,2025-03-31,MSFT,0.0784557352056218,-0.05440932910567475
2025-03-01,2025-03-31,AVGO,0.028768978704229033,-0.15791673114297533
2025-03-01,2025-03-31,CRM,0.00683700428566539,-0.09900955205848028
2025-03-01,2025-03-31,ORCL,0.007300690647252084,-0.1580755607247566
2025-03-01,2025-03-31,CSCO,0.007181824772359347,-0.0374358116776099
2025-03-01,2025-03-31,IBM,0.006429750194006153,-0.014973960486586835
2025-03-01,2025-03-31,ACN,0.005012827803930694,-0.10461989035891428
2025-03-01,2025-03-31,ADBE,0.0043398533589598205,-0.12547883775456425
2025-03-01,2025-03-31,TXN,0.004924465248440977,-0.08311657595589372
2025-03-01,2025-03-31,QCOM,0.004682113302291047,-0.017380678970340013
2025-03-01,2025-03-31,INTU,0.004150083568354588,0.0002442112789060591
2025-03-01,2025-03-31,AMD,0.004595309395830083,0.02884034884653741
2025-03-01,2025-03-31,INTC,0.0026881262386572297,-0.04298358522713841
2025-03-01,2025-03-31,AMZN,0.05534592505554712,-0.1037309421475675
2025-03-01,2025-03-31,TSLA,0.02426912074461698,-0.11543452131892018
2025-03-01,2025-03-31,HD,0.010935505431671214,-0.07005620840062421
2025-03-01,2025-03-31,MCD,0.006374556037088036,0.018952256768912212
2025-03-01,2025-03-31,BKNG,0.004900470352927598,-0.07967729200949913
2025-03-01,2025-03-31,LOW,0.004001117566730965,-0.06197720123709072
2025-03-01,2025-03-31,SBUX,0.0036315850435812815,-0.15300919583183303
2025-03-01,2025-03-31,NKE,0.0022764920554721375,-0.19676064924802816
2025-03-01,2025-03-31,GM,0.0016064262843045406,-0.0403039107962615
2025-03-01,2025-03-31,F,0.0010898128711612548,0.050261661766975996
2025-03-01,2025-03-31,META,0.040494430879479244,-0.13667659175378466
2025-03-01,2025-03-31,GOOGL,0.030150855742590358,-0.0908027332924799
2025-03-01,2025-03-31,GOOG,0.024849288877546345,-0.09181292159033227
2025-03-01,2025-03-31,NFLX,0.011236182841119494,-0.04898222868327429
2025-03-01,2025-03-31,DIS,0.005194375908637257,-0.1326889602273189
2025-03-01,2025-03-31,T,0.0052259770953647375,0.0317402033548404
2025-03-01,2025-03-31,VZ,0.004672808549508702,0.052436204516834284
2025-03-01,2025-03-31,CMCSA,0.0032882115546584365,0.02842811152868774
2025-03-01,2025-03-31,TMUS,0.0036228451689075494,-0.011049821571955776
2025-03-01,2025-03-31,CHTR,0.0007794363336291849,0.013642465976724472
2025-03-01,2025-03-31,BRKB,0.02732642782536746,0.03649066690613667
2025-03-01,2025-03-31,JPM,0.022201147373230222,-0.07311545904513539
2025-03-01,2025-03-31,V,0.016745091411804535,-0.033773548139720555
2025-03-01,2025-03-31,MA,0.012471460642145688,-0.04891456977159081
2025-03-01,2025-03-31,BAC,0.008585705734281458,-0.08908134292750669
2025-03-01,2025-03-31,WFC,0.007454125289716257,-0.08337587444506367
2025-03-01,2025-03-31,GS,0.00598331685164611,-0.12212951525796911
2025-03-01,2025-03-31,AXP,0.004836768223186008,-0.10602734746378839
2025-03-01,2025-03-31,MS,0.0049638162557631505,-0.12350694145302832
2025-03-01,2025-03-31,C,0.004265656057984331,-0.11206985594365948
2025-03-01,2025-03-31,BLK,0.003875563708175022,-0.026727343527810477
2025-03-01,2025-03-31,SCHW,0.0037710459058654068,-0.0157173431676777
2025-03-01,2025-03-31,COF,0.0021599041894605404,-0.10595859790078876
2025-03-01,2025-03-31,USB,0.001954736393153724,-0.08900827688649582
2025-03-01,2025-03-31,PYPL,0.0015162379542572122,-0.0816326221153365
2025-03-01,2025-03-31,BK,0.0019462862818961505,-0.057110603804401694
2025-03-01,2025-03-31,AIG,0.0014532196143991903,0.05329574654088387
2025-03-01,2025-03-31,MET,0.00142240358095884,-0.06834531052354542
2025-03-01,2025-03-31,LLY,0.022803644533116448,-0.10288612218188642
2025-03-01,2025-03-31,UNH,0.011755068212199215,0.10743693071428284
2025-03-01,2025-03-31,JNJ,0.011496249373878328,0.004969204030728536
2025-03-01,2025-03-31,ABBV,0.011063981490459248,0.002344259747266264
2025-03-01,2025-03-31,ABT,0.006139754421460948,-0.03883760128858704
2025-03-01,2025-03-31,MRK,0.00653262199688155,-0.018585941258290717
2025-03-01,2025-03-31,TMO,0.005349379399092758,-0.05849047387382722
2025-03-01,2025-03-31,AMGN,0.00458090995711668,0.011328896551063838
2025-03-01,2025-03-31,PFE,0.003852074419322971,-0.04124095097621583
2025-03-01,2025-03-31,GILD,0.004018104580806859,-0.012891059156523221
2025-03-01,2025-03-31,DHR,0.00347225467473418,-0.011779385213040672
2025-03-01,2025-03-31,BMY,0.0031454188438239123,0.022978921235674354
2025-03-01,2025-03-31,MDT,0.0030039148787917654,-0.015729940837687972
2025-03-01,2025-03-31,CVS,0.002274533167106143,0.03088835923679767
2025-03-01,2025-03-31,XOM,0.01415381951673737,0.06826554914314542
2025-03-01,2025-03-31,CVX,0.007270050198855655,0.05465878735224772
2025-03-01,2025-03-31,COP,0.003548232781617229,0.05920318185914408
2025-03-01,2025-03-31,COST,0.013839813197553525,-0.09806319623904025
2025-03-01,2025-03-31,WMT,0.012836415539134364,-0.10728033796981595
2025-03-01,2025-03-31,PG,0.01080305599204222,-0.01967315387511115
2025-03-01,2025-03-31,KO,0.00792124917319812,0.013179707194370671
2025-03-01,2025-03-31,PM,0.007134331406220416,0.031241133921866338
2025-03-01,2025-03-31,PEP,0.005447272006546793,-0.014363229424253277
2025-03-01,2025-03-31,MO,0.002732251736363415,0.09402085604020471
2025-03-01,2025-03-31,MDLZ,0.002230153496355596,0.06374256277647605
2025-03-01,2025-03-31,CL,0.0019527495546003456,0.027750418017638667
2025-03-01,2025-03-31,TGT,0.0014696174289396751,-0.16001290094633946
2025-03-01,2025-03-31,KHC,0.0006590971716462184,0.0037178500687011784
2025-03-01,2025-03-31,GE,0.006993097612576304,-0.031199134670343298
2025-03-01,2025-03-31,RTX,0.005130659225805801,-0.003985286681485012
2025-03-01,2025-03-31,CAT,0.0051431572809670385,-0.04113971534152128
2025-03-01,2025-03-31,UNP,0.004010830985451409,-0.042360792636584654
2025-03-01,2025-03-31,HON,0.003748326780992454,-0.00535488523443961
2025-03-01,2025-03-31,BA,0.0033198198750123403,-0.023363693048011003
2025-03-01,2025-03-31,DE,0.003569001491890419,-0.020383531100638397
2025-03-01,2025-03-31,LMT,0.002499543653182913,-0.0008052369198586762
2025-03-01,2025-03-31,UPS,0.0022134372228754923,-0.07594722437924961
2025-03-01,2025-03-31,MMM,0.0022114356328069855,-0.05324906211939118
2025-03-01,2025-03-31,EMR,0.0019515639919810716,-0.09842937194345369
2025-03-01,2025-03-31,GD,0.0019323856954397256,0.07909717682491402
2025-03-01,2025-03-31,FDX,0.0016569449890385007,-0.06766027316314271
2025-03-01,2025-03-31,LIN,0.00638144886499643,0.0003068726952888401
2025-03-01,2025-03-31,DOW,0.0006656518397136409,-0.08370496001243677
2025-03-01,2025-03-31,NEE,0.003923130757463597,0.010260805819494179
2025-03-01,2025-03-31,SO,0.0029003229558317357,0.024056106966447555
2025-03-01,2025-03-31,DUK,0.002606947229744761,0.03813088655250496
2025-03-01,2025-03-31,AMT,0.002497414092035483,0.058262750361216975
2025-03-01,2025-03-31,SPG,0.00183648634135456,-0.0964386927976506
2025-03-01,2025-03-31,CASHUSD,0.00306640030664003,0.0032699122073656106
2025-04-01,2025-04-30,AAPL,0.10128988456634205,-0.04335295122615168
2025-04-01,2025-04-30,MSFT,0.07934069308678268,0.05293153411849971
2025-04-01,2025-04-30,NVDA,0.08732995194392175,0.004982481656530036
2025-04-01,2025-04-30,AVGO,0.025925922999426424,0.1495549814990862
2025-04-01,2025-04-30,CRM,0.006596344293939059,0.00287747139612593
2025-04-01,2025-04-30,CSCO,0.007387746201788609,-0.05824933557990841
2025-04-01,2025-04-30,IBM,0.006775483779337518,-0.027507467342492764
2025-04-01,2025-04-30,ORCL,0.006635204170991828,0.010124567683825303
2025-04-01,2025-04-30,ACN,0.004803106407024848,-0.03655489963898739
2025-04-01,2025-04-30,INTU,0.004434295077833106,0.023739732730235996
2025-04-01,2025-04-30,QCOM,0.004872324132995907,-0.033526279571507556
2025-04-01,2025-04-30,ADBE,0.004013206151535109,-0.02229287883654929
2025-04-01,2025-04-30,AMD,0.005049644113537409,-0.05246252191668754
2025-04-01,2025-04-30,NOW,0.004352184572971707,0.19955034735432098
2025-04-01,2025-04-30,TXN,0.004818831690558822,-0.10175044398061595
2025-04-01,2025-04-30,INTC,0.0027624565733319973,-0.11492729230391929
2025-04-01,2025-04-30,AMZN,0.053267662577463334,-0.030694820280155133
2025-04-01,2025-04-30,TSLA,0.022919682510088153,0.08874826236685496
2025-04-01,2025-04-30,HD,0.010766250932210297,-0.016371507368610483
2025-04-01,2025-04-30,MCD,0.0068792344931513285,0.02330563994353163
2025-04-01,2025-04-30,BKNG,0.004773063305942418,0.10687630020669481
2025-04-01,2025-04-30,LOW,0.00397971468282025,-0.036402899736859395
2025-04-01,2025-04-30,SBUX,0.003286927111017059,-0.1839127550382178
2025-04-01,2025-04-30,NKE,0.001922937815844062,-0.11153122558583128
2025-04-01,2025-04-30,GM,0.0014827054748856,-0.03806069201735973
2025-04-01,2025-04-30,META,0.037444194018219364,-0.04747019562794075
2025-04-01,2025-04-30,GOOGL,0.02917220031834252,0.02690133926616478
2025-04-01,2025-04-30,GOOG,0.023896808128637582,0.029827763840507338
2025-04-01,2025-04-30,NFLX,0.01141635207354253,0.21360169721367117
2025-04-01,2025-04-30,T,0.005764317596149699,-0.01011281146288412
2025-04-01,2025-04-30,VZ,0.0052483706850767866,-0.013058128509423339
2025-04-01,2025-04-30,DIS,0.004795508540040617,-0.07852077883904407
2025-04-01,2025-04-30,CMCSA,0.003565810479122226,-0.06476585150599967
2025-04-01,2025-04-30,TMUS,0.0037620876806392103,-0.07408790494394812
2025-04-01,2025-04-30,CHTR,0.000843216038290935,0.06330552912800291
2025-04-01,2025-04-30,BRKB,0.030187687646608414,0.0012579948339352942
2025-04-01,2025-04-30,JPM,0.021782218092377365,0.0033702417372099003
2025-04-01,2025-04-30,V,0.017197446750504143,-0.014152811116042052
2025-04-01,2025-04-30,MA,0.012561884884670744,0.0014764077115601015
2025-04-01,2025-04-30,BAC,0.008215650551531286,-0.04433254131952835
2025-04-01,2025-04-30,WFC,0.007193363830517234,-0.010865003680636698
2025-04-01,2025-04-30,GS,0.005563649574025249,0.0023063412184582965
2025-04-01,2025-04-30,AXP,0.00459691025426865,-0.006525138030439193
2025-04-01,2025-04-30,MS,0.004625347130212669,-0.0027763610335980182
2025-04-01,2025-04-30,BLK,0.003995993330707072,-0.034041822888509876
2025-04-01,2025-04-30,SCHW,0.003957399994248274,0.03985704058768014
2025-04-01,2025-04-30,C,0.004006465509971719,-0.036765810491685036
2025-04-01,2025-04-30,COF,0.002062495306789881,0.005354033435961858
2025-04-01,2025-04-30,USB,0.0018797360499497122,-0.0445287892382088
2025-04-01,2025-04-30,PYPL,0.0014645041219898125,0.009042204897360628
2025-04-01,2025-04-30,BK,0.0019309086806759415,-0.035314957468952524
2025-04-01,2025-04-30,AIG,0.0015442164460157646,-0.06234196806203551
2025-04-01,2025-04-30,MET,0.0013970125872635618,-0.061277868736482555
2025-04-01,2025-04-30,LLY,0.02187026291245598,0.08843604127354321
2025-04-01,2025-04-30,UNH,0.013853594956513478,-0.21443421561528864
2025-04-01,2025-04-30,JNJ,0.012349216443523396,-0.057465226107700995
2025-04-01,2025-04-30,ABBV,0.01184229518131072,-0.06021849988126249
2025-04-01,2025-04-30,ABT,0.0063037870714169305,-0.009757624821123967
2025-04-01,2025-04-30,MRK,0.006794133727795204,-0.050802173433768916
2025-04-01,2025-04-30,TMO,0.00537872327938917,-0.13786180681741866
2025-04-01,2025-04-30,ISRG,0.0052442191648963766,0.04145213567287276
2025-04-01,2025-04-30,AMGN,0.004947554986074211,-0.06621714842011217
2025-04-01,2025-04-30,PFE,0.0039475379628514965,-0.0367009745811222
2025-04-01,2025-04-30,GILD,0.004216850777334884,-0.049174484609596725
2025-04-01,2025-04-30,DHR,0.0036477857884069514,-0.02765868643723235
2025-04-01,2025-04-30,BMY,0.003445693020939146,-0.16799264206298392
2025-04-01,2025-04-30,MDT,0.0031366205576039783,-0.05675503005915816
2025-04-01,2025-04-30,CVS,0.0025184369138911327,-0.005199317591777275
2025-04-01,2025-04-30,XOM,0.01595542036122433,-0.11183055461973124
2025-04-01,2025-04-30,CVX,0.008169222520362444,-0.18668174145771455
2025-04-01,2025-04-30,COP,0.0039495170900098586,-0.1513996680980858
2025-04-01,2025-04-30,COST,0.013319700959749384,0.05151294074789492
2025-04-01,2025-04-30,PG,0.011231608787138067,-0.04011644353389521
2025-04-01,2025-04-30,WMT,0.01216628445279053,0.1077572064847141
2025-04-01,2025-04-30,KO,0.008475155300205506,0.012985315177751033
2025-04-01,2025-04-30,PM,0.007768766721876582,0.07956914541267679
2025-04-01,2025-04-30,PEP,0.0056742077142875325,-0.09577169861388257
2025-04-01,2025-04-30,MO,0.003127501548290001,-0.014495180229672222
2025-04-01,2025-04-30,MDLZ,0.002432055716427128,0.004126705677709008
2025-04-01,2025-04-30,CL,0.002126312028423893,-0.01061227114472818
2025-04-01,2025-04-30,TGT,0.0013062872659724764,-0.07339968619254933
2025-04-01,2025-04-30,LIN,0.00668377811436859,-0.026651486769875055
2025-04-01,2025-04-30,GE,0.0071495985023629135,0.006944836693716372
2025-04-01,2025-04-30,RTX,0.005454976160281351,-0.04778812381048725
2025-04-01,2025-04-30,CAT,0.005193930579522294,-0.05773485777658727
2025-04-01,2025-04-30,UNP,0.004072430966571945,-0.08711488309475035
2025-04-01,2025-04-30,HON,0.003969072782043806,-0.005903153604491895
2025-04-01,2025-04-30,BA,0.003465634410750769,0.07440634543732694
2025-04-01,2025-04-30,DE,0.0036972112943631083,-0.012336252653368351
2025-04-01,2025-04-30,LMT,0.0026211015257398686,0.0694858260375868
2025-04-01,2025-04-30,UPS,0.002178593332912546,-0.13355753779494184
2025-04-01,2025-04-30,MMM,0.0022244975675211795,-0.05413313864799629
2025-04-01,2025-04-30,GD,0.0021792980904843944,0.003852311805551123
2025-04-01,2025-04-30,EMR,0.0018467081895393405,-0.04131696393056594
2025-04-01,2025-04-30,FDX,0.0016149906778106557,-0.1372138399482704
2025-04-01,2025-04-30,NEE,0.004221929930246289,-0.05656645154520179
2025-04-01,2025-04-30,SO,0.003161022010880116,-0.0006524511069937455
2025-04-01,2025-04-30,DUK,0.0029021110798516376,0.00040985531532489183
2025-04-01,2025-04-30,AMT,0.0028424295877932447,0.04441465001678524
2025-04-01,2025-04-30,SPG,0.0017583410505869264,-0.052384312710636705
2025-04-01,2025-04-30,CASHUSD,0.001826375969077964,0.0034025791406648853
2025-05-01,2025-05-30,AAPL,0.09755317473457382,-0.05358413836972298
2025-05-01,2025-05-30,MSFT,0.0841044824709173,0.16683987360065133
2025-05-01,2025-05-30,NVDA,0.08835795618925313,0.2406355273027898
2025-05-01,2025-05-30,AVGO,0.030004617523416627,0.25770250453069665
2025-05-01,2025-05-30,CRM,0.006649527566926985,-0.012429671990369595
2025-05-01,2025-05-30,CSCO,0.0069580466780434615,0.09197986219903576
2025-05-01,2025-05-30,ORCL,0.0067234899685488176,0.17630765230703416
2025-05-01,2025-05-30,IBM,0.0066336166802878835,0.07842163666749302
2025-05-01,2025-05-30,NOW,0.005256201907772955,0.058721916432721066
2025-05-01,2025-05-30,ACN,0.004635856528650804,0.05906752090755085
2025-05-01,2025-05-30,INTU,0.004562493642026224,0.20080629613510936
2025-05-01,2025-05-30,QCOM,0.004740775398873462,-0.021958997202627062
2025-05-01,2025-05-30,ADBE,0.003950352091470632,0.10696566263908114
2025-05-01,2025-05-30,AMD,0.00481709192594883,0.13744227110973561
2025-05-01,2025-05-30,TXN,0.004320871759516056,0.14245563082747092
2025-05-01,2025-05-30,INTC,0.002461489594501985,-0.02736324049606631
2025-05-01,2025-05-30,AMZN,0.05189988959630725,0.1116473080052216
2025-05-01,2025-05-30,TSLA,0.025082827602568452,0.2278848417863253
2025-05-01,2025-05-30,HD,0.010644822346137985,0.021637376682649645
2025-05-01,2025-05-30,MCD,0.0070759816045272315,-0.01814467314432211
2025-05-01,2025-05-30,BKNG,0.005308777170801388,0.08229597722821924
2025-05-01,2025-05-30,LOW,0.003834440031937696,0.009706649978428628
2025-05-01,2025-05-30,SBUX,0.0026963460473867088,0.0561022842486576
2025-05-01,2025-05-30,NKE,0.0017173259589032225,0.0742907769790162
2025-05-01,2025-05-30,GM,0.0014335890019517648,0.09659586310039558
2025-05-01,2025-05-30,META,0.035884573587393075,0.17939889528861785
2025-05-01,2025-05-30,GOOGL,0.030139861445806816,0.08148604457419784
2025-05-01,2025-05-30,GOOG,0.024759830442017357,0.07433647195051352
2025-05-01,2025-05-30,NFLX,0.01393983318471923,0.06672147437453146
2025-05-01,2025-05-30,T,0.005680606026691258,0.003609943823599915
2025-05-01,2025-05-30,VZ,0.005129103342141996,-0.0022696855949450034
2025-05-01,2025-05-30,DIS,0.004445942932294708,0.2428806870284168
2025-05-01,2025-05-30,CMCSA,0.003325094255280797,0.010818698121233261
2025-05-01,2025-05-30,TMUS,0.003504657948584954,-0.015614634586791909
2025-05-01,2025-05-30,CHTR,0.0009020087136712701,0.011254029058753945
2025-05-01,2025-05-30,BRKB,0.030432846779918,-0.054927348419919086
2025-05-01,2025-05-30,JPM,0.021870739870764065,0.07922503863767472
2025-05-01,2025-05-30,V,0.017070066793738452,0.058745250132067106
2025-05-01,2025-05-30,MA,0.012646401813365423,0.06849607250707912
2025-05-01,2025-05-30,BAC,0.007905273738021634,0.10656966872198725
2025-05-01,2025-05-30,WFC,0.007163874480681163,0.05886857951875757
2025-05-01,2025-05-30,GS,0.005614816296663672,0.10207838190037433
2025-05-01,2025-05-30,AXP,0.004582948428061274,0.10374994530722059
2025-05-01,2025-05-30,MS,0.004607173314600776,0.10925318524384564
2025-05-01,2025-05-30,SCHW,0.004143311620121245,0.0887421239259445
2025-05-01,2025-05-30,BLK,0.0038863278982487997,0.07178473732920221
2025-05-01,2025-05-30,C,0.00388565496723724,0.11029966460355856
2025-05-01,2025-05-30,COF,0.00208777982148433,0.05266727117293546
2025-05-01,2025-05-30,PYPL,0.0014878884583439322,0.0674360965837335
2025-05-01,2025-05-30,USB,0.0018083349277085705,0.08056519735044398
2025-05-01,2025-05-30,BK,0.0018638935623988859,0.10197724488361737
2025-05-01,2025-05-30,AIG,0.0014578487044672448,0.03827300479552842
2025-05-01,2025-05-30,MET,0.0013203323764155006,0.05029648168208212
2025-05-01,2025-05-30,LLY,0.023870006730431638,-0.1777274105388651
2025-05-01,2025-05-30,UNH,0.010912733532873298,-0.2662113106471409
2025-05-01,2025-05-30,JNJ,0.011671610082551825,0.0014754881367060602
2025-05-01,2025-05-30,ABBV,0.011057532258782784,-0.04607899216574518
2025-05-01,2025-05-30,ABT,0.006230574907165955,0.021644363836428093
2025-05-01,2025-05-30,MRK,0.006466627027585892,-0.09812201109548657
2025-05-01,2025-05-30,ISRG,0.005476757188380908,0.07084148880818963
2025-05-01,2025-05-30,TMO,0.004649848057223454,-0.06102562995697225
2025-05-01,2025-05-30,AMGN,0.004632612988291485,-0.0006642961012119919
2025-05-01,2025-05-30,PFE,0.003813066388934268,-0.01933127591737116
2025-05-01,2025-05-30,GILD,0.0040205399919834624,0.033226949121312854
2025-05-01,2025-05-30,DHR,0.003556708300908167,-0.04730834287493679
2025-05-01,2025-05-30,MDT,0.0029667156751669397,-0.021000244626255826
2025-05-01,2025-05-30,BMY,0.0028438925615400985,-0.0382470371280238
2025-05-01,2025-05-30,CVS,0.002486615511253276,-0.04002397070878971
2025-05-01,2025-05-30,XOM,0.014256037371154287,-0.022605135108057284
2025-05-01,2025-05-30,CVX,0.006684059849974142,0.016941382952176065
2025-05-01,2025-05-30,COP,0.0033716627524865424,-0.0341519927221291
2025-05-01,2025-05-30,COST,0.01405527955755923,0.04729539364995916
2025-05-01,2025-05-30,WMT,0.013524957931987044,0.017570017034910457
2025-05-01,2025-05-30,PG,0.010752111656772534,0.045026723902191756
2025-05-01,2025-05-30,KO,0.008615567741679186,-0.006202613629544551
2025-05-01,2025-05-30,PM,0.008416624927424792,0.0538631045349689
2025-05-01,2025-05-30,PEP,0.005148813384450992,-0.030461687135758364
2025-05-01,2025-05-30,MO,0.0030930630911839094,0.024682932509356936
2025-05-01,2025-05-30,MDLZ,0.0024507828563119114,-0.00939362241296715
2025-05-01,2025-05-30,CL,0.0020994303829568826,0.008135405402080353
2025-05-01,2025-05-30,TGT,0.0012146750745333575,-0.016704049516777175
2025-05-01,2025-05-30,GE,0.007250450852201636,0.22015479142613792
2025-05-01,2025-05-30,RTX,0.005231393079231846,0.08757429635032987
2025-05-01,2025-05-30,CAT,0.00490528175004143,0.12532758461443017
2025-05-01,2025-05-30,BA,0.0037499004362395627,0.13141236143410295
2025-05-01,2025-05-30,HON,0.0039738199699955856,0.08231893426959469
2025-05-01,2025-05-30,UNP,0.0037441342036134266,0.03404892480010702
2025-05-01,2025-05-30,DE,0.003677697103951814,0.09211327280593751
2025-05-01,2025-05-30,LMT,0.002823182415775996,0.009691216647967238
2025-05-01,2025-05-30,MMM,0.0021190458128682306,0.07318826833175773
2025-05-01,2025-05-30,UPS,0.0019010493324108895,0.04034393806422254
2025-05-01,2025-05-30,GD,0.0021910775272535802,0.023408797911715684
2025-05-01,2025-05-30,EMR,0.0017830934230440158,0.14077133643201156
2025-05-01,2025-05-30,FDX,0.0014033818050893639,0.03694189542556714
2025-05-01,2025-05-30,LIN,0.006550824522038329,0.03166147690030274
2025-05-01,2025-05-30,NEE,0.004006930734688817,0.056220057619059904
2025-05-01,2025-05-30,SO,0.0031778286111445934,-0.012329182853136
2025-05-01,2025-05-30,DUK,0.002920669953837119,-0.026465257705064915
2025-05-01,2025-05-30,AMT,0.002977665600997463,-0.047735284622163365
2025-05-01,2025-05-30,SPG,0.0016849451265632256,0.036154527264841585
2025-05-01,2025-05-30,CASHUSD,0.0026176502053724634,0.003631890233266155
2025-05-31,2025-06-30,MSFT,0.09115150773051668,0.08048057346689252
2025-05-31,2025-06-30,NVDA,0.10200383833356563,0.16925156332564284
2025-05-31,2025-06-30,AAPL,0.08579874947447279,0.021508528939144567
2025-05-31,2025-06-30,AVGO,0.03511560153138101,0.14140037846415243
2025-05-31,2025-06-30,ORCL,0.007359314259845371,0.32078773105364533
2025-05-31,2025-06-30,CRM,0.006110438717297578,0.029213572939612575
2025-05-31,2025-06-30,CSCO,0.007070228472493899,0.10057113708651988
2025-05-31,2025-06-30,IBM,0.006612703523754773,0.13788305042276505
2025-05-31,2025-06-30,INTU,0.0050990685003746705,0.04533697448350238
2025-05-31,2025-06-30,NOW,0.005179661208884003,0.016803622606018864
2025-05-31,2025-06-30,ACN,0.004569685524331957,-0.05659369770529832
2025-05-31,2025-06-30,ADBE,0.004061213371128339,-0.06796114506241846
2025-05-31,2025-06-30,AMD,0.005098201771195744,0.28149543569574
2025-05-31,2025-06-30,TXN,0.004593266976279122,0.13546612840626482
2025-05-31,2025-06-30,QCOM,0.00431545191931316,0.10342070827873884
2025-05-31,2025-06-30,INTC,0.0022281887787158044,0.1457800763524859
2025-05-31,2025-06-30,AMZN,0.05377993878256131,0.07014294555445688
2025-05-31,2025-06-30,TSLA,0.028709080438244133,-0.08312644606383923
2025-05-31,2025-06-30,HD,0.01013739147003776,0.001706586449628178
2025-05-31,2025-06-30,MCD,0.006476612908748955,-0.06379784034238811
2025-05-31,2025-06-30,BKNG,0.005345413773982641,0.05078950872537735
2025-05-31,2025-06-30,LOW,0.003608975016999591,-0.017100133346438673
2025-05-31,2025-06-30,SBUX,0.002636350209390547,0.09148308445538822
2025-05-31,2025-06-30,NKE,0.001719997911422358,0.18026246602941254
2025-05-31,2025-06-30,GM,0.0014657977941642118,-0.004903882089488443
2025-05-31,2025-06-30,META,0.03949847144216365,0.14080205449884908
2025-05-31,2025-06-30,GOOGL,0.030421902809366474,0.027386432925809334
2025-05-31,2025-06-30,GOOG,0.024826736387003535,0.02749918454753031
2025-05-31,2025-06-30,NFLX,0.013880304752799727,0.10925834231001486
2025-05-31,2025-06-30,DIS,0.005157059225134213,0.10172362896004539
2025-05-31,2025-06-30,T,0.005320908569970823,0.041007294593333965
2025-05-31,2025-06-30,VZ,0.004776215877232844,-0.015695993505936534
2025-05-31,2025-06-30,CMCSA,0.00313698493363029,0.032398029083692714
2025-05-31,2025-06-30,TMUS,0.003208424449961612,-0.01626753743184528
2025-05-31,2025-06-30,CHTR,0.0008512655042617228,0.031645112909343354
2025-05-31,2025-06-30,BRKB,0.02685090243235332,-0.03609413991155619
2025-05-31,2025-06-30,JPM,0.02203446466526365,0.09814391751226359
2025-05-31,2025-06-30,V,0.016843840852074604,-0.027766320650665643
2025-05-31,2025-06-30,MA,0.012613961208273931,-0.04040299303951611
2025-05-31,2025-06-30,BAC,0.008166386143150009,0.07860532386995511
2025-05-31,2025-06-30,WFC,0.007042866942782657,0.07140964766028723
2025-05-31,2025-06-30,GS,0.005749194060272415,0.17869920707334508
2025-05-31,2025-06-30,AXP,0.004722127904501793,0.084781477679307
2025-05-31,2025-06-30,MS,0.0047709915406499714,0.10021095282495285
2025-05-31,2025-06-30,SCHW,0.004198314685393249,0.032827578293318505
2025-05-31,2025-06-30,BLK,0.0038888986888623053,0.07645433467839258
2025-05-31,2025-06-30,C,0.003996495830853119,0.1301115472690384
2025-05-31,2025-06-30,COF,0.003416117698906824,0.12482156992273419
2025-05-31,2025-06-30,PYPL,0.0014828814900959097,0.05748431971585011
2025-05-31,2025-06-30,USB,0.0018245171944452352,0.049550141696813155
2025-05-31,2025-06-30,BK,0.0019178023102300868,0.028213518394234027
2025-05-31,2025-06-30,AIG,0.0014134017749646882,0.016555447789041278
2025-05-31,2025-06-30,MET,0.001285368230760261,0.02341555947626106
2025-05-31,2025-06-30,LLY,0.018327656389569076,0.05674635026871311
2025-05-31,2025-06-30,JNJ,0.010843537241119937,-0.01584943959441687
2025-05-31,2025-06-30,ABBV,0.009868873964213216,-0.00263298027698744
2025-05-31,2025-06-30,UNH,0.007491771995481737,0.04065639165835333
2025-05-31,2025-06-30,ABT,0.005955807381034973,0.018191304299173705
2025-05-31,2025-06-30,ISRG,0.0054878023681924175,-0.01616767439755773
2025-05-31,2025-06-30,MRK,0.005456633853245041,0.04050732795648271
2025-05-31,2025-06-30,AMGN,0.004294434069761653,-0.031126391133223907
2025-05-31,2025-06-30,TMO,0.004085474552890171,0.007597021869999887
2025-05-31,2025-06-30,GILD,0.00388690914950413,0.01432800379519028
2025-05-31,2025-06-30,PFE,0.0034331537959696357,0.03192853445808974
2025-05-31,2025-06-30,DHR,0.003170498986886461,0.04188659455513033
2025-05-31,2025-06-30,MDT,0.0027178459443426553,0.05922034294164291
2025-05-31,2025-06-30,BMY,0.0025593812358710275,-0.04121793937431051
2025-05-31,2025-06-30,CVS,0.002233909141148628,0.0771392451740196
2025-05-31,2025-06-30,COST,0.01371103556591896,-0.048299359788969265
2025-05-31,2025-06-30,WMT,0.012805414797728853,-0.009521948868707941
2025-05-31,2025-06-30,PG,0.010479859671864253,-0.06221676696159628
2025-05-31,2025-06-30,PM,0.008273178125068805,0.01612071807369575
2025-05-31,2025-06-30,KO,0.007985898567961836,-0.01174732146692703
2025-05-31,2025-06-30,PEP,0.004655845147348791,0.015510303225799715
2025-05-31,2025-06-30,MO,0.002956788210170809,-0.015884691479172597
2025-05-31,2025-06-30,MDLZ,0.002264770988981537,0.006236567655562908
2025-05-31,2025-06-30,CL,0.001974311810510202,-0.021949705786950213
2025-05-31,2025-06-30,TGT,0.0011016192547404224,0.04935655309691667
2025-05-31,2025-06-30,XOM,0.01288885378965919,0.05376340196851692
2025-05-31,2025-06-30,CVX,0.00626901409166948,0.04747625088444263
2025-05-31,2025-06-30,COP,0.0030145203208729525,0.05143536803430049
2025-05-31,2025-06-30,GE,0.008233889667116764,0.046683931020350844
2025-05-31,2025-06-30,RTX,0.005268422831474845,0.06990053088133763
2025-05-31,2025-06-30,CAT,0.005139050256966953,0.11544976597978485
2025-05-31,2025-06-30,BA,0.003949444224474983,0.010659807915316177
2025-05-31,2025-06-30,HON,0.003983761639747679,0.027396746394609872
2025-05-31,2025-06-30,UNP,0.0035818685540098105,0.0379860690313647
2025-05-31,2025-06-30,DE,0.0037389100619081533,0.007584525352643867
2025-05-31,2025-06-30,LMT,0.0026532759288668156,-0.03327203186245997
2025-05-31,2025-06-30,MMM,0.0021063234555716358,0.026221685372467052
2025-05-31,2025-06-30,UPS,0.0018115007841098642,0.03485754235642413
2025-05-31,2025-06-30,GD,0.002087574073579763,0.04729065655632869
2025-05-31,2025-06-30,EMR,0.0018854532866263,0.1168537603624622
2025-05-31,2025-06-30,FDX,0.0013548099306634925,0.04895701522980844
2025-05-31,2025-06-30,LIN,0.006307804622203324,0.006622122811194453
2025-05-31,2025-06-30,NEE,0.003954801203039946,-0.009319033759273343
2025-05-31,2025-06-30,SO,0.0029093386949261865,0.020333386617017668
2025-05-31,2025-06-30,DUK,0.002633691381687195,0.002378457373865217
2025-05-31,2025-06-30,AMT,0.0026364600185552135,0.03778020681583061
2025-05-31,2025-06-30,SPG,0.0016226860663868792,-0.0012266569476878653
2025-05-31,2025-06-30,CASHUSD,0.0024026469018964525,0.003346940170246393
2025-07-01,2025-07-31,NVDA,0.11259185593890772,0.12583067293949357
2025-07-01,2025-07-31,MSFT,0.09335225773880355,0.07255584610783483
2025-07-01,2025-07-31,AAPL,0.08261467870681313,0.01169777571499142
2025-07-01,2025-07-31,AVGO,0.03802661760029016,0.06548168030550028
2025-07-01,2025-07-31,ORCL,0.009239135859870429,0.16319461749490394
2025-07-01,2025-07-31,CSCO,0.007368642254014834,-0.012836519045085204
2025-07-01,2025-07-31,IBM,0.007170337016848586,-0.1412238906249602
2025-07-01,2025-07-31,CRM,0.005968443315929485,-0.05266061374331421
2025-07-01,2025-07-31,AMD,0.006197638794484252,0.24249475082579197
2025-07-01,2025-07-31,INTU,0.0050456512172415546,-0.0018251026376100432
2025-07-01,2025-07-31,NOW,0.005015469843409826,-0.082639505760561
2025-07-01,2025-07-31,TXN,0.004932619016651933,-0.12162268143680655
2025-07-01,2025-07-31,ACN,0.004089576868936116,-0.10189085761237837
2025-07-01,2025-07-31,QCOM,0.004450711457462785,-0.07848799499267156
2025-07-01,2025-07-31,ADBE,0.0035202064459692647,-0.07544975721929081
2025-07-01,2025-07-31,INTC,0.0024378298711176614,-0.11607144757801202
2025-07-01,2025-07-31,AMZN,0.054930462171491314,0.06709513314943583
2025-07-01,2025-07-31,TSLA,0.025114316579296067,-0.02955995259140498
2025-07-01,2025-07-31,HD,0.009620765712514497,0.002372828841102681
2025-07-01,2025-07-31,MCD,0.005730812117067659,0.027039061486142213
2025-07-01,2025-07-31,BKNG,0.0052650930651708715,-0.04926026735672007
2025-07-01,2025-07-31,LOW,0.003350205050762745,0.013021403109568785
2025-07-01,2025-07-31,SBUX,0.0027351428464558914,-0.02695606954249241
2025-07-01,2025-07-31,NKE,0.0019167515290159358,0.05137958300570711
2025-07-01,2025-07-31,GM,0.0013383103377188714,0.08392600792621341
2025-07-01,2025-07-31,META,0.0424971633347189,0.047893857332087064
2025-07-01,2025-07-31,GOOGL,0.029651756468140493,0.08891790991316406
2025-07-01,2025-07-31,GOOG,0.024087248099474535,0.08720897131275107
2025-07-01,2025-07-31,NFLX,0.014579562948949397,-0.1342139500795454
2025-07-01,2025-07-31,DIS,0.005356061639291589,-0.03951296636408386
2025-07-01,2025-07-31,T,0.005285778189450382,-0.04340414520709013
2025-07-01,2025-07-31,VZ,0.0044820203920331175,0.004191829705530115
2025-07-01,2025-07-31,CMCSA,0.003044355471136242,-0.06039202250604503
2025-07-01,2025-07-31,TMUS,0.0029975723475722253,0.0006294609381871652
2025-07-01,2025-07-31,CHTR,0.0008339344650137281,-0.3411120399203158
2025-07-01,2025-07-31,BRKB,0.024578875432501007,-0.028593746927557562
2025-07-01,2025-07-31,JPM,0.02283081918375082,0.026757077071267732
2025-07-01,2025-07-31,V,0.015434421402866707,-0.026982175155343846
2025-07-01,2025-07-31,MA,0.011445377036536261,0.009425243377380932
2025-07-01,2025-07-31,BAC,0.008226534649528433,-0.001056654924408984
2025-07-01,2025-07-31,WFC,0.007087732533712598,0.006365213116256818
2025-07-01,2025-07-31,GS,0.006324429421100337,0.022381021754996455
2025-07-01,2025-07-31,AXP,0.004850944667786996,-0.05929623717760135
2025-07-01,2025-07-31,MS,0.004968161697699955,0.018385065274082013
2025-07-01,2025-07-31,C,0.004266647192405405,0.10079878887386018
2025-07-01,2025-07-31,SCHW,0.004124988712617107,0.07113110379629184
2025-07-01,2025-07-31,BLK,0.00395375346736243,0.05409588967876422
2025-07-01,2025-07-31,COF,0.003664044565447344,0.010528323592742472
2025-07-01,2025-07-31,PYPL,0.0014632778369949879,-0.07481161788020274
2025-07-01,2025-07-31,USB,0.001793630016045819,-0.006408897462594987
2025-07-01,2025-07-31,BK,0.001867429955380731,0.11942394377335774
2025-07-01,2025-07-31,AIG,0.001317680377334867,-0.09300158950242077
2025-07-01,2025-07-31,MET,0.0012161526244727334,-0.05558327504423233
2025-07-01,2025-07-31,LLY,0.018373367336708996,-0.05062029519227362
2025-07-01,2025-07-31,JNJ,0.010134705286896696,0.07849418569171895
2025-07-01,2025-07-31,ABBV,0.009359494921152466,0.02711232478020298
2025-07-01,2025-07-31,UNH,0.0072522936688663294,-0.20005131582555347
2025-07-01,2025-07-31,ABT,0.005780541918521464,-0.06803585027225767
2025-07-01,2025-07-31,MRK,0.005302870180978359,-0.013138042574485032
2025-07-01,2025-07-31,ISRG,0.005155363805351102,-0.11468316719697991
2025-07-01,2025-07-31,TMO,0.0038565838969803977,0.15345524685913947
2025-07-01,2025-07-31,AMGN,0.003956876133969622,0.05691061670262254
2025-07-01,2025-07-31,GILD,0.0037114151155756593,0.012807741186416921
2025-07-01,2025-07-31,PFE,0.0033777010258708062,-0.022612339603997
2025-07-01,2025-07-31,DHR,0.003118149307260273,-0.001923615266075429
2025-07-01,2025-07-31,MDT,0.00270669806892672,0.035218566187468214
2025-07-01,2025-07-31,BMY,0.002338274017424075,-0.05203710116275995
2025-07-01,2025-07-31,CVS,0.0022784686902696865,-0.08992081244346406
2025-07-01,2025-07-31,XOM,0.012783671224347449,0.035621425977313104
2025-07-01,2025-07-31,CVX,0.006066504037472831,0.05901264002232964
2025-07-01,2025-07-31,COP,0.0029811062542888043,0.06240249815525467
2025-07-01,2025-07-31,COST,0.012400107608277972,-0.05081109474865653
2025-07-01,2025-07-31,WMT,0.01200973264672424,0.0020454045667352982
2025-07-01,2025-07-31,PG,0.009342484685187512,-0.049089709717037744
2025-07-01,2025-07-31,PM,0.007940889728134556,-0.09926971677739993
2025-07-01,2025-07-31,KO,0.007453639089795267,-0.040424052123609444
2025-07-01,2025-07-31,PEP,0.004445210593091335,0.044531812251680014
2025-07-01,2025-07-31,MO,0.0027020276686013788,0.056455663873635986
2025-07-01,2025-07-31,MDLZ,0.002146496065222519,-0.040777075461294277
2025-07-01,2025-07-31,CL,0.0018313940832118483,-0.07202645616927683
2025-07-01,2025-07-31,TGT,0.0010963920477401472,0.018753112367641878
2025-07-01,2025-07-31,GE,0.008131760708271858,0.05472558777079173
2025-07-01,2025-07-31,RTX,0.0053681409051969066,0.07909881324230739
2025-07-01,2025-07-31,CAT,0.005355527546987817,0.13244006634741035
2025-07-01,2025-07-31,BA,0.0038097845844897167,0.058750525606408255
2025-07-01,2025-07-31,HON,0.0038404985317829717,-0.04521641754572203
2025-07-01,2025-07-31,UNP,0.0034908649577575527,-0.03524858207638193
2025-07-01,2025-07-31,DE,0.0035476071875135493,0.031229820401803332
2025-07-01,2025-07-31,LMT,0.0024131655819991512,-0.09103082307213772
2025-07-01,2025-07-31,MMM,0.002034925620650043,-0.019837155318131128
2025-07-01,2025-07-31,EMR,0.0019947786636208818,0.09135229902022024
2025-07-01,2025-07-31,UPS,0.0017854029640676002,-0.14642364174353084
2025-07-01,2025-07-31,GD,0.0020605924689083297,0.07388200659248434
2025-07-01,2025-07-31,FDX,0.001337701011557472,-0.016805101200979444
2025-07-01,2025-07-31,LIN,0.005949001789366696,-0.01901180812936787
2025-07-01,2025-07-31,NEE,0.00369740808766065,0.02362433742468717
2025-07-01,2025-07-31,SO,0.002828847365635896,0.02885777027911085
2025-07-01,2025-07-31,DUK,0.0025127926499797937,0.030847448485818996
2025-07-01,2025-07-31,AMT,0.0025908885551811866,-0.05714419495260159
2025-07-01,2025-07-31,SPG,0.001520774779833509,0.01884791464263791
2025-07-01,2025-07-31,CASHUSD,0.0015731914471194517,0.003565963143704165
2025-08-01,2025-08-29,NVDA,0.12299052092970603,-0.020745559183131368
2025-08-01,2025-08-29,MSFT,0.09714839057753699,-0.04869171187459198
2025-08-01,2025-08-29,AAPL,0.08109604338463983,0.11963883684740928
2025-08-01,2025-08-29,AVGO,0.039312027186538555,0.012563901519778264
2025-08-01,2025-08-29,ORCL,0.010405260567877786,-0.10891754180797497
2025-08-01,2025-08-29,AMD,0.0074715208549439,-0.07759056698548772
2025-08-01,2025-08-29,CSCO,0.007015616585997325,0.014835333394719319
2025-08-01,2025-08-29,CRM,0.005485938214793397,-0.00805154974224176
2025-08-01,2025-08-29,IBM,0.005974576208239677,-0.031655981538868616
2025-08-01,2025-08-29,INTU,0.004880217183579406,-0.150459176142407
2025-08-01,2025-08-29,NOW,0.0044640905725394,-0.027207506563437844
2025-08-01,2025-08-29,ACN,0.003546062084168298,-0.026694100775527807
2025-08-01,2025-08-29,TXN,0.0041736915438982105,0.11830323561736389
2025-08-01,2025-08-29,QCOM,0.003979416927159114,0.09518937679255268
2025-08-01,2025-08-29,ADBE,0.0031577822984210483,-0.0027677324711841145
2025-08-01,2025-08-29,INTC,0.0020907970147017343,0.22979804645106938
2025-08-01,2025-08-29,AMZN,0.05709269552207966,-0.021827348669553603
2025-08-01,2025-08-29,TSLA,0.023738647237694997,0.08304410748975077
2025-08-01,2025-08-29,HD,0.009392866831505003,0.10682698817578995
2025-08-01,2025-08-29,MCD,0.005732812178170699,0.04488952233012289
2025-08-01,2025-08-29,BKNG,0.004874804346458138,0.01725813557032141
2025-08-01,2025-08-29,LOW,0.003288232478859752,0.1542693522882188
2025-08-01,2025-08-29,SBUX,0.0025922187089774617,-0.004353010601784835
2025-08-01,2025-08-29,NKE,0.001962898747036865,0.03588162927665395
2025-08-01,2025-08-29,GM,0.0014128825322659421,0.09842521560347328
2025-08-01,2025-08-29,META,0.04315556095752941,-0.044916157877618934
2025-08-01,2025-08-29,GOOGL,0.03128985077135419,0.10948414439743348
2025-08-01,2025-08-29,GOOG,0.025378064871608996,0.10717620162936914
2025-08-01,2025-08-29,NFLX,0.012232410993926373,0.04213381407598904
2025-08-01,2025-08-29,DIS,0.004985349416210718,-0.006128818557371241
2025-08-01,2025-08-29,T,0.00485151079589704,0.06858809601106763
2025-08-01,2025-08-29,VZ,0.004292276702909266,0.034378028243505554
2025-08-01,2025-08-29,CMCSA,0.0027469189529160877,0.022269057415343463
2025-08-01,2025-08-29,TMUS,0.0029067514790803444,0.06068608706136547
2025-08-01,2025-08-29,CHTR,0.0005324585485275157,-0.014033260264561198
2025-08-01,2025-08-29,BRKB,0.02322014539953623,0.06590659867276871
2025-08-01,2025-08-29,JPM,0.022688293808908307,0.017485898915339693
2025-08-01,2025-08-29,V,0.014605436777736399,0.020056814478806473
2025-08-01,2025-08-29,MA,0.011220765201251417,0.050876564071458574
2025-08-01,2025-08-29,BAC,0.007992063955266786,0.07340816681605333
2025-08-01,2025-08-29,WFC,0.006936805171108368,0.025211334613621794
2025-08-01,2025-08-29,GS,0.006288490224939244,0.035447412505046794
2025-08-01,2025-08-29,MS,0.004886496180001516,0.05629650142196385
2025-08-01,2025-08-29,C,0.004567713919947971,0.03740804327888436
2025-08-01,2025-08-29,SCHW,0.004297061385996348,-0.016572813638163986
2025-08-01,2025-08-29,AXP,0.004426720206180526,0.1068122931515938
2025-08-01,2025-08-29,BLK,0.004052957961184728,0.01910454306874776
2025-08-01,2025-08-29,COF,0.0036008637579650676,0.05971325372439962
2025-08-01,2025-08-29,BK,0.0020221711612637165,0.04090681325498391
2025-08-01,2025-08-29,USB,0.001733181125259095,0.08607663458869497
2025-08-01,2025-08-29,PYPL,0.0013166455308481686,0.02079701600245687
2025-08-01,2025-08-29,AIG,0.001162224335652641,0.047533377340036376
2025-08-01,2025-08-29,MET,0.0011169458974433818,0.07942459251558054
2025-08-01,2025-08-29,LLY,0.016965648837676425,-0.007946505583201535
2025-08-01,2025-08-29,JNJ,0.010630859871241287,0.08334604708134274
2025-08-01,2025-08-29,ABBV,0.009269866798644303,0.11310974125729234
2025-08-01,2025-08-29,UNH,0.005642589072038142,0.2416653676379048
2025-08-01,2025-08-29,ABT,0.005216352488509828,0.05127187935594835
2025-08-01,2025-08-29,MRK,0.005089932699715978,0.07680495287793887
2025-08-01,2025-08-29,TMO,0.0043266904082169735,0.05354099747132657
2025-08-01,2025-08-29,ISRG,0.004439262714388772,-0.01619241431794527
2025-08-01,2025-08-29,AMGN,0.0040676361115608555,-0.017133335833067753
2025-08-01,2025-08-29,GILD,0.0036560532791738865,0.006055815676550447
2025-08-01,2025-08-29,PFE,0.003156460233942523,0.06311707889453988
2025-08-01,2025-08-29,DHR,0.003026919247144627,0.04392361571712522
2025-08-01,2025-08-29,MDT,0.002725302537641596,0.0284796273392518
2025-08-01,2025-08-29,BMY,0.0021278205582449137,0.08935576062886397
2025-08-01,2025-08-29,CVS,0.002001067562006117,0.17793890686218505
2025-08-01,2025-08-29,XOM,0.012905916604623298,0.033263248187026306
2025-08-01,2025-08-29,CVX,0.007385714759711734,0.07087708549433835
2025-08-01,2025-08-29,COP,0.003087454338836279,0.046637938617812846
2025-08-01,2025-08-29,WMT,0.011713988097181941,-0.007894345079189957
2025-08-01,2025-08-29,COST,0.01145641888319269,0.005307179111530447
2025-08-01,2025-08-29,PG,0.008588586842264477,0.043663089425233226
2025-08-01,2025-08-29,KO,0.0069619652362570145,0.01620275299691243
2025-08-01,2025-08-29,PM,0.006962185663250076,0.018774757585953816
2025-08-01,2025-08-29,PEP,0.004519562383743747,0.07779871569205676
2025-08-01,2025-08-29,MO,0.002778555686817803,0.08508242652927334
2025-08-01,2025-08-29,MDLZ,0.00200416112279857,-0.050239547423104325
2025-08-01,2025-08-29,CL,0.0016444296768126647,0.0026237674719229442
2025-08-01,2025-08-29,TGT,0.0010872169485702237,-0.034618100610503966
2025-08-01,2025-08-29,GE,0.008306280057703197,0.015198526729472306
2025-08-01,2025-08-29,RTX,0.005618107588955415,0.010969635239779896
2025-08-01,2025-08-29,CAT,0.005860510829524686,-0.04333131247640576
2025-08-01,2025-08-29,BA,0.003912128278859099,0.05787953727845219
2025-08-01,2025-08-29,HON,0.003556292620704383,-0.007678686617001662
2025-08-01,2025-08-29,UNP,0.0032663318679160124,0.013498409664873146
2025-08-01,2025-08-29,DE,0.003547921184030433,-0.08720945199738805
2025-08-01,2025-08-29,LMT,0.0021273625591639316,0.08230788850406423
2025-08-01,2025-08-29,EMR,0.0021114380701932702,-0.08926727387396571
2025-08-01,2025-08-29,MMM,0.001934439869621155,0.04710246455361666
2025-08-01,2025-08-29,GD,0.0021350629128635465,0.04159047332992594
2025-08-01,2025-08-29,UPS,0.0014779926388912331,0.03402206370020866
2025-08-01,2025-08-29,FDX,0.0012755500371194547,0.03391638337653058
2025-08-01,2025-08-29,LIN,0.005678491342035888,0.03917345323358612
2025-08-01,2025-08-29,NEE,0.003682383953048593,0.02177263781854477
2025-08-01,2025-08-29,SO,0.002831751995625061,-0.015327782741373808
2025-08-01,2025-08-29,DUK,0.0025202219100766985,0.01569306515508062
2025-08-01,2025-08-29,AMT,0.0023680892666355577,-0.021786052141511414
2025-08-01,2025-08-29,SPG,0.0015019769084493762,0.10299777922038889
2025-08-01,2025-08-29,CASHUSD,0.0010629012361371892,0.003707468631993782
2025-08-30,2025-09-30,NVDA,0.11777546609125586,0.07125121360969189
2025-08-30,2025-09-30,MSFT,0.09022584588053012,0.02222268286379414
2025-08-30,2025-09-30,AAPL,0.0886896668188932,0.0968812192629327
2025-08-30,2025-09-30,AVGO,0.038925651043096685,0.11125198134296954
2025-08-30,2025-09-30,ORCL,0.00906681600155453,0.24370927280114452
2025-08-30,2025-09-30,CSCO,0.006962262734409013,-0.00969743112064858
2025-08-30,2025-09-30,AMD,0.00673934943363374,-0.00516516984233617
2025-08-30,2025-09-30,CRM,0.0053214142872458885,-0.07351145667093584
2025-08-30,2025-09-30,IBM,0.0056195904359394,0.15881547190381684
2025-08-30,2025-09-30,NOW,0.00424652208524116,0.0030736781321296647
2025-08-30,2025-09-30,INTU,0.004054326805831744,0.02385303182661347
2025-08-30,2025-09-30,TXN,0.0045641949834965105,-0.0926016901952722
2025-08-30,2025-09-30,QCOM,0.004261813255930641,0.04091791069299289
2025-08-30,2025-09-30,ACN,0.003375101655600186,-0.0514289996416506
2025-08-30,2025-09-30,ADBE,0.0030793651099905355,-0.011073765270124603
2025-08-30,2025-09-30,INTC,0.0025143758750398853,0.37782335570688486
2025-08-30,2025-09-30,AMZN,0.05460894794239316,-0.04117900731782209
2025-08-30,2025-09-30,TSLA,0.025140382319903707,0.33201547825406585
2025-08-30,2025-09-30,HD,0.01016594880031063,0.0017670439487389444
2025-08-30,2025-09-30,MCD,0.00585748311747708,-0.025275013291698456
2025-08-30,2025-09-30,BKNG,0.004848410808338794,-0.03402090337327446
2025-08-30,2025-09-30,LOW,0.0037113840161940503,-0.026156708153731945
2025-08-30,2025-09-30,SBUX,0.002507163801881176,-0.04070763517357878
2025-08-30,2025-09-30,NKE,0.001988220674312316,-0.09406249705552872
2025-08-30,2025-09-30,GM,0.0015176456487847878,0.04331254392723771
2025-08-30,2025-09-30,META,0.04023261984166705,-0.005177262916920777
2025-08-30,2025-09-30,GOOGL,0.03388643528059812,0.14281825997597464
2025-08-30,2025-09-30,GOOG,0.027426779594168386,0.1416086578417528
2025-08-30,2025-09-30,NFLX,0.012443265219758469,-0.007721900937653126
2025-08-30,2025-09-30,DIS,0.00483639930867947,-0.03277576661395676
2025-08-30,2025-09-30,T,0.005060402913296264,-0.03584850356302849
2025-08-30,2025-09-30,VZ,0.004333713617991095,-0.0063304298290919325
2025-08-30,2025-09-30,CMCSA,0.002741037368631197,-0.07506618482076344
2025-08-30,2025-09-30,TMUS,0.0029989924481903913,-0.05004171864591089
2025-08-30,2025-09-30,CHTR,0.000512402561708718,0.0358837234021161
2025-08-30,2025-09-30,BRKB,0.02422054152741432,-0.0004771973969351917
2025-08-30,2025-09-30,JPM,0.022590642405724403,0.04647996380962094
2025-08-30,2025-09-30,V,0.014553790487561715,-0.029564066766664454
2025-08-30,2025-09-30,MA,0.011539103494141577,-0.044482493600319195
2025-08-30,2025-09-30,BAC,0.008395022903219486,0.022407478849049145
2025-08-30,2025-09-30,WFC,0.006918747397271375,0.019956157911878325
2025-08-30,2025-09-30,GS,0.006338099227838618,0.0685674581617366
2025-08-30,2025-09-30,MS,0.00505108305739825,0.0563529416011308
2025-08-30,2025-09-30,AXP,0.004794642810142272,0.0026563851713001796
2025-08-30,2025-09-30,C,0.004606727820871151,0.05105100790453232
2025-08-30,2025-09-30,BLK,0.004041818119933513,0.03924467734457737
2025-08-30,2025-09-30,SCHW,0.0041237628657613745,-0.003860581432953869
2025-08-30,2025-09-30,COF,0.0037239941959325332,-0.06443095567837387
2025-08-30,2025-09-30,USB,0.001842045771160038,0.0003787302452347152
2025-08-30,2025-09-30,BK,0.002059788549724996,0.03181819779246586
2025-08-30,2025-09-30,PYPL,0.0013151872451083312,-0.04459326175600964
2025-08-30,2025-09-30,AIG,0.001191391282662245,-0.028510716494043686
2025-08-30,2025-09-30,MET,0.0011709314968024443,0.012413973710051485
2025-08-30,2025-09-30,LLY,0.016458386098255156,0.041524529618673256
2025-08-30,2025-09-30,JNJ,0.011204479664344225,0.04656545953118174
2025-08-30,2025-09-30,ABBV,0.010112197696055076,0.10047522204944781
2025-08-30,2025-09-30,UNH,0.006866205204862367,0.12136849370131886
2025-08-30,2025-09-30,ABT,0.005374265387650978,0.009648755661527897
2025-08-30,2025-09-30,MRK,0.005371298403295483,0.007596993520252671
2025-08-30,2025-09-30,TMO,0.004467345824487777,-0.01474394881319796
2025-08-30,2025-09-30,ISRG,0.004280084908662152,-0.05508129617371593
2025-08-30,2025-09-30,AMGN,0.003886624377917187,-0.019151122672573462
2025-08-30,2025-09-30,PFE,0.0032886303587118986,0.0290791378155828
2025-08-30,2025-09-30,GILD,0.0036046932818113425,-0.010614942839364039
2025-08-30,2025-09-30,DHR,0.00309668422062018,-0.03502947170346804
2025-08-30,2025-09-30,MDT,0.0027468657150234357,0.03396731918659257
2025-08-30,2025-09-30,BMY,0.002271659081840933,-0.044086508293409876
2025-08-30,2025-09-30,CVS,0.0023100475216328246,0.0306219180766103
2025-08-30,2025-09-30,XOM,0.012935244443896375,-0.013474380938685915
2025-08-30,2025-09-30,CVX,0.007658149590914952,-0.033063685631682715
2025-08-30,2025-09-30,COP,0.0031378157737928813,-0.04425580418978314
2025-08-30,2025-09-30,WMT,0.011355328912929862,0.06269325649108337
2025-08-30,2025-09-30,COST,0.011263960437342124,-0.0187529243574438
2025-08-30,2025-09-30,PG,0.008778776491148832,-0.021586900050186597
2025-08-30,2025-09-30,KO,0.006928844562037011,-0.031328981312008786
2025-08-30,2025-09-30,PM,0.006946667909831266,-0.029498066730338057
2025-08-30,2025-09-30,PEP,0.004770756407056177,-0.045988179587292954
2025-08-30,2025-09-30,MO,0.0029528229753777477,-0.001226095605517008
2025-08-30,2025-09-30,MDLZ,0.0018642113366995512,0.024946901728521764
2025-08-30,2025-09-30,CL,0.0016146795712962722,-0.049125677116513944
2025-08-30,2025-09-30,TGT,0.0010169170037774306,-0.06543030581200904
2025-08-30,2025-09-30,GE,0.008263811404388609,0.09443155767532341
2025-08-30,2025-09-30,RTX,0.005541653745097171,0.05504400830905842
2025-08-30,2025-09-30,CAT,0.005494218650578235,0.13867411909872263
2025-08-30,2025-09-30,BA,0.004055732565811138,-0.08032210428252606
2025-08-30,2025-09-30,HON,0.0034403374955561603,-0.04100235253930218
2025-08-30,2025-09-30,UNP,0.0032239976777056973,0.05725272279892524
2025-08-30,2025-09-30,DE,0.003173605489436463,-0.04133188059309767
2025-08-30,2025-09-30,LMT,0.002256444640392104,0.10364120225013496
2025-08-30,2025-09-30,MMM,0.0019758651449310514,-0.0022504247961575574
2025-08-30,2025-09-30,GD,0.002179274332019992,0.050620888816361065
2025-08-30,2025-09-30,EMR,0.0018770236661447785,-0.0062121264246362
2025-08-30,2025-09-30,UPS,0.0014699374033008122,-0.044716405561418204
2025-08-30,2025-09-30,FDX,0.0012924322230406862,0.02705305283712045
2025-08-30,2025-09-30,LIN,0.005774964188868156,-0.0037110299500013877
2025-08-30,2025-09-30,NEE,0.0036558233762840437,0.04774445182906728
2025-08-30,2025-09-30,SO,0.002708667736975967,0.02676045209213762
2025-08-30,2025-09-30,DUK,0.0024849405630942936,0.010286551468674743
2025-08-30,2025-09-30,AMT,0.0022535833549691855,-0.04824462858851464
2025-08-30,2025-09-30,SPG,0.0016116891308563845,0.051182529504067986
2025-08-30,2025-09-30,CASHUSD,0.001985635608634933,0.0033025484501063573
2025-10-01,2025-10-31,NVDA,0.12050020704876963,0.0852717678839181
2025-10-01,2025-10-31,MSFT,0.08805640722359803,-0.00027037645296212887
2025-10-01,2025-10-31,AAPL,0.09227675276158606,0.06181508747860254
2025-10-01,2025-10-31,AVGO,0.04123777605294701,0.1203965118934498
2025-10-01,2025-10-31,ORCL,0.010969034268900144,-0.0646219540443842
2025-10-01,2025-10-31,CSCO,0.0065517821368499575,0.07499948689670255
2025-10-01,2025-10-31,IBM,0.006230760906060139,0.08948820050173034
2025-10-01,2025-10-31,AMD,0.00640638465944626,0.5830397783886911
2025-10-01,2025-10-31,CRM,0.004681502055966555,0.0987763874571046
2025-10-01,2025-10-31,NOW,0.004086887908129992,-0.0010866092303835062
2025-10-01,2025-10-31,INTU,0.003954086684042726,-0.020705519678301476
2025-10-01,2025-10-31,QCOM,0.004139489739087818,0.0874007511256687
2025-10-01,2025-10-31,TXN,0.003958285356655929,-0.11336653931866136
2025-10-01,2025-10-31,ACN,0.0030408263727890635,0.01419301431151454
2025-10-01,2025-10-31,ADBE,0.0028934301199470785,-0.03526577587925228
2025-10-01,2025-10-31,INTC,0.003315528721726396,0.19195238711935314
2025-10-01,2025-10-31,AMZN,0.05124597085240839,0.11226484981660545
2025-10-01,2025-10-31,TSLA,0.03195265024067579,0.026623485126352042
2025-10-01,2025-10-31,HD,0.009658660887068947,-0.06318023208521961
2025-10-01,2025-10-31,MCD,0.005398976412764971,-0.01796716043935409
2025-10-01,2025-10-31,BKNG,0.004438233072640083,-0.05955060751090946
2025-10-01,2025-10-31,LOW,0.0034480933312281774,-0.04778639998113077
2025-10-01,2025-10-31,SBUX,0.002295965111643169,-0.04408979818984571
2025-10-01,2025-10-31,NKE,0.0017179042734832663,-0.0737130803292142
2025-10-01,2025-10-31,GM,0.001490095488779715,0.13318023363972165
2025-10-01,2025-10-31,META,0.03800271608263806,-0.11714643331245433
2025-10-01,2025-10-31,GOOGL,0.03678000794302685,0.15668444849346486
2025-10-01,2025-10-31,GOOG,0.029594323444049084,0.1571340238931782
2025-10-01,2025-10-31,NFLX,0.011726037403742437,-0.06677673921714511
2025-10-01,2025-10-31,DIS,0.004449633892331737,-0.016419190433199837
2025-10-01,2025-10-31,T,0.004611236697671882,-0.11414803844175803
2025-10-01,2025-10-31,VZ,0.004096093601896105,-0.08024748199234999
2025-10-01,2025-10-31,TMUS,0.002740451995398017,-0.122524838656485
2025-10-01,2025-10-31,CMCSA,0.0023843184883474023,-0.10453527646429916
2025-10-01,2025-10-31,BRKB,0.02312397198976328,-0.05012527783537768
2025-10-01,2025-10-31,JPM,0.022342665663265912,-0.008868559313091606
2025-10-01,2025-10-31,V,0.013393120286956503,-0.001874673620788636
2025-10-01,2025-10-31,MA,0.010718292728638478,-0.028289372842693616
2025-10-01,2025-10-31,BAC,0.008478616844671319,0.03605348436545541
2025-10-01,2025-10-31,WFC,0.0066354371786198334,0.03758059553794579
2025-10-01,2025-10-31,GS,0.006381554463986674,-0.008764934599929886
2025-10-01,2025-10-31,MS,0.005011761875985079,0.037986958973525775
2025-10-01,2025-10-31,C,0.004556911700968675,-0.0026600609098351713
2025-10-01,2025-10-31,AXP,0.004501809151611108,0.08876457747681443
2025-10-01,2025-10-31,BLK,0.003949123662473848,-0.07124288977109061
2025-10-01,2025-10-31,SCHW,0.003919926704774543,-0.009950730146576436
2025-10-01,2025-10-31,COF,0.0033272538001932832,0.03485747151384255
2025-10-01,2025-10-31,BK,0.001999544313949442,-0.004567619479852958
2025-10-01,2025-10-31,USB,0.001741072427707669,-0.034140209668844346
2025-10-01,2025-10-31,PYPL,0.0011790638530864855,0.03295544901958514
2025-10-01,2025-10-31,MET,0.0011217734001927543,-0.030957938726627776
2025-10-01,2025-10-31,AIG,0.0010565435213498436,0.005347528545382563
2025-10-01,2025-10-31,LLY,0.016543873294478678,0.13087810517404286
2025-10-01,2025-10-31,JNJ,0.011208540183459558,0.018606432179974597
2025-10-01,2025-10-31,ABBV,0.010627892465528282,-0.05151649060407304
2025-10-01,2025-10-31,UNH,0.007294597353077982,-0.010831183716386694
2025-10-01,2025-10-31,ABT,0.00518335014791047,-0.07294528339924944
2025-10-01,2025-10-31,MRK,0.005090597193347,0.02442525875472157
2025-10-01,2025-10-31,TMO,0.004200602774357,0.16982817253662863
2025-10-01,2025-10-31,ISRG,0.0038627506389174084,0.19464261380528858
2025-10-01,2025-10-31,AMGN,0.003642804554569956,0.05751239928584351
2025-10-01,2025-10-31,PFE,0.0032318861678540434,-0.0325745562384534
2025-10-01,2025-10-31,GILD,0.003375231477065678,0.0791892575419666
2025-10-01,2025-10-31,DHR,0.002850988415080885,0.08635134346092133
2025-10-01,2025-10-31,MDT,0.0026958461257762328,-0.04766902278661933
2025-10-01,2025-10-31,CVS,0.0022879581223389164,0.045084053643410726
2025-10-01,2025-10-31,BMY,0.00207403612145371,0.03554761570635101
2025-10-01,2025-10-31,XOM,0.012068984039449296,0.014279307259652763
2025-10-01,2025-10-31,CVX,0.007114061689893954,0.015648223821854934
2025-10-01,2025-10-31,COP,0.0028368874818125753,-0.060577251130309206
2025-10-01,2025-10-31,WMT,0.01170729477974101,-0.01824172886148756
2025-10-01,2025-10-31,COST,0.010550472930563418,-0.013926211283457945
2025-10-01,2025-10-31,PG,0.008195078798022807,-0.01450354049676239
2025-10-01,2025-10-31,KO,0.006360292447852658,0.03890248082910319
2025-10-01,2025-10-31,PM,0.006438456016642599,-0.10181124023719323
2025-10-01,2025-10-31,PEP,0.004297987923928357,0.04023061855890364
2025-10-01,2025-10-31,MO,0.002764070203380697,-0.14653347815340934
2025-10-01,2025-10-31,MDLZ,0.0018122345230616932,-0.08019854717907315
2025-10-01,2025-10-31,CL,0.001463651243793783,-0.029690076993439063
2025-10-01,2025-10-31,TGT,0.0009042423840926132,0.033667833914498235
2025-10-01,2025-10-31,GE,0.008612116788777893,0.02702608138093887
2025-10-01,2025-10-31,RTX,0.00561646778528845,0.06675443315946361
2025-10-01,2025-10-31,CAT,0.005974436044300636,0.21328407703147612
2025-10-01,2025-10-31,UBER,0.00474471991298451,-0.015004605515841152
2025-10-01,2025-10-31,BA,0.0035863810994062957,-0.06861880847402568
2025-10-01,2025-10-31,UNP,0.0032437729769526093,-0.06769047422527819
2025-10-01,2025-10-31,HON,0.003125028031129801,0.014779799031072294
2025-10-01,2025-10-31,DE,0.002905456151260264,0.009556901026772868
2025-10-01,2025-10-31,LMT,0.0023300641830120397,-0.014683223238867726
2025-10-01,2025-10-31,GD,0.0022073345911287727,0.015882481965140638
2025-10-01,2025-10-31,MMM,0.0018705196415427301,0.07294766243448292
2025-10-01,2025-10-31,EMR,0.0017886908322627905,0.06395810652297751
2025-10-01,2025-10-31,UPS,0.0013544132944694751,0.15431573648619445
2025-10-01,2025-10-31,FDX,0.0012412109557986821,0.0763751324307651
2025-10-01,2025-10-31,LIN,0.005463944873444051,-0.1193683982742707
2025-10-01,2025-10-31,NEE,0.003665650121982188,0.07828855682374614
2025-10-01,2025-10-31,SO,0.002663233257191276,-0.007702863418991179
2025-10-01,2025-10-31,DUK,0.002402276067322426,0.004444462438162544
2025-10-01,2025-10-31,AMT,0.0020170738222618063,-0.0693636155486963
2025-10-01,2025-10-31,SPG,0.0016948205439624106,-0.06346249848388985
2025-10-01,2025-10-31,CASHUSD,0.0010387647235782723,0.003510552484359053
2025-11-01,2025-11-28,NVDA,0.1259982693398082,-0.125882777513319
2025-11-01,2025-11-28,AAPL,0.0944016503725937,0.03236429041178379
2025-11-01,2025-11-28,MSFT,0.08481673446985652,-0.04804679062351325
2025-11-01,2025-11-28,AVGO,0.044514942193526676,0.09017108752291603
2025-11-01,2025-11-28,ORCL,0.009868347964157082,-0.23098892436329066
2025-11-01,2025-11-28,AMD,0.009771141677867305,-0.15067154878022626
2025-11-01,2025-11-28,CSCO,0.006745153285081203,0.052386849824040294
2025-11-01,2025-11-28,IBM,0.006540233637448193,0.009340638725990447
2025-11-01,2025-11-28,CRM,0.0049558729490240885,-0.11470378409843152
2025-11-01,2025-11-28,QCOM,0.0043368996284631235,-0.07081261956918572
2025-11-01,2025-11-28,NOW,0.003933231828288532,-0.11625406759808776
2025-11-01,2025-11-28,INTU,0.0037240707200373495,-0.05013856424817287
2025-11-01,2025-11-28,INTC,0.003807582417724568,0.014253555161292786
2025-11-01,2025-11-28,ACN,0.002971359286514143,-0.00039980987803578394
2025-11-01,2025-11-28,TXN,0.0033513845972037853,0.042177593055693796
2025-11-01,2025-11-28,ADBE,0.0026892520008854927,-0.05929885345876951
2025-11-01,2025-11-28,AMZN,0.05506228608374235,-0.04504135592915348
2025-11-01,2025-11-28,TSLA,0.0316886520684398,-0.05780178787448975
2025-11-01,2025-11-28,HD,0.008740949174233065,-0.05972234885785421
2025-11-01,2025-11-28,MCD,0.005121756026480118,0.0448682878086899
2025-11-01,2025-11-28,BKNG,0.004031626948975881,-0.03211072315776908
2025-11-01,2025-11-28,LOW,0.003156167393624339,0.018267319954678785
2025-11-01,2025-11-28,SBUX,0.002120159557120155,0.08494273863168167
2025-11-01,2025-11-28,NKE,0.0015371866515367248,0.0006193668404756991
2025-11-01,2025-11-28,GM,0.0016311196445013187,0.06411917386398303
2025-11-01,2025-11-28,GOOGL,0.040805983315965084,0.13866064755474672
2025-11-01,2025-11-28,META,0.03218132077011393,-0.0006168941794297833
2025-11-01,2025-11-28,GOOG,0.03284646973662674,0.13590231031724986
2025-11-01,2025-11-28,NFLX,0.01049646599303611,-0.03848559868782542
2025-11-01,2025-11-28,DIS,0.00419789465476226,-0.0723672629489569
2025-11-01,2025-11-28,T,0.0038764378751113015,0.05131320131162953
2025-11-01,2025-11-28,VZ,0.0035524568111983015,0.03447401163814234
2025-11-01,2025-11-28,CMCSA,0.00202597727175816,-0.041307542078357296
2025-11-01,2025-11-28,TMUS,0.002306585586893956,-2.138823669106671e-05
2025-11-01,2025-11-28,BRKB,0.021211922936193076,0.07595172836761388
2025-11-01,2025-11-28,JPM,0.02128183474481882,0.006299787319908878
2025-11-01,2025-11-28,V,0.01290967844407829,-0.016545017602836887
2025-11-01,2025-11-28,MA,0.010044974819291607,-0.0026448881322028717
2025-11-01,2025-11-28,BAC,0.008483195057252622,0.003741853109657134
2025-11-01,2025-11-28,WFC,0.006648879401757706,-0.007688163346064925
2025-11-01,2025-11-28,GS,0.006108529526713633,0.04645475142073474
2025-11-01,2025-11-28,MS,0.004993375128302236,0.03451236065092389
2025-11-01,2025-11-28,AXP,0.0047213161970123315,0.012585488192471628
2025-11-01,2025-11-28,C,0.004388972996842024,0.029514062638188454
2025-11-01,2025-11-28,SCHW,0.0037479118134600958,-0.016152102565908377
2025-11-01,2025-11-28,BLK,0.00354180732462135,-0.03279419429854458
2025-11-01,2025-11-28,COF,0.003325066540246797,-0.0003946867844853985
2025-11-01,2025-11-28,BK,0.0019126648993899066,0.038636199036705676
2025-11-01,2025-11-28,USB,0.0016240585611567615,0.0507711247569369
2025-11-01,2025-11-28,PYPL,0.0011762120942717298,-0.09289838247383742
2025-11-01,2025-11-28,MET,0.0010497261467438852,-0.03391425596427722
2025-11-01,2025-11-28,AIG,0.001025763002039276,-0.035460891765450864
2025-11-01,2025-11-28,LLY,0.018033760014335008,0.24823188160210075
2025-11-01,2025-11-28,JNJ,0.011004937401341508,0.10252443753190588
2025-11-01,2025-11-28,ABBV,0.009647084281405698,0.04430383483406786
2025-11-01,2025-11-28,UNH,0.006955220355148528,-0.03451803962339217
2025-11-01,2025-11-28,ABT,0.004611295082379744,0.042711392609226406
2025-11-01,2025-11-28,MRK,0.005026779626707691,0.21923699664669494
2025-11-01,2025-11-28,TMO,0.004736866079146892,0.04131191869063122
2025-11-01,2025-11-28,ISRG,0.004448120832926361,0.07336967324693577
2025-11-01,2025-11-28,AMGN,0.003713196869813064,0.16584770127552972
2025-11-01,2025-11-28,GILD,0.003511023247175731,0.050504963318552365
2025-11-01,2025-11-28,PFE,0.003013749325892475,0.0626062011718751
2025-11-01,2025-11-28,DHR,0.0029854797632195918,0.05292966615755401
2025-11-01,2025-11-28,MDT,0.0024746516175652203,0.16130107262333127
2025-11-01,2025-11-28,CVS,0.002284609606131295,0.028278902531741368
2025-11-01,2025-11-28,BMY,0.002042247677950846,0.06794015017981891
2025-11-01,2025-11-28,XOM,0.0118190649142884,0.0225070084811112
2025-11-01,2025-11-28,CVX,0.0069761810862563,-0.031081025174791055
2025-11-01,2025-11-28,COP,0.0025731243025865157,0.007347797662214717
2025-11-01,2025-11-28,WMT,0.011107363431994192,0.09221192170935932
2025-11-01,2025-11-28,COST,0.010039469497501664,0.002347961375350316
2025-11-01,2025-11-28,PG,0.007750629047720739,-0.014697013737895004
2025-11-01,2025-11-28,KO,0.006385643310311542,0.061248233797721374
2025-11-01,2025-11-28,PM,0.005536556526534247,0.0911105504358054
2025-11-01,2025-11-28,PEP,0.004320487430960379,0.01813945671095918
2025-11-01,2025-11-28,MO,0.00227980358911952,0.04664770170066124
2025-11-01,2025-11-28,MDLZ,0.001610853755940927,0.0019144071845684785
2025-11-01,2025-11-28,CL,0.0013633266901244953,0.043348514320289855
2025-11-01,2025-11-28,TGT,0.0009032999374430617,-0.010329336878374229
2025-11-01,2025-11-28,GE,0.008515964428701638,-0.033985976588032596
2025-11-01,2025-11-28,CAT,0.0069589083581797,-0.0025984779281746917
2025-11-01,2025-11-28,RTX,0.005768516938113083,-0.016239248619262292
2025-11-01,2025-11-28,UBER,0.0044997035348350485,-0.0928497314453125
2025-11-01,2025-11-28,BA,0.0032161436247209983,-0.059795065252158275
2025-11-01,2025-11-28,UNP,0.002911756961545844,0.05200346129561573
2025-11-01,2025-11-28,HON,0.0028932531711916617,-0.039680494360529894
2025-11-01,2025-11-28,DE,0.0028241513872425935,0.0061954341763810206
2025-11-01,2025-11-28,LMT,0.0022104311993866557,-0.06916318797797572
2025-11-01,2025-11-28,MMM,0.0019322879688237666,0.03777352574652415
2025-11-01,2025-11-28,GD,0.0021493905093890125,-0.009480917089348395
2025-11-01,2025-11-28,EMR,0.0018321971087541698,-0.04020391856537653
2025-11-01,2025-11-28,UPS,0.001505204757506271,0.010736485166886078
2025-11-01,2025-11-28,FDX,0.0012863799513570568,0.08612396872094186
2025-11-01,2025-11-28,LIN,0.004646814311318665,-0.019077183147090282
2025-11-01,2025-11-28,NEE,0.0038220966149169573,0.06725208348625578
2025-11-01,2025-11-28,SO,0.002555538589786338,-0.02307925560140922
2025-11-01,2025-11-28,DUK,0.0023332840153355186,0.005770726284342276
2025-11-01,2025-11-28,AMT,0.0018121558875027397,0.012794781603953087
2025-11-01,2025-11-28,SPG,0.0015323575001042519,0.060082043708712174
2025-11-01,2025-11-28,CASHUSD,0.0016371263125746648,0.0028756501834070747
2025-11-29,2025-12-31,NVDA,0.11035105559077783,0.05373101785259271
2025-11-29,2025-12-31,AAPL,0.09755134581964128,-0.025067288626873463
2025-11-29,2025-12-31,MSFT,0.08074727421307287,-0.01705252092960896
2025-11-29,2025-12-31,AVGO,0.04862302334187556,-0.13946226091925995
2025-11-29,2025-12-31,AMD,0.00831662203955026,-0.015492093670292584
2025-11-29,2025-12-31,ORCL,0.007604807663739441,-0.03486007733371632
2025-11-29,2025-12-31,CSCO,0.007106738529297324,0.0011696970875445523
2025-11-29,2025-12-31,IBM,0.006581392505395116,-0.040086899133102705
2025-11-29,2025-12-31,CRM,0.004399613874340155,0.15093956178170598
2025-11-29,2025-12-31,QCOM,0.004034477936222523,0.022809319599692124
2025-11-29,2025-12-31,INTC,0.0038748821446273627,-0.09023667957324677
2025-11-29,2025-12-31,INTU,0.003541479901651701,0.04469466722887949
2025-11-29,2025-12-31,NOW,0.003480051524753645,-0.05718782692643598
2025-11-29,2025-12-31,ACN,0.0029736912980925126,0.07319994974833244
2025-11-29,2025-12-31,TXN,0.00349682214695018,0.031021551456442698
2025-11-29,2025-12-31,ADBE,0.0025395491797387125,0.09327456001037171
2025-11-29,2025-12-31,AMZN,0.05267206900893519,-0.010290686407351424
2025-11-29,2025-12-31,TSLA,0.02990802001980799,0.045447119005781245
2025-11-29,2025-12-31,HD,0.008234810735247159,-0.02968294585646203
2025-11-29,2025-12-31,MCD,0.005365721538692628,-0.013969569907457013
2025-11-29,2025-12-31,BKNG,0.003905787000036621,0.09174244109582763
2025-11-29,2025-12-31,LOW,0.0032168135546822795,-0.0054437270460167
2025-11-29,2025-12-31,SBUX,0.0022944818904492297,-0.033291374135217766
2025-11-29,2025-12-31,NKE,0.0015473682604894082,-0.007941509561906868
2025-11-29,2025-12-31,GM,0.0017373297787171376,0.10830172605409127
2025-11-29,2025-12-31,GOOGL,0.04634739680105401,-0.021785435629447347
2025-11-29,2025-12-31,GOOG,0.03721691353792407,-0.01910303890317211
2025-11-29,2025-12-31,META,0.032080051477417486,0.019566842209746138
2025-11-29,2025-12-31,NFLX,0.010067335359873471,-0.12846253448226708
2025-11-29,2025-12-31,DIS,0.00388854037952733,0.09638889413765939
2025-11-29,2025-12-31,T,0.004061950244630645,-0.04534972314244956
2025-11-29,2025-12-31,VZ,0.003662940588310673,-0.009243493836568861
2025-11-29,2025-12-31,TMUS,0.002287659327719736,-0.028563273473262152
2025-11-29,2025-12-31,CMCSA,0.0019362720590947516,0.11989513653212902
2025-11-29,2025-12-31,BRKB,0.022832754165100694,-0.02172009831481858
2025-11-29,2025-12-31,JPM,0.02142524890658484,0.029193865604507208
2025-11-29,2025-12-31,V,0.01267661576452782,0.04864843468603319
2025-11-29,2025-12-31,MA,0.01002298574085618,0.03696435453383162
2025-11-29,2025-12-31,BAC,0.008520645146906786,0.030490463164073223
2025-11-29,2025-12-31,WFC,0.006569686501294291,0.08561446393666583
2025-11-29,2025-12-31,GS,0.006400035638214274,0.06938847669752812
2025-11-29,2025-12-31,MS,0.005173563797851935,0.04638681060150973
2025-11-29,2025-12-31,AXP,0.004787959951907584,0.012812514673455233
2025-11-29,2025-12-31,C,0.0044901919221698805,0.12635136195507535
2025-11-29,2025-12-31,SCHW,0.003675664231786834,0.07742908296458428
2025-11-29,2025-12-31,BLK,0.003424469223667959,0.02697381215713035
2025-11-29,2025-12-31,COF,0.003310042668311447,0.106313009014672
2025-11-29,2025-12-31,BK,0.0019859428984661913,0.03559312879134113
2025-11-29,2025-12-31,USB,0.0017058418047742217,0.09838620656717789
2025-11-29,2025-12-31,PYPL,0.0010640716571639704,-0.06875098780682787
2025-11-29,2025-12-31,MET,0.0010065640179524563,0.03108678909817808
2025-11-29,2025-12-31,AIG,0.0009890161484075893,0.12918103609578835
2025-11-29,2025-12-31,LLY,0.022430422742344892,-0.0007344721885141903
2025-11-29,2025-12-31,JNJ,0.012031630311791679,0.0001449462520806133
2025-11-29,2025-12-31,ABBV,0.010054874904353412,0.003469503170660637
2025-11-29,2025-12-31,UNH,0.006704068603373479,0.007761430232629429
2025-11-29,2025-12-31,MRK,0.006121518919650379,0.01268388913416385
2025-11-29,2025-12-31,ABT,0.004802412957130692,-0.028006087915607214
2025-11-29,2025-12-31,TMO,0.004918333017640419,-0.01852355403212569
2025-11-29,2025-12-31,ISRG,0.004760730170408363,-0.012415420519767406
2025-11-29,2025-12-31,AMGN,0.004295064793064894,-0.052538673130979374
2025-11-29,2025-12-31,GILD,0.0036776451371624097,-0.01819242043024627
2025-11-29,2025-12-31,PFE,0.003137955076856504,-0.032633993002384454
2025-11-29,2025-12-31,DHR,0.0031344318239106576,0.010833930840747685
2025-11-29,2025-12-31,MDT,0.0028655315772707587,-0.08130335835874092
2025-11-29,2025-12-31,CVS,0.002350974508105478,-0.012443977430100617
2025-11-29,2025-12-31,BMY,0.0021746863209307684,0.09634140503311617
2025-11-29,2025-12-31,XOM,0.011991462728872403,0.03812978399972944
2025-11-29,2025-12-31,CVX,0.006694051077488926,0.008469483407707923
2025-11-29,2025-12-31,COP,0.00256864149921578,0.05547420125403524
2025-11-29,2025-12-31,WMT,0.012132894027698895,0.010199039908966423
2025-11-29,2025-12-31,COST,0.010064888357294554,-0.05609734037777914
2025-11-29,2025-12-31,PG,0.007639514458783378,-0.03273488152689907
2025-11-29,2025-12-31,KO,0.006771909387739145,-0.037185066685747725
2025-11-29,2025-12-31,PM,0.006036768491622871,0.027832057261259813
2025-11-29,2025-12-31,PEP,0.0043958276072147825,-0.02565706836502024
2025-11-29,2025-12-31,MO,0.002384398170819089,-0.0049950382484201805
2025-11-29,2025-12-31,MDLZ,0.001620859548027662,-0.05635604041064646
2025-11-29,2025-12-31,CL,0.0014215007474734894,-0.017041976582582885
2025-11-29,2025-12-31,TGT,0.0008822176807731322,0.07868015990236343
2025-11-29,2025-12-31,GE,0.008237903843311509,0.03327940801067841
2025-11-29,2025-12-31,CAT,0.0069425791799725715,-0.00501940255812916
2025-11-29,2025-12-31,RTX,0.005653933493543123,0.048539221319997994
2025-11-29,2025-12-31,UBER,0.004082927518973105,-0.06659814679097853
2025-11-29,2025-12-31,BA,0.003024561313738896,0.1487830429480821
2025-11-29,2025-12-31,UNP,0.00306400096970744,0.003636981022114183
2025-11-29,2025-12-31,HON,0.0027625284634259463,0.015089248086406437
2025-11-29,2025-12-31,DE,0.002842343013084291,0.0057923633268195385
2025-11-29,2025-12-31,LMT,0.0020580977150375535,0.06439118903479257
2025-11-29,2025-12-31,MMM,0.001997148883133321,-0.06945652082419584
2025-11-29,2025-12-31,GD,0.0021294701864088745,-0.014547947175574283
2025-11-29,2025-12-31,EMR,0.0017514209068181237,-0.004948297982664829
2025-11-29,2025-12-31,UPS,0.0014957294770328847,0.03549426804389211
2025-11-29,2025-12-31,FDX,0.0013974910368965126,0.053179808615729574
2025-11-29,2025-12-31,LIN,0.004561590349711164,0.04299171889785458
2025-11-29,2025-12-31,NEE,0.004060440050910976,-0.06964888477081488
2025-11-29,2025-12-31,SO,0.0024814736433890314,-0.043020149600676905
2025-11-29,2025-12-31,DUK,0.0023315172846149618,-0.054300494437244384
2025-11-29,2025-12-31,AMT,0.0018323941513635786,-0.022020339213373874
2025-11-29,2025-12-31,SPG,0.0016218210739646559,0.005726617533977629
2025-11-29,2025-12-31,CASHUSD,0.0018898233396613356,0.0033519201726273096
2026-01-01,2026-01-30,NVDA,0.11645270952877709,0.024825733202540334
2026-01-01,2026-01-30,AAPL,0.09523155619775216,-0.045537972790174464
2026-01-01,2026-01-30,MSFT,0.07981072558784952,-0.11027254165731493
2026-01-01,2026-01-30,AVGO,0.0421667583123089,-0.04276233868365542
2026-01-01,2026-01-30,AMD,0.008258699396721445,0.10538845573162892
2026-01-01,2026-01-30,ORCL,0.007490070308788319,-0.15337820870909336
2026-01-01,2026-01-30,CSCO,0.0071260600348364836,0.022187366973509537
2026-01-01,2026-01-30,IBM,0.006372112168555169,0.03541412400324018
2026-01-01,2026-01-30,CRM,0.005058801639380433,-0.1986335169853406
2026-01-01,2026-01-30,INTU,0.00372198015558852,-0.2454350382906586
2026-01-01,2026-01-30,QCOM,0.004103120465782321,-0.11376795224047798
2026-01-01,2026-01-30,ACN,0.0032042612997121656,-0.01736852217751761
2026-01-01,2026-01-30,INTC,0.0036298387083885998,0.2593495745010346
2026-01-01,2026-01-30,NOW,0.0032963865274579004,-0.2361772943963122
2026-01-01,2026-01-30,TXN,0.0036284010212922937,0.250544398871003
2026-01-01,2026-01-30,ADBE,0.0027503105214236614,-0.16211889430431536
2026-01-01,2026-01-30,AMZN,0.05247839704149104,0.036738564502459825
2026-01-01,2026-01-30,TSLA,0.03144428894220717,-0.04293782243658151
2026-01-01,2026-01-30,HD,0.007975106268945195,0.08860792285827368
2026-01-01,2026-01-30,MCD,0.005264683832734337,0.03065801914425359
2026-01-01,2026-01-30,BKNG,0.004255450402976611,-0.0660071191565117
2026-01-01,2026-01-30,LOW,0.00321799089930522,0.11237087561111658
2026-01-01,2026-01-30,SBUX,0.0022255638001846124,0.09191316509679992
2026-01-01,2026-01-30,GM,0.001892507677792676,0.03295620406655719
2026-01-01,2026-01-30,NKE,0.0015306741379665814,-0.02982261721027868
2026-01-01,2026-01-30,GOOGL,0.045576386961864994,0.07987219823468616
2026-01-01,2026-01-30,GOOG,0.036536697913402125,0.07880824747528492
2026-01-01,2026-01-30,META,0.033004296286659934,0.0854580689253095
2026-01-01,2026-01-30,NFLX,0.008803153721717593,-0.1095350260075606
2026-01-01,2026-01-30,DIS,0.004224466931718275,-0.008525917376545067
2026-01-01,2026-01-30,T,0.0038698446520984333,0.06752353193757465
2026-01-01,2026-01-30,VZ,0.003646439881125858,0.11201608507316196
2026-01-01,2026-01-30,CMCSA,0.0021539992768230386,0.07445213570766751
2026-01-01,2026-01-30,TMUS,0.0022229228048989105,-0.02871351685575474
2026-01-01,2026-01-30,BRKB,0.02245227748073497,-0.04400675497022466
2026-01-01,2026-01-30,JPM,0.021943474560565654,-0.04639747673767136
2026-01-01,2026-01-30,V,0.013275276154339946,-0.08234727196630054
2026-01-01,2026-01-30,MA,0.010376503242991348,-0.05479388728048418
2026-01-01,2026-01-30,BAC,0.008654478117696391,-0.03272724468221977
2026-01-01,2026-01-30,WFC,0.00702126360212404,-0.029077291824704088
2026-01-01,2026-01-30,GS,0.006777738926911006,0.06417521075096322
2026-01-01,2026-01-30,MS,0.0054118444655163215,0.03536145846574823
2026-01-01,2026-01-30,C,0.004945121866723753,-0.008398394410614407
2026-01-01,2026-01-30,AXP,0.0048203968726178445,-0.04594587914908632
2026-01-01,2026-01-30,SCHW,0.003899807634990953,0.040136055781824664
2026-01-01,2026-01-30,BLK,0.0035277082787965,0.045406201489593734
2026-01-01,2026-01-30,COF,0.0036622706116041332,-0.09667439811520473
2026-01-01,2026-01-30,USB,0.0018635938210381214,0.05153670500890395
2026-01-01,2026-01-30,BK,0.00204571925136882,0.037567396118057816
2026-01-01,2026-01-30,PYPL,0.0009763028290089223,-0.09746489264606473
2026-01-01,2026-01-30,AIG,0.0010885260672346445,-0.12472247722701357
2026-01-01,2026-01-30,MET,0.0010422270013296891,-0.0007601704429646139
2026-01-01,2026-01-30,LLY,0.022490997275899562,-0.03492213248999376
2026-01-01,2026-01-30,JNJ,0.012092970742863784,0.0980912808379899
2026-01-01,2026-01-30,ABBV,0.010139009386673342,-0.016130780632501618
2026-01-01,2026-01-30,UNH,0.006739816839624046,-0.13080491222323398
2026-01-01,2026-01-30,MRK,0.006130326549455239,0.04759638225486884
2026-01-01,2026-01-30,TMO,0.004824478815699198,-0.0014496294658429276
2026-01-01,2026-01-30,ABT,0.0046742121682840755,-0.12320487477749642
2026-01-01,2026-01-30,ISRG,0.0046743568484010215,-0.10971817525612548
2026-01-01,2026-01-30,AMGN,0.004085691827661766,0.044514501796123485
2026-01-01,2026-01-30,GILD,0.0036066407869950958,0.156509798564491
2026-01-01,2026-01-30,DHR,0.0031377375332531255,-0.04381444176979277
2026-01-01,2026-01-30,PFE,0.0030524180306048475,0.07963444149733134
2026-01-01,2026-01-30,MDT,0.002630435764508446,0.07183014809498656
2026-01-01,2026-01-30,BMY,0.0023928163738616164,0.03263932346038301
2026-01-01,2026-01-30,CVS,0.002330209270525515,-0.0532620634164328
2026-01-01,2026-01-30,XOM,0.012374452104975318,0.1750041058573557
2026-01-01,2026-01-30,CVX,0.006668497888764189,0.16068494344203232
2026-01-01,2026-01-30,COP,0.0026975479032419103,0.11344936389396132
2026-01-01,2026-01-30,WMT,0.012277793076481603,0.06938332215199305
2026-01-01,2026-01-30,COST,0.00953829037447728,0.09183666444008498
2026-01-01,2026-01-30,PG,0.007404862350207493,0.06655201736636562
2026-01-01,2026-01-30,KO,0.0065074336727709995,0.07009011436043622
2026-01-01,2026-01-30,PM,0.006182971652917692,0.11870324931507104
2026-01-01,2026-01-30,PEP,0.004255112623984058,0.07044318400828664
2026-01-01,2026-01-30,MO,0.002338708883085557,0.07509538762611911
2026-01-01,2026-01-30,MDLZ,0.0015133220983405498,0.08619725425562064
2026-01-01,2026-01-30,CL,0.001402548622882754,0.14961892603344196
2026-01-01,2026-01-30,TGT,0.0009550591810044709,0.07897699430215877
2026-01-01,2026-01-30,GE,0.008504243939191672,-0.004025560468486233
2026-01-01,2026-01-30,CAT,0.006947897447892568,0.15017022961203486
2026-01-01,2026-01-30,RTX,0.005978195302679628,0.09558333654656992
2026-01-01,2026-01-30,BA,0.003622090520338656,0.07645544619027844
2026-01-01,2026-01-30,UBER,0.003827624197457218,-0.020315702500482535
2026-01-01,2026-01-30,UNP,0.0030783981837762308,0.016340965791576734
2026-01-01,2026-01-30,HON,0.002809355320002234,0.1662309895604257
2026-01-01,2026-01-30,DE,0.0028632681345605016,0.13409366242534837
2026-01-01,2026-01-30,LMT,0.002169335147112438,0.31126582691444216
2026-01-01,2026-01-30,GD,0.00211493197556793,0.04712236113451751
2026-01-01,2026-01-30,MMM,0.0018677435319004094,-0.04334795622006449
2026-01-01,2026-01-30,EMR,0.0017513997436148752,0.1072935482360815
2026-01-01,2026-01-30,UPS,0.0015611404685562879,0.070874075906884
2026-01-01,2026-01-30,FDX,0.0014717517905558182,0.11559217201322491
2026-01-01,2026-01-30,LIN,0.004748136049152184,0.0717183193277795
2026-01-01,2026-01-30,NEE,0.0038424013688292398,0.0949177481233141
2026-01-01,2026-01-30,SO,0.0023842969852431706,0.024197145673570564
2026-01-01,2026-01-30,DUK,0.002213748059164453,0.03532123161280887
2026-01-01,2026-01-30,AMT,0.0017797966393239145,0.02113108029431232
2026-01-01,2026-01-30,SPG,0.0016159697793612009,0.03349364657652565
2026-01-01,2026-01-30,CASHUSD,0.0013203626741539382,0.0029548113093276207
2026-01-31,2026-02-27,NVDA,0.11848829921582252,-0.07293465552553402
2026-01-31,2026-02-27,AAPL,0.09024332344497778,0.019065677185734042
2026-01-31,2026-02-27,MSFT,0.07050074330866782,-0.08518346673927357
2026-01-31,2026-02-27,AVGO,0.04007432612045853,-0.035466264750798615
2026-01-31,2026-02-27,AMD,0.009063697532350236,-0.15426853239039473
2026-01-31,2026-02-27,CSCO,0.007193472599764671,0.014555691334370069
2026-01-31,2026-02-27,IBM,0.00655042594647662,-0.21232615857322001
2026-01-31,2026-02-27,ORCL,0.006279144738188615,-0.11653910474839224
2026-01-31,2026-02-27,INTC,0.004538420987244215,-0.018506576022391363
2026-01-31,2026-02-27,CRM,0.004024870891035536,-0.08243435545876299
2026-01-31,2026-02-27,TXN,0.004475761644681447,-0.01595916461986735
2026-01-31,2026-02-27,ACN,0.0031260261124702675,-0.2083144074503015
2026-01-31,2026-02-27,QCOM,0.0036102358069196945,-0.06088786473557073
2026-01-31,2026-02-27,INTU,0.0027831777488393143,-0.18016916423634355
2026-01-31,2026-02-27,ADBE,0.0022878497540621536,-0.10516622792119568
2026-01-31,2026-02-27,NOW,0.0024997617621513174,-0.0769165014587525
2026-01-31,2026-02-27,AMZN,0.05425935120278113,-0.12244046250772744
2026-01-31,2026-02-27,TSLA,0.03001294684774735,-0.06482189925675397
2026-01-31,2026-02-27,HD,0.008658338823597844,0.016364613189986166
2026-01-31,2026-02-27,MCD,0.005411445864301193,0.08273008120400571
2026-01-31,2026-02-27,BKNG,0.0039637071135573436,-0.15244187192427772
2026-01-31,2026-02-27,LOW,0.0035539233755650427,-0.009323686540786191
2026-01-31,2026-02-27,SBUX,0.0024235273219872498,0.0728887960059359
2026-01-31,2026-02-27,GM,0.001949572808937763,-0.06297611685538751
2026-01-31,2026-02-27,NKE,0.0014810108845699883,0.005986074052084289
2026-01-31,2026-02-27,GOOGL,0.04895960195757727,-0.07763308563837545
2026-01-31,2026-02-27,GOOG,0.03921034292822974,-0.08005208298073518
2026-01-31,2026-02-27,META,0.035637713810884875,-0.09535243069496913
2026-01-31,2026-02-27,NFLX,0.00779799447537663,0.15271290365588652
2026-01-31,2026-02-27,DIS,0.004166643845478455,-0.05992909533104063
2026-01-31,2026-02-27,VZ,0.003964873922065609,0.1262353213250944
2026-01-31,2026-02-27,T,0.004061891316209364,0.06867610487837683
2026-01-31,2026-02-27,CMCSA,0.0021327636550845606,0.04067222781262636
2026-01-31,2026-02-27,TMUS,0.0021478558651610497,0.10609927512453199
2026-01-31,2026-02-27,BRKB,0.021365812801034594,0.050818915551098076
2026-01-31,2026-02-27,JPM,0.020735919618617614,-0.018274596364674878
2026-01-31,2026-02-27,V,0.012126265969428469,-0.0031998854340845595
2026-01-31,2026-02-27,MA,0.009748340001377767,-0.04005258050851357
2026-01-31,2026-02-27,BAC,0.00833281187297955,-0.06334582585772786
2026-01-31,2026-02-27,WFC,0.006785808485751226,-0.09547673821930902
2026-01-31,2026-02-27,GS,0.007179484009644494,-0.08107675601004549
2026-01-31,2026-02-27,MS,0.0055469154283272586,-0.08911387221072264
2026-01-31,2026-02-27,C,0.004881087859448371,-0.042741653055675566
2026-01-31,2026-02-27,AXP,0.004567746117375716,-0.1228668740231268
2026-01-31,2026-02-27,SCHW,0.004037799560602813,-0.08081714710442855
2026-01-31,2026-02-27,BLK,0.003670758409133936,-0.049788246030212924
2026-01-31,2026-02-27,COF,0.0032929919814644235,-0.10296173802514963
2026-01-31,2026-02-27,USB,0.0019506034579781241,-0.025842093177676162
2026-01-31,2026-02-27,BK,0.00210352206388141,-0.0068378861329145835
2026-01-31,2026-02-27,PYPL,0.0008771057577830147,-0.12298347833062262
2026-01-31,2026-02-27,MET,0.0010366456564687516,-0.07978615009307644
2026-01-31,2026-02-27,AIG,0.0009484035237004665,0.07491994495654763
2026-01-31,2026-02-27,LLY,0.021620046596937496,0.016001348197995702
2026-01-31,2026-02-27,JNJ,0.01322698764876129,0.09901293926035959
2026-01-31,2026-02-27,ABBV,0.009856959087685252,0.040670838653871444
2026-01-31,2026-02-27,MRK,0.006396789705247349,0.12288025054813723
2026-01-31,2026-02-27,UNH,0.005835195784716558,0.022095899708169275
2026-01-31,2026-02-27,TMO,0.004798550100412534,-0.09937618247349678
2026-01-31,2026-02-27,ABT,0.0040616459685804285,0.0645013332651534
2026-01-31,2026-02-27,AMGN,0.0042508463167348015,0.1432362323324019
2026-01-31,2026-02-27,ISRG,0.004145249307862654,-0.0014080985549149716
2026-01-31,2026-02-27,GILD,0.004154791516496945,0.0493131321814535
2026-01-31,2026-02-27,PFE,0.0032284749586204676,0.04576400606845854
2026-01-31,2026-02-27,DHR,0.002988539575420569,-0.0376901695401658
2026-01-31,2026-02-27,MDT,0.0028083271596385786,-0.05147624937975692
2026-01-31,2026-02-27,BMY,0.0024325065963802773,0.132970001991074
2026-01-31,2026-02-27,CVS,0.0021795784369844956,0.07219550735863667
2026-01-31,2026-02-27,XOM,0.014482131983532091,0.08568939336603609
2026-01-31,2026-02-27,CVX,0.007709176165982189,0.06606539059651562
2026-01-31,2026-02-27,COP,0.002991676256190593,0.09702538722477438
2026-01-31,2026-02-27,WMT,0.01307754543534691,0.07394660147891408
2026-01-31,2026-02-27,COST,0.010358614068879328,0.07502261463907423
2026-01-31,2026-02-27,PG,0.007810917753432263,0.10166690606278617
2026-01-31,2026-02-27,KO,0.006935950483322318,0.09022843278304404
2026-01-31,2026-02-27,PM,0.006889435634064352,0.04118369248429743
2026-01-31,2026-02-27,PEP,0.00453681982614775,0.1048623309826402
2026-01-31,2026-02-27,MO,0.002504406781112899,0.11372803185570635
2026-01-31,2026-02-27,MDLZ,0.0016373006368265806,0.053189679674108925
2026-01-31,2026-02-27,CL,0.0015962189532611757,0.09801753125224244
2026-01-31,2026-02-27,TGT,0.0010263810021657557,0.08985773734636604
2026-01-31,2026-02-27,GE,0.008441809233541223,0.11561651248342342
2026-01-31,2026-02-27,CAT,0.007945937457412539,0.13002011866168428
2026-01-31,2026-02-27,RTX,0.006527802292987745,0.01176034298711448
2026-01-31,2026-02-27,BA,0.003886133576574459,-0.026484692833631307
2026-01-31,2026-02-27,UBER,0.0037373794916290117,-0.05783890951033299
2026-01-31,2026-02-27,HON,0.003265470920052337,0.07594649848370083
2026-01-31,2026-02-27,UNP,0.0031182668153542773,0.1329849292316192
2026-01-31,2026-02-27,DE,0.003236443220947079,0.1926325867274845
2026-01-31,2026-02-27,LMT,0.002834994565814191,0.03762105432901541
2026-01-31,2026-02-27,GD,0.0021982685147305717,0.016975674522262896
2026-01-31,2026-02-27,EMR,0.0019328437314504539,0.029731315880959563
2026-01-31,2026-02-27,MMM,0.0017807650995540656,0.08423756307310493
2026-01-31,2026-02-27,UPS,0.0016661584915325966,0.10692081184546831
2026-01-31,2026-02-27,FDX,0.0016364412988577658,0.20093106541300698
2026-01-31,2026-02-27,LIN,0.005069718328598627,0.11184540030427192
2026-01-31,2026-02-27,NEE,0.004196021276925657,0.07405443400283196
2026-01-31,2026-02-27,SO,0.002435592068554678,0.09892400048648242
2026-01-31,2026-02-27,DUK,0.0022858777623282617,0.0874696944202431
2026-01-31,2026-02-27,AMT,0.0018095390858486123,0.07016960590176269
2026-01-31,2026-02-27,SPG,0.0016627699326195674,0.06554815905128697
2026-01-31,2026-02-27,CASHUSD,0.0020696368857211276,0.0026702781605907333
2026-02-28,2026-03-31,NVDA,0.11264983090426889,-0.0156925510196515
2026-02-28,2026-03-31,AAPL,0.09422276562646971,-0.039329287398935486
2026-02-28,2026-03-31,MSFT,0.06599097039872436,-0.05746801520166156
2026-02-28,2026-03-31,AVGO,0.03963981515979024,-0.02938735024803063
2026-02-28,2026-03-31,AMD,0.007862112187689339,0.016083042075494047
2026-02-28,2026-03-31,CSCO,0.0074871662046633826,-0.02353388648353827
2026-02-28,2026-03-31,ORCL,0.005692290741681801,0.011760711533736812
2026-02-28,2026-03-31,IBM,0.005257256035199094,0.009075350157729423
2026-02-28,2026-03-31,INTC,0.004572181630535861,-0.03244901386606058
2026-02-28,2026-03-31,TXN,0.00451324074999036,-0.08472017090839445
2026-02-28,2026-03-31,CRM,0.0037844021058331396,-0.04168590052112686
2026-02-28,2026-03-31,QCOM,0.0034743257234184804,-0.08958396062915486
2026-02-28,2026-03-31,ACN,0.002536039355278097,-0.04997128354093483
2026-02-28,2026-03-31,INTU,0.002338227022710603,0.05708630788823932
2026-02-28,2026-03-31,NOW,0.0023646244782722712,-0.032034061809466885
2026-02-28,2026-03-31,ADBE,0.0020978842710310916,-0.07366335719405293
2026-02-28,2026-03-31,AMZN,0.04886564545270764,-0.008238074893043179
2026-02-28,2026-03-31,TSLA,0.028803917586927946,-0.07642048401115797
2026-02-28,2026-03-31,HD,0.009032642957930697,-0.1303613133348308
2026-02-28,2026-03-31,MCD,0.006017846338138677,-0.0836622156805088
2026-02-28,2026-03-31,LOW,0.0036104561548050518,-0.1069282571864163
2026-02-28,2026-03-31,BKNG,0.003452615297824684,-0.004582145392316828
2026-02-28,2026-03-31,SBUX,0.0026493502340249903,-0.08600290319759629
2026-02-28,2026-03-31,NKE,0.0015277673614971221,-0.1448923352175805
2026-02-28,2026-03-31,GM,0.0018733012874938275,-0.05124641116505224
2026-02-28,2026-03-31,GOOGL,0.04646901929481244,-0.07697458027819137
2026-02-28,2026-03-31,GOOG,0.0371176892355221,-0.07824526424650846
2026-02-28,2026-03-31,META,0.03317491370917529,-0.11657277972725066
2026-02-28,2026-03-31,NFLX,0.00924248736080637,-0.0009351240636769065
2026-02-28,2026-03-31,VZ,0.004603030469276194,0.001196682249432035
2026-02-28,2026-03-31,T,0.004463375275933571,0.03498754334987875
2026-02-28,2026-03-31,DIS,0.004035190970654922,-0.09109773273016697
2026-02-28,2026-03-31,CMCSA,0.0022821465559986036,-0.07267437276808819
2026-02-28,2026-03-31,TMUS,0.002431042889176643,-0.0325210566009575
2026-02-28,2026-03-31,BRKB,0.02303990103528945,-0.05099514680166484
2026-02-28,2026-03-31,JPM,0.02089004998235197,-0.02044621075906372
2026-02-28,2026-03-31,V,0.012378559606744536,-0.05591306229220683
2026-02-28,2026-03-31,MA,0.00960328872573491,-0.033932124520889784
2026-02-28,2026-03-31,BAC,0.008011259614860837,-0.016143084240554106
2026-02-28,2026-03-31,GS,0.006773636352386091,-0.01061901728528003
2026-02-28,2026-03-31,WFC,0.006270884427748195,-0.022590501760459736
2026-02-28,2026-03-31,MS,0.00518935700817338,-0.011650838040554223
2026-02-28,2026-03-31,C,0.0047663382207953,0.029222266759959314
2026-02-28,2026-03-31,AXP,0.004108216048654064,-0.020783367042822798
2026-02-28,2026-03-31,SCHW,0.0037929210105510955,-0.012815038542433821
2026-02-28,2026-03-31,BLK,0.003576732826106191,-0.09044704757406696
2026-02-28,2026-03-31,COF,0.003025083150067965,-0.06752203512554811
2026-02-28,2026-03-31,USB,0.001948524224472057,-0.038656501824909206
2026-02-28,2026-03-31,BK,0.0021421881544745214,-0.003946246159066358
2026-02-28,2026-03-31,AIG,0.0010453375083587845,-0.059586713854066664
2026-02-28,2026-03-31,PYPL,0.0007887573723810221,-0.018244013588284758
2026-02-28,2026-03-31,MET,0.0009712457222221135,-0.018731831077503203
2026-02-28,2026-03-31,LLY,0.022505673076524294,-0.12568550934942924
2026-02-28,2026-03-31,JNJ,0.014839531278259396,-0.016060837619942148
2026-02-28,2026-03-31,ABBV,0.010528665832587582,-0.06286625460440987
2026-02-28,2026-03-31,MRK,0.00736581766393259,-0.021313550137483706
2026-02-28,2026-03-31,UNH,0.00611603767201004,-0.0701617019014652
2026-02-28,2026-03-31,AMGN,0.0049491098823808925,-0.09354384834224738
2026-02-28,2026-03-31,ABT,0.004443509338482909,-0.1175762772111314
2026-02-28,2026-03-31,TMO,0.004439094192789397,-0.05583089188315027
2026-02-28,2026-03-31,GILD,0.004470690100879641,-0.05900309112599611
2026-02-28,2026-03-31,ISRG,0.004244769464718161,-0.08444721794317911
2026-02-28,2026-03-31,PFE,0.0034622247887257603,0.015551542167894006
2026-02-28,2026-03-31,DHR,0.0029490931580842808,-0.09796728729924253
2026-02-28,2026-03-31,BMY,0.0028350608765174592,-0.02757729719562274
2026-02-28,2026-03-31,MDT,0.0027315315375738307,-0.1054939159208832
2026-02-28,2026-03-31,CVS,0.0023964123086231454,-0.10112649066375845
2026-02-28,2026-03-31,XOM,0.01602860972770616,0.11252458228995232
2026-02-28,2026-03-31,CVX,0.008355035144102779,0.10783888779549722
2026-02-28,2026-03-31,COP,0.0033394598281343718,0.16340563179438727
2026-02-28,2026-03-31,WMT,0.014424580883533556,-0.026689618655165503
2026-02-28,2026-03-31,COST,0.011437847848025939,-0.014206749218772075
2026-02-28,2026-03-31,PG,0.008839868834964883,-0.136124362847016
2026-02-28,2026-03-31,KO,0.007769904715354146,-0.061146053997494954
2026-02-28,2026-03-31,PM,0.007361508184724605,-0.1071242698023922
2026-02-28,2026-03-31,PEP,0.005153670399398026,-0.07695670631917928
2026-02-28,2026-03-31,MO,0.0028723988126606414,-0.028161325295722683
2026-02-28,2026-03-31,CL,0.0017987577352788261,-0.14030658764575699
2026-02-28,2026-03-31,MDLZ,0.001769660362357042,-0.05587779955878003
2026-02-28,2026-03-31,TGT,0.001136511854490541,0.06511988287311721
2026-02-28,2026-03-31,GE,0.009646946080849782,-0.16968572342439792
2026-02-28,2026-03-31,CAT,0.009197681892041868,-0.046268992025537026
2026-02-28,2026-03-31,RTX,0.006735489746553286,-0.04797161123097482
2026-02-28,2026-03-31,BA,0.003878617677448889,-0.12525820838088642
2026-02-28,2026-03-31,DE,0.00394944221526949,-0.1028449178148787
2026-02-28,2026-03-31,UNP,0.003596210281676792,-0.08438378061925766
2026-02-28,2026-03-31,UBER,0.003602909103461397,-0.046274170624503674
2026-02-28,2026-03-31,HON,0.0035772799326916787,-0.0720883405003534
2026-02-28,2026-03-31,LMT,0.003009932951777756,-0.07674559156132399
2026-02-28,2026-03-31,GD,0.002287475806715393,-0.03873405519503692
2026-02-28,2026-03-31,MMM,0.001966798640905709,-0.12152197284488209
2026-02-28,2026-03-31,UPS,0.0018611761312355803,-0.15160403844265136
2026-02-28,2026-03-31,EMR,0.002028715150713189,-0.1308789775386352
2026-02-28,2026-03-31,FDX,0.002020747234424898,-0.07590690883383355
2026-02-28,2026-03-31,LIN,0.005781256030118881,-0.02097066482877863
2026-02-28,2026-03-31,NEE,0.004589219138850351,-0.009491320276696191
2026-02-28,2026-03-31,SO,0.002732792248763985,-0.008831361333542231
2026-02-28,2026-03-31,DUK,0.002536977919369515,0.0006878447898461815
2026-02-28,2026-03-31,AMT,0.001995296718067471,-0.1004899188144962
2026-02-28,2026-03-31,SPG,0.0018280064776448838,-0.07440436823166596
2026-02-28,2026-03-31,CASHUSD,0.002154141098962621,0.0028780360926563553
2026-04-01,2026-04-30,NVDA,0.11386901385410374,0.14432340855381232
2026-04-01,2026-04-30,AAPL,0.0923614184281125,0.06919119500662907
2026-04-01,2026-04-30,MSFT,0.06381961547785213,0.1016019642556758
2026-04-01,2026-04-30,AVGO,0.03958851285036646,0.3486801004700968
2026-04-01,2026-04-30,MU,0.009848092312716389,0.5307837400853326
2026-04-01,2026-04-30,AMD,0.008218535342683684,0.7425650248110034
2026-04-01,2026-04-30,CSCO,0.0075291972216652925,0.18566581770202983
2026-04-01,2026-04-30,AMAT,0.007066535645301025,0.15418819941481532
2026-04-01,2026-04-30,LRCX,0.007028436113901134,0.20687064880527628
2026-04-01,2026-04-30,ORCL,0.005964472441235256,0.10090184217532938
2026-04-01,2026-04-30,IBM,0.005457721966198429,-0.04707293516923172
2026-04-01,2026-04-30,INTC,0.004749569751486911,1.140947225700323
2026-04-01,2026-04-30,TXN,0.004235158780654961,0.4478210837502554
2026-04-01,2026-04-30,CRM,0.003665729277837573,-0.05195539708557684
2026-04-01,2026-04-30,QCOM,0.0032154187323230462,0.39447122963218084
2026-04-01,2026-04-30,ACN,0.002450039565298386,-0.09110127483177877
2026-04-01,2026-04-30,INTU,0.0025409367437409947,-0.09870814556667495
2026-04-01,2026-04-30,NOW,0.002367916828345569,-0.1553324248601351
2026-04-01,2026-04-30,ADBE,0.00195696597032805,0.012423910851209863
2026-04-01,2026-04-30,AMZN,0.050153781306517396,0.27267485533749536
2026-04-01,2026-04-30,TSLA,0.027440503883478618,0.026577013807162153
2026-04-01,2026-04-30,HD,0.008044749650367805,-0.00027372582637763543
2026-04-01,2026-04-30,MCD,0.005654530317933125,-0.05534284829916636
2026-04-01,2026-04-30,BKNG,0.0035339398766714757,-0.00031345872408949926
2026-04-01,2026-04-30,LOW,0.0033235007832088,0.015474141597836999
2026-04-01,2026-04-30,SBUX,0.0024986871571784927,0.1756893809777602
2026-04-01,2026-04-30,GM,0.001770537287709047,0.032080587511390535
2026-04-01,2026-04-30,NKE,0.0013392624949464145,-0.16016654757780835
2026-04-01,2026-04-30,GOOGL,0.044212780242833816,0.33815549751246166
2026-04-01,2026-04-30,GOOG,0.035444569252294,0.3314509609892258
2026-04-01,2026-04-30,META,0.030313553850068155,0.06952965147828682
2026-04-01,2026-04-30,NFLX,0.009489398953859357,-0.026417065784899663
2026-04-01,2026-04-30,VZ,0.00475638214896473,-0.028836532254562397
2026-04-01,2026-04-30,T,0.00470191355618439,-0.08922120544763545
2026-04-01,2026-04-30,DIS,0.0037440746736672613,0.07646817759502134
2026-04-01,2026-04-30,CMCSA,0.002153703300619221,-0.047216289107284815
2026-04-01,2026-04-30,TMUS,0.002388419292573571,-0.06918057346672757
2026-04-01,2026-04-30,BRKB,0.022461938286321696,-0.011686156011816218
2026-04-01,2026-04-30,JPM,0.020820296005108107,0.07027821608357754
2026-04-01,2026-04-30,V,0.011958896069360113,0.09131818274260528
2026-04-01,2026-04-30,MA,0.009467314977924106,0.008254138280677115
2026-04-01,2026-04-30,BAC,0.00795427774727451,0.0966153677707351
2026-04-01,2026-04-30,GS,0.006839997762285739,0.09193970585688382
2026-04-01,2026-04-30,WFC,0.006195186806212291,0.032910490313362795
2026-04-01,2026-04-30,MS,0.005250401362180761,0.1643325959836348
2026-04-01,2026-04-30,C,0.00492146669221796,0.12847184882943719
2026-04-01,2026-04-30,AXP,0.004118843219919587,0.07138080745279374
2026-04-01,2026-04-30,SCHW,0.003846405327918645,-0.02489892541239669
2026-04-01,2026-04-30,BLK,0.0033233158846897354,0.1080262820053377
2026-04-01,2026-04-30,COF,0.002842098127230149,0.0486214146410755
2026-04-01,2026-04-30,BK,0.002163253622510362,0.1371775370661188
2026-04-01,2026-04-30,USB,0.001905708714163418,0.0894059157074365
2026-04-01,2026-04-30,LLY,0.02025269994781283,0.016123517111843233
2026-04-01,2026-04-30,JNJ,0.015064434297411711,-0.05968740490420121
2026-04-01,2026-04-30,ABBV,0.010178831994182597,-0.02030828905382931
2026-04-01,2026-04-30,MRK,0.007391118861123998,-0.09236014459873365
2026-04-01,2026-04-30,UNH,0.005820231363998362,0.36915629038311715
2026-04-01,2026-04-30,AMGN,0.004627065324517165,-0.015915917228071952
2026-04-01,2026-04-30,TMO,0.0043113923411517005,-0.025573254389003708
2026-04-01,2026-04-30,ABT,0.004050167397790643,-0.11016279273054008
2026-04-01,2026-04-30,GILD,0.004313872047843556,-0.061203978437128215
2026-04-01,2026-04-30,ISRG,0.004015203405952869,-0.007332056995628111
2026-04-01,2026-04-30,PFE,0.0036259041991117086,-0.04914526683496123
2026-04-01,2026-04-30,BMY,0.0028408928011396913,0.009311438882673162
2026-04-01,2026-04-30,DHR,0.002749248034881553,-0.05617093255502781
2026-04-01,2026-04-30,MDT,0.0024982189619607974,-0.06555106988058612
2026-04-01,2026-04-30,CVS,0.0022254696749167578,0.1698837884047737
2026-04-01,2026-04-30,XOM,0.01820754490342813,-0.09035720966856031
2026-04-01,2026-04-30,CVX,0.009444717396133588,-0.06568384883612577
2026-04-01,2026-04-30,COP,0.003968811843834497,-0.04712122611357228
2026-04-01,2026-04-30,WMT,0.014372145296083636,0.06155450038748733
2026-04-01,2026-04-30,COST,0.011588668944080139,0.018164927743801407
2026-04-01,2026-04-30,PG,0.007794165481528382,0.026014890679600278
2026-04-01,2026-04-30,KO,0.007435260898001469,0.03563449898738713
2026-04-01,2026-04-30,PM,0.006684869996599788,-0.0016329322586903228
2026-04-01,2026-04-30,PEP,0.004841285967595681,0.02060663326027301
2026-04-01,2026-04-30,MO,0.0028101342940215096,0.10092436091263135
2026-04-01,2026-04-30,MDLZ,0.0016894631504709421,0.06592642743405341
2026-04-01,2026-04-30,CL,0.0015851192327190342,0.007749496972195402
2026-04-01,2026-04-30,CAT,0.008988787788710106,0.2587930639661995
2026-04-01,2026-04-30,GE,0.00819749450095747,0.021707734787319577
2026-04-01,2026-04-30,RTX,0.0066155003412525955,-0.08724723782677457
2026-04-01,2026-04-30,BA,0.0035089223400384954,0.15073104649549252
2026-04-01,2026-04-30,UBER,0.0035122364627487583,0.0372584497957098
2026-04-01,2026-04-30,UNP,0.0033940753682699595,0.11070818468036925
2026-04-01,2026-04-30,HON,0.003428563293736278,-0.05176302664033061
2026-04-01,2026-04-30,DE,0.003650150864008853,0.04716848553169872
2026-04-01,2026-04-30,LMT,0.0028322210496684323,-0.14298720807097276
2026-04-01,2026-04-30,GD,0.002268029246852033,0.007806149999530998
2026-04-01,2026-04-30,FDX,0.0019038276040717643,0.1323208018284694
2026-04-01,2026-04-30,MMM,0.0017638713492833754,0.008882518978335474
2026-04-01,2026-04-30,EMR,0.0018177232837982788,0.07189740274865519
2026-04-01,2026-04-30,UPS,0.0016271653084137,0.10591589057731587
2026-04-01,2026-04-30,LIN,0.005811463132583011,0.010852079384433111
2026-04-01,2026-04-30,NEE,0.004693408057254254,0.05383292814903751
2026-04-01,2026-04-30,SO,0.0027876287610090382,0.0018648810437977836
2026-04-01,2026-04-30,DUK,0.0026100853413390922,-0.010615595210305528
2026-04-01,2026-04-30,AMT,0.0018427527758409375,0.06927544280198306
2026-04-01,2026-04-30,SPG,0.0017085335004134714,0.0921031934602814
2026-04-01,2026-04-30,CASHUSD,0.0016836456329129136,0.002889177937330123
2026-05-01,2026-05-29,NVDA,0.11656859048692556,0.05797465881657349
2026-05-01,2026-05-29,AAPL,0.08834328136022698,0.15108708781185798
2026-05-01,2026-05-29,MSFT,0.06289347679381126,0.10651613480487176
2026-05-01,2026-05-29,AVGO,0.047764742969831346,0.07028724002199072
2026-05-01,2026-05-29,MU,0.013487822679742485,0.8775621672650864
2026-05-01,2026-05-29,AMD,0.012802175416227803,0.4558943547170746
2026-05-01,2026-05-29,INTC,0.009104311181763915,0.21380182293102945
2026-05-01,2026-05-29,CSCO,0.007937014989846397,0.31606555375896517
2026-05-01,2026-05-29,LRCX,0.007582575274964238,0.2339254735653289
2026-05-01,2026-05-29,AMAT,0.007290761445695524,0.142283726904052
2026-05-01,2026-05-29,ORCL,0.005849350025005291,0.39897143337977115
2026-05-01,2026-05-29,TXN,0.005492590272316143,0.09304532682545474
2026-05-01,2026-05-29,IBM,0.0046489028283175395,0.2987782515723296
2026-05-01,2026-05-29,QCOM,0.004020258009947847,0.3978171097936003
2026-05-01,2026-05-29,CRM,0.0031066251337585698,0.08253560206969457
2026-05-01,2026-05-29,ACN,0.001981100633806559,0.046779700611487174
2026-05-01,2026-05-29,INTU,0.0020408043550451563,-0.14664092978301968
2026-05-01,2026-05-29,ADBE,0.0017710366219727248,0.05327096719391444
2026-05-01,2026-05-29,NOW,0.0017878280119258934,0.40833434701504134
2026-05-01,2026-05-29,AMZN,0.05733129148781783,0.021051901989134425
2026-05-01,2026-05-29,TSLA,0.02530203468472685,0.14191757191298504
2026-05-01,2026-05-29,HD,0.007218292091740698,-0.035462249671705526
2026-05-01,2026-05-29,MCD,0.004794048611322225,-0.04901392384530456
2026-05-01,2026-05-29,BKNG,0.0031705101868261328,-0.005523909607991984
2026-05-01,2026-05-29,LOW,0.003023851942093537,-0.10230743901612216
2026-05-01,2026-05-29,SBUX,0.002636616747228409,-0.05305992910790658
2026-05-01,2026-05-29,GM,0.001640019904227633,0.08258541288629417
2026-05-01,2026-05-29,NKE,0.0010094476660279556,0.04215502616485067
2026-05-01,2026-05-29,GOOGL,0.05263044516454204,-0.011590433880652729
2026-05-01,2026-05-29,GOOG,0.04198173023157313,-0.014426343324953073
2026-05-01,2026-05-29,META,0.028841113983093712,0.03366509422188946
2026-05-01,2026-05-29,NFLX,0.008212191146627594,-0.08108112293341696
2026-05-01,2026-05-29,VZ,0.0040452263483985755,-0.004580416647869789
2026-05-01,2026-05-29,DIS,0.0035909745942954998,-0.018506006447665646
2026-05-01,2026-05-29,T,0.0037762963554116096,-0.05089934812179442
2026-05-01,2026-05-29,CMCSA,0.0018030821553393145,-0.080251479394287
2026-05-01,2026-05-29,TMUS,0.001976224047728905,-0.03556264677498011
2026-05-01,2026-05-29,BRKB,0.019899819522404605,0.0018581183941541735
2026-05-01,2026-05-29,JPM,0.019873383979705807,-0.044440229031380896
2026-05-01,2026-05-29,V,0.01169991600993329,-0.00849938674207662
2026-05-01,2026-05-29,MA,0.008544309686095024,-0.01777619144737186
2026-05-01,2026-05-29,BAC,0.007813182193540207,-0.03479240097032088
2026-05-01,2026-05-29,GS,0.006700562506495691,0.11018978623018216
2026-05-01,2026-05-29,WFC,0.00574183850574541,-0.05164405244447934
2026-05-01,2026-05-29,MS,0.005446613956364928,0.09134794058783524
2026-05-01,2026-05-29,C,0.004974572620269486,-0.01159903155426767
2026-05-01,2026-05-29,AXP,0.003950080467636041,-0.020368323234491226
2026-05-01,2026-05-29,BLK,0.003298127637947777,-0.017567578931992123
2026-05-01,2026-05-29,SCHW,0.0033690203682485704,-0.04339335314758119
2026-05-01,2026-05-29,COF,0.00267874180108655,-0.013399419759808406
2026-05-01,2026-05-29,BK,0.0021946818105587134,0.03765719835131942
2026-05-01,2026-05-29,USB,0.0018595533741685966,-0.03194495902162775
2026-05-01,2026-05-29,LLY,0.01845349592108319,0.18435930198875172
2026-05-01,2026-05-29,JNJ,0.012702429950334212,-0.014027080287755234
2026-05-01,2026-05-29,ABBV,0.008861735442551094,0.03028579251686825
2026-05-01,2026-05-29,UNH,0.0071515453614358175,0.026533131703182278
2026-05-01,2026-05-29,MRK,0.006010963062579968,0.08737871320821267
2026-05-01,2026-05-29,AMGN,0.004089531519767988,-0.01997614041668483
2026-05-01,2026-05-29,TMO,0.0037726852615882654,0.028290542338452962
2026-05-01,2026-05-29,ISRG,0.003571242389662207,-0.0720481889786464
2026-05-01,2026-05-29,GILD,0.003628755072211589,0.02743808242154011
2026-05-01,2026-05-29,ABT,0.0032090918182837115,-0.05716491231490484
2026-05-01,2026-05-29,PFE,0.003097929690597574,-0.003290424134530845
2026-05-01,2026-05-29,BMY,0.002542969769793844,-0.056279911517155945
2026-05-01,2026-05-29,DHR,0.0023250495366951333,0.020787936765257697
2026-05-01,2026-05-29,CVS,0.002312550360358104,0.09232803886273744
2026-05-01,2026-05-29,MDT,0.0021001475587444276,-0.08842785666500208
2026-05-01,2026-05-29,XOM,0.014856179860682146,-0.052381628320331775
2026-05-01,2026-05-29,CVX,0.00791934291294443,-0.04748234436443133
2026-05-01,2026-05-29,COP,0.0034001338150591864,-0.08708011551750061
2026-05-01,2026-05-29,WMT,0.013674743136568319,-0.12096638409584581
2026-05-01,2026-05-29,COST,0.010577773070325177,-0.056008575985409315
2026-05-01,2026-05-29,PG,0.007108463726343877,-0.023998904529087595
2026-05-01,2026-05-29,KO,0.006896321992459329,0.0031741222026810956
2026-05-01,2026-05-29,PM,0.005987923642261323,0.07457440487305078
2026-05-01,2026-05-29,PEP,0.0044252260082180495,-0.09022646730730799
2026-05-01,2026-05-29,MO,0.0027707403373392974,-0.04225739876464407
2026-05-01,2026-05-29,MDLZ,0.001612845203533966,-0.004394538798806247
2026-05-01,2026-05-29,CL,0.0014218622916287807,0.05588093496906499
2026-05-01,2026-05-29,CAT,0.010099277877217455,-0.01599801200831452
2026-05-01,2026-05-29,GE,0.007489674852021512,0.11668339924967586
2026-05-01,2026-05-29,RTX,0.005408864629130009,0.024640028794563618
2026-05-01,2026-05-29,BA,0.0036107440595648447,0.009256408018542661
2026-05-01,2026-05-29,UNP,0.0033810733055255632,-0.02031866609612798
2026-05-01,2026-05-29,UBER,0.003257749991632912,-0.056426739713610896
2026-05-01,2026-05-29,DE,0.0034281949321820536,-0.08084832731987301
2026-05-01,2026-05-29,HON,0.0029071126287010707,0.1158831307249042
2026-05-01,2026-05-29,LMT,0.0021786494097196687,0.02409412629837293
2026-05-01,2026-05-29,GD,0.002034506830089955,0.007319255360430876
2026-05-01,2026-05-29,FDX,0.0019278275071923955,0.020926772696151064
2026-05-01,2026-05-29,UPS,0.0016091822242610314,-0.0028634727182882402
2026-05-01,2026-05-29,EMR,0.0017424147614929445,0.028206049028082658
2026-05-01,2026-05-29,MMM,0.001591415013956782,0.05051832265074685
2026-05-01,2026-05-29,LIN,0.005263110409245914,-0.006884349958141911
2026-05-01,2026-05-29,NEE,0.004435552029480011,-0.11105428201320311
2026-05-01,2026-05-29,SO,0.002504557915483191,-0.04020514566551425
2026-05-01,2026-05-29,DUK,0.0023157992949188856,-0.04445734225242293
2026-05-01,2026-05-29,AMT,0.0017450290746143845,0.023260954957493363
2026-05-01,2026-05-29,SPG,0.0016690283305742567,0.005890667235118219
2026-05-01,2026-05-29,CASHUSD,0.0014175059295906164,0.003174048591475742
