from_date,thru_date,identifier,weight,return
2021-06-01,2021-06-30,AAPL,0.08626666361288653,0.0991092746537987
2021-06-01,2021-06-30,MSFT,0.08261207640848096,0.08498864428382258
2021-06-01,2021-06-30,AMZN,0.06052008432164058,0.06735498737093981
2021-06-01,2021-06-30,GOOGL,0.031094356313754356,0.03603968728082263
2021-06-01,2021-06-30,GOOG,0.03049513832328609,0.039294022395622186
2021-06-01,2021-06-30,BRKB,0.02421029297324153,-0.039800956731970594
2021-06-01,2021-06-30,JPM,0.02198638794773849,-0.05297141973436492
2021-06-01,2021-06-30,TSLA,0.021061237653565157,0.08713734718910104
2021-06-01,2021-06-30,JNJ,0.01951759324539759,-0.026647382144840637
2021-06-01,2021-06-30,NVDA,0.017673303491268694,0.2316220524999364
2021-06-01,2021-06-30,UNH,0.017082583576763483,-0.024309054287017462
2021-06-01,2021-06-30,V,0.016912725692575056,0.028684474681044403
2021-06-01,2021-06-30,HD,0.015062114199010223,0.005180931131724575
2021-06-01,2021-06-30,PG,0.014567463996916651,0.0005932182152432741
2021-06-01,2021-06-30,DIS,0.014226711877812593,-0.01612080885196765
2021-06-01,2021-06-30,BAC,0.014127947653510229,-0.023270695472381364
2021-06-01,2021-06-30,MA,0.01386917087692786,0.012507536917827577
2021-06-01,2021-06-30,PYPL,0.013359493589289855,0.12099082083981183
2021-06-01,2021-06-30,CMCSA,0.011498725858598442,-0.005581245267596846
2021-06-01,2021-06-30,XOM,0.010840435876679651,0.08069205574190952
2021-06-01,2021-06-30,ADBE,0.010610158745095341,0.16064852002322239
2021-06-01,2021-06-30,VZ,0.010255001350883175,-0.008143318125362398
2021-06-01,2021-06-30,INTC,0.010181109544033663,-0.01715693912236782
2021-06-01,2021-06-30,CSCO,0.009797452504823436,0.0018902635453357242
2021-06-01,2021-06-30,NFLX,0.009769160129970818,0.0505161195072068
2021-06-01,2021-06-30,CRM,0.009586036956474203,0.025913579806650544
2021-06-01,2021-06-30,PFE,0.009476701954754379,0.011102401997335365
2021-06-01,2021-06-30,KO,0.009407162820959117,-0.013967752639077347
2021-06-01,2021-06-30,T,0.009207665305972708,-0.022086060027320054
2021-06-01,2021-06-30,ABT,0.009065581621273296,-0.0061722199451024196
2021-06-01,2021-06-30,PEP,0.008953759377808188,0.008871535995966795
2021-06-01,2021-06-30,CVX,0.008792192299437375,0.009153031022134828
2021-06-01,2021-06-30,ABBV,0.00876939258343893,-0.004946954582404239
2021-06-01,2021-06-30,WMT,0.0086379833112297,-0.007111231656150241
2021-06-01,2021-06-30,WFC,0.008473099910531842,-0.030608154978708724
2021-06-01,2021-06-30,AVGO,0.008458694635423734,0.017450851697086378
2021-06-01,2021-06-30,MRK,0.00842408052113518,0.08319304326009935
2021-06-01,2021-06-30,TMO,0.00811079169630198,0.0750847587967054
2021-06-01,2021-06-30,ACN,0.007850771298846966,0.044762228313071084
2021-06-01,2021-06-30,TXN,0.007663088182150663,0.01306494230443489
2021-06-01,2021-06-30,MCD,0.0076499265279151955,-0.012398983059604296
2021-06-01,2021-06-30,NKE,0.007611581551008716,0.1321267288744974
2021-06-01,2021-06-30,MDT,0.0074863903831627,-0.01448516062317895
2021-06-01,2021-06-30,COST,0.007345757589481373,0.045999014919943404
2021-06-01,2021-06-30,C,0.007207404767399889,-0.10113074585295034
2021-06-01,2021-06-30,DHR,0.007122424007769314,0.04852791714802218
2021-06-01,2021-06-30,HON,0.0070454231487381965,-0.05006281759284603
2021-06-01,2021-06-30,LLY,0.006970391356088763,0.14909376327890134
2021-06-01,2021-06-30,LIN,0.006894737753003009,-0.03487251822285731
2021-06-01,2021-06-30,UPS,0.0067736919880658,-0.03089447400456624
2021-06-01,2021-06-30,QCOM,0.006704878299779579,0.06778187218117337
2021-06-01,2021-06-30,UNP,0.006603626833731931,-0.021359018135546082
2021-06-01,2021-06-30,PM,0.006587977937751179,0.040269209152966834
2021-06-01,2021-06-30,BMY,0.006459470447578116,0.016737454519753614
2021-06-01,2021-06-30,ORCL,0.0064067201955635275,-0.011429964770429346
2021-06-01,2021-06-30,NEE,0.006295312492389299,0.006109935351365836
2021-06-01,2021-06-30,LOW,0.006247847629083443,-0.004413894273372798
2021-06-01,2021-06-30,AMGN,0.0060287630853529135,0.024417931604659993
2021-06-01,2021-06-30,MS,0.005987412691337549,0.008136220697696483
2021-06-01,2021-06-30,BA,0.005945233216740422,-0.030200010464087157
2021-06-01,2021-06-30,RTX,0.005913209979269876,-0.03832712536862792
2021-06-01,2021-06-30,SBUX,0.005881601282090212,-0.018177006833551834
2021-06-01,2021-06-30,CAT,0.005767084526734377,-0.09727062281885823
2021-06-01,2021-06-30,IBM,0.0056348461739433855,0.019827516887680252
2021-06-01,2021-06-30,GS,0.005615259145199266,0.02018718329193514
2021-06-01,2021-06-30,BLK,0.005461775602500631,0.0023046786791272034
2021-06-01,2021-06-30,GE,0.005408092634831561,-0.04194542121071965
2021-06-01,2021-06-30,MMM,0.00515812483943041,-0.021719664581987153
2021-06-01,2021-06-30,AMT,0.0050852693833081004,0.06252772085376557
2021-06-01,2021-06-30,TGT,0.004986090618714857,0.0653094052704668
2021-06-01,2021-06-30,CVS,0.00497272169433395,-0.034706280469314565
2021-06-01,2021-06-30,AXP,0.004583882901487713,0.03184913615046292
2021-06-01,2021-06-30,CHTR,0.004308939053560989,0.038759998523619554
2021-06-01,2021-06-30,BKNG,0.004242819877165493,-0.07345170721793326
2021-06-01,2021-06-30,LMT,0.004132966700082069,-0.010073189538180372
2021-06-01,2021-06-30,MO,0.0040133718261629436,-0.014251389430381955
2021-06-01,2021-06-30,MDLZ,0.003935645521622785,-0.01223321763078844
2021-06-01,2021-06-30,GILD,0.0036443273322062674,0.052463276511179435
2021-06-01,2021-06-30,USB,0.0036441200620608272,-0.05579300659432784
2021-06-01,2021-06-30,TMUS,0.0036239112228803856,0.023895448459149593
2021-06-01,2021-06-30,DUK,0.003378710640824363,-0.014967058969541869
2021-06-01,2021-06-30,FDX,0.0033666889723888184,-0.05000282563514724
2021-06-01,2021-06-30,COP,0.0033114514786289455,0.09257263456008169
2021-06-01,2021-06-30,GM,0.0032982898243934782,-0.0023607168361238218
2021-06-01,2021-06-30,COF,0.00323559060539775,-0.03787799102822886
2021-06-01,2021-06-30,CL,0.003117135717278547,-0.029004678054780797
2021-06-01,2021-06-30,SO,0.002960957662689187,-0.05334812382379639
2021-06-01,2021-06-30,EMR,0.0025153268499922745,0.005747603152609138
2021-06-01,2021-06-30,F,0.002486516299776055,0.022711677116195705
2021-06-01,2021-06-30,DOW,0.002232299466393374,-0.07512428089342205
2021-06-01,2021-06-30,MET,0.002150842299235287,-0.08430246467194802
2021-06-01,2021-06-30,AIG,0.0020103131406266797,-0.0935914636191002
2021-06-01,2021-06-30,DD,0.002003473225827145,-0.08487994233808582
2021-06-01,2021-06-30,GD,0.0019372504143589297,-0.008688468935196259
2021-06-01,2021-06-30,EXC,0.0019278196227413902,-0.01795204502390879
2021-06-01,2021-06-30,SPG,0.001856933233000765,0.015487508811381723
2021-06-01,2021-06-30,BK,0.0018485387921104279,-0.01632105621027824
2021-06-01,2021-06-30,BIIB,0.0017924722177687928,0.29456398531167616
2021-06-01,2021-06-30,KHC,0.0012432063323516674,-0.06446443664423285
2021-06-01,2021-06-30,CASHUSD,0.0034627586848004553,-0.00021830148026558138
2021-07-01,2021-07-30,AAPL,0.0917763154824069,0.06498248009044039
2021-07-01,2021-07-30,MSFT,0.0871583750384154,0.051716593004599964
2021-07-01,2021-07-30,AMZN,0.06299703432448138,-0.032722282722282725
2021-07-01,2021-07-30,GOOGL,0.0313707337103844,0.1035060505180192
2021-07-01,2021-07-30,GOOG,0.030487140182491778,0.07903989143259804
2021-07-01,2021-07-30,BRKB,0.022502126526153965,0.001331300731545637
2021-07-01,2021-07-30,TSLA,0.022376728641986546,0.01103427987887895
2021-07-01,2021-07-30,NVDA,0.021293473470568473,-0.025172128320902543
2021-07-01,2021-07-30,JPM,0.020113447227249486,-0.01855049678116616
2021-07-01,2021-07-30,JNJ,0.01853233445119652,0.04528371686416244
2021-07-01,2021-07-30,V,0.01690485868571193,0.05375944973788149
2021-07-01,2021-07-30,UNH,0.01614313655062055,0.02941756166465348
2021-07-01,2021-07-30,PYPL,0.014627160144507318,-0.05472072693717078
2021-07-01,2021-07-30,HD,0.014484129803509086,0.029163610738125456
2021-07-01,2021-07-30,PG,0.014111566362707311,0.06073176373550093
2021-07-01,2021-07-30,MA,0.013646588104045185,0.058354683023895904
2021-07-01,2021-07-30,DIS,0.013642646731341827,0.0014223094032537187
2021-07-01,2021-07-30,BAC,0.01328180368831583,-0.06960925907896731
2021-07-01,2021-07-30,ADBE,0.01195833222266142,0.06145411743420559
2021-07-01,2021-07-30,XOM,0.011407992128871268,-0.08734931790596767
2021-07-01,2021-07-30,CMCSA,0.011167775834634935,0.03617774157952125
2021-07-01,2021-07-30,NFLX,0.010005070887143874,-0.020143488257281073
2021-07-01,2021-07-30,VZ,0.009909337018585955,0.006721899526513031
2021-07-01,2021-07-30,INTC,0.009683952732154371,-0.043106587372704896
2021-07-01,2021-07-30,CRM,0.00966269006362309,-0.00957967391818948
2021-07-01,2021-07-30,CSCO,0.009541440992827633,0.05200067960958665
2021-07-01,2021-07-30,PFE,0.009364079221176455,0.10310893467866467
2021-07-01,2021-07-30,KO,0.008969734510171903,0.05396423379954007
2021-07-01,2021-07-30,ABT,0.008799425721253052,0.047533656730196494
2021-07-01,2021-07-30,T,0.00877816305272177,-0.0016050539470469083
2021-07-01,2021-07-30,PEP,0.008745179986414709,0.059256781033351524
2021-07-01,2021-07-30,CVX,0.008647786592508009,-0.02797393661293124
2021-07-01,2021-07-30,ABBV,0.008498740472120438,0.04400339323511537
2021-07-01,2021-07-30,TMO,0.008470424820856831,0.07045007191624819
2021-07-01,2021-07-30,NKE,0.008414104679332507,0.08427717301276538
2021-07-01,2021-07-30,MRK,0.008412030272646531,-0.011572358658956672
2021-07-01,2021-07-30,AVGO,0.008317022446428705,0.01795164101884983
2021-07-01,2021-07-30,WMT,0.008271489219671472,0.010849424680161812
2021-07-01,2021-07-30,ACN,0.008004616799520314,0.08069054851310686
2021-07-01,2021-07-30,WFC,0.007997252655785088,0.014351941843962823
2021-07-01,2021-07-30,LLY,0.007804436554323368,0.06090976598122411
2021-07-01,2021-07-30,TXN,0.007586520131961306,-0.003207946318919741
2021-07-01,2021-07-30,COST,0.007472012882895282,0.08809233676973705
2021-07-01,2021-07-30,MCD,0.007362899091212801,0.0507380989783246
2021-07-01,2021-07-30,DHR,0.00727743353575048,0.10854815552394448
2021-07-01,2021-07-30,MDT,0.00713523295742664,0.057842513247337024
2021-07-01,2021-07-30,QCOM,0.006887237638117887,0.04806535869827755
2021-07-01,2021-07-30,PM,0.00659858394776395,0.009887980964710774
2021-07-01,2021-07-30,HON,0.006508139816255277,0.06583085832076652
2021-07-01,2021-07-30,UPS,0.00642609703182482,-0.07986745898213243
2021-07-01,2021-07-30,LIN,0.006424437506476037,0.06326542968891213
2021-07-01,2021-07-30,BMY,0.006383364254093659,0.023217589815391237
2021-07-01,2021-07-30,C,0.006247283175493456,-0.03710359500193727
2021-07-01,2021-07-30,UNP,0.006241163675769819,-0.005319784371986769
2021-07-01,2021-07-30,NEE,0.0061401400701626575,0.06304584916268441
2021-07-01,2021-07-30,ORCL,0.006040672269569978,0.12360557077451273
2021-07-01,2021-07-30,AMGN,0.005982588882362574,-0.009066751665631645
2021-07-01,2021-07-30,LOW,0.005857294718529461,-0.002461977944344884
2021-07-01,2021-07-30,MS,0.00583011999094314,0.054471469138702266
2021-07-01,2021-07-30,SBUX,0.005627969059394515,0.08603903908624333
2021-07-01,2021-07-30,BA,0.005625583491705639,-0.0546001083835187
2021-07-01,2021-07-30,IBM,0.005595815755761846,-0.03840627735603597
2021-07-01,2021-07-30,RTX,0.005517714344034748,0.019223976558561118
2021-07-01,2021-07-30,GS,0.005515847378017367,-0.012252046455176968
2021-07-01,2021-07-30,BLK,0.005296375150640819,-0.008914698455914083
2021-07-01,2021-07-30,AMT,0.005247211712183125,0.04686451424415128
2021-07-01,2021-07-30,TGT,0.005108848786228345,0.07987917322414484
2021-07-01,2021-07-30,CAT,0.005092668414077712,-0.0448948920741673
2021-07-01,2021-07-30,GE,0.005047653788991973,-0.03789000257212627
2021-07-01,2021-07-30,MMM,0.0049186256931240974,-0.00347378327536918
2021-07-01,2021-07-30,CVS,0.004692826525355316,-0.006965450631039927
2021-07-01,2021-07-30,AXP,0.0045873429453733,0.03476921703200331
2021-07-01,2021-07-30,CHTR,0.004244650960849618,0.0313257678335892
2021-07-01,2021-07-30,LMT,0.003952989380801014,-0.017655512328842993
2021-07-01,2021-07-30,BKNG,0.0038371337673891027,-0.0044925451845035935
2021-07-01,2021-07-30,MO,0.0037687820670861045,0.0075502805495055725
2021-07-01,2021-07-30,MDLZ,0.00374679335621473,0.013132469557673554
2021-07-01,2021-07-30,GILD,0.0036897471723503156,-0.008277406721512448
2021-07-01,2021-07-30,TMUS,0.003625648005753574,-0.005592866426396892
2021-07-01,2021-07-30,COP,0.0035066807823126954,-0.07243647067939418
2021-07-01,2021-07-30,USB,0.003299136393380526,-0.025101009571353083
2021-07-01,2021-07-30,DUK,0.0032448906585421833,0.06472841535397733
2021-07-01,2021-07-30,GM,0.0032267396000398695,-0.03937803947570406
2021-07-01,2021-07-30,FDX,0.0031114025882994544,-0.061609784773930976
2021-07-01,2021-07-30,COF,0.002983515416108867,0.04531657891626506
2021-07-01,2021-07-30,CL,0.002931966409962296,-0.01747561740717507
2021-07-01,2021-07-30,SO,0.0027364535798088036,0.055528115317142746
2021-07-01,2021-07-30,F,0.0024888731418372455,-0.06123817418764166
2021-07-01,2021-07-30,EMR,0.00246895883765185,0.048316748445867974
2021-07-01,2021-07-30,BIIB,0.002226979297732435,-0.056429891839608004
2021-07-01,2021-07-30,DOW,0.0020192274681316677,-0.017699132563933184
2021-07-01,2021-07-30,MET,0.0019024383717110669,-0.03592304507622357
2021-07-01,2021-07-30,EXC,0.0018499558825558057,0.05619517437297561
2021-07-01,2021-07-30,GD,0.0018409322134717984,0.04789649208650615
2021-07-01,2021-07-30,SPG,0.0018332569087336772,-0.019832650345672054
2021-07-01,2021-07-30,BK,0.0017674982167881525,0.008816362193900806
2021-07-01,2021-07-30,DD,0.0017597191917157323,-0.026554089105119694
2021-07-01,2021-07-30,AIG,0.0017418792942163156,-0.005252278729137694
2021-07-01,2021-07-30,KHC,0.0011206982120999932,-0.05664549254182072
2021-07-01,2021-07-30,CASHUSD,0.00251667019142936,-0.00010956941785278396
2021-07-31,2021-08-31,AAPL,0.09533887034473192,0.04248919774799309
2021-07-31,2021-08-31,MSFT,0.08941333555386205,0.061590939479636564
2021-07-31,2021-08-31,AMZN,0.05943713122899524,0.043034169499993835
2021-07-31,2021-08-31,GOOGL,0.03376399630460331,0.07400919030438424
2021-07-31,2021-08-31,GOOG,0.03208833362766401,0.07573569121232304
2021-07-31,2021-08-31,TSLA,0.022067229963366464,0.07060538379906944
2021-07-31,2021-08-31,BRKB,0.02197877521595454,0.02687836515532882
2021-07-31,2021-08-31,NVDA,0.020247944982598888,0.14821024098112145
2021-07-31,2021-08-31,JPM,0.01914511234634358,0.05382820052980164
2021-07-31,2021-08-31,JNJ,0.018895613961498234,0.011375350354610125
2021-07-31,2021-08-31,V,0.01737612109651948,-0.06890574640788028
2021-07-31,2021-08-31,UNH,0.016209513935459562,0.00982480420584353
2021-07-31,2021-08-31,HD,0.014540695353865136,-0.006124573253400878
2021-07-31,2021-08-31,PG,0.014509585829570206,0.0011248066823652536
2021-07-31,2021-08-31,MA,0.014071045235425992,-0.10289172874948638
2021-07-31,2021-08-31,PYPL,0.013487326861238769,0.047653531480730704
2021-07-31,2021-08-31,DIS,0.013326386922219657,0.029996613204032352
2021-07-31,2021-08-31,ADBE,0.012381175875725334,0.06767692517054358
2021-07-31,2021-08-31,BAC,0.012053592584899707,0.08837310616533967
2021-07-31,2021-08-31,CMCSA,0.011239145238858411,0.031446591407367386
2021-07-31,2021-08-31,XOM,0.010155704206080274,-0.03864499971809121
2021-07-31,2021-08-31,PFE,0.009985327711358368,0.07615021236067743
2021-07-31,2021-08-31,CRM,0.009729400024825401,0.09647404665635406
2021-07-31,2021-08-31,CSCO,0.009723178119966416,0.06592018525448862
2021-07-31,2021-08-31,VZ,0.009622590658079471,-0.013983207421896737
2021-07-31,2021-08-31,NFLX,0.009562445577775937,0.09973527738900967
2021-07-31,2021-08-31,KO,0.009221588889917809,-0.01262493542820109
2021-07-31,2021-08-31,INTC,0.00903876858547793,0.01286856467979125
2021-07-31,2021-08-31,PEP,0.009035657633048436,-0.003568257678138065
2021-07-31,2021-08-31,ABT,0.008957157933410894,0.044552802236149214
2021-07-31,2021-08-31,NKE,0.008899086821393688,-0.0149134373513925
2021-07-31,2021-08-31,TMO,0.00884464515387756,0.027665971357256236
2021-07-31,2021-08-31,ABBV,0.008559059720850092,0.03852121024870958
2021-07-31,2021-08-31,ACN,0.00841440043287866,0.059430885598533045
2021-07-31,2021-08-31,T,0.008345233590529598,-0.02245985103646042
2021-07-31,2021-08-31,AVGO,0.008258438017746741,0.024330511255995058
2021-07-31,2021-08-31,CVX,0.008199433620000687,-0.036689248586502465
2021-07-31,2021-08-31,WMT,0.008155880285987785,0.04275691703578954
2021-07-31,2021-08-31,MRK,0.008110356682102866,-0.007545613165462761
2021-07-31,2021-08-31,LLY,0.008076654697450026,0.0641644364858136
2021-07-31,2021-08-31,COST,0.007916025853673864,0.05996937178948469
2021-07-31,2021-08-31,WFC,0.007912811202830055,-0.0008942857407786553
2021-07-31,2021-08-31,DHR,0.007868843075159886,0.08965011938155887
2021-07-31,2021-08-31,MCD,0.007546133609807134,-0.01626689017056515
2021-07-31,2021-08-31,MDT,0.007362691114881356,0.016525789775224897
2021-07-31,2021-08-31,TXN,0.007335418431916133,0.0015212757464839743
2021-07-31,2021-08-31,QCOM,0.0070411223320860855,-0.020760995173371044
2021-07-31,2021-08-31,HON,0.006766425232561843,-0.004086368847909583
2021-07-31,2021-08-31,LIN,0.0066630379134883545,0.023423061248513122
2021-07-31,2021-08-31,ORCL,0.006596256134668569,0.02283653644230621
2021-07-31,2021-08-31,PM,0.006500127704597232,0.029073827195391644
2021-07-31,2021-08-31,NEE,0.006366771543786294,0.08311047985114861
2021-07-31,2021-08-31,BMY,0.00632435889233087,-0.014881348241829073
2021-07-31,2021-08-31,UNP,0.006055261507179716,-0.003963796389243823
2021-07-31,2021-08-31,SBUX,0.005962036632709239,-0.028691167876702783
2021-07-31,2021-08-31,MS,0.005952911172249393,0.08803914445298
2021-07-31,2021-08-31,C,0.005824221440082694,0.06344288847805868
2021-07-31,2021-08-31,AMGN,0.005782638375941803,-0.05907262541493541
2021-07-31,2021-08-31,UPS,0.005767498407451603,0.027715879205214566
2021-07-31,2021-08-31,LOW,0.005675932707610189,0.05812434640782138
2021-07-31,2021-08-31,RTX,0.005485749815753843,-0.019335476930858908
2021-07-31,2021-08-31,TGT,0.005381532909365824,-0.05065089002093326
2021-07-31,2021-08-31,AMT,0.005358304464558941,0.033133161517175935
2021-07-31,2021-08-31,GS,0.005314025241645823,0.10840626320915958
2021-07-31,2021-08-31,IBM,0.005248695240626468,0.0070636453725068105
2021-07-31,2021-08-31,BA,0.005187720573008402,-0.030819480127225796
2021-07-31,2021-08-31,BLK,0.005119694413216819,0.08777972845429005
2021-07-31,2021-08-31,MMM,0.004781015392059336,-0.00865660184491246
2021-07-31,2021-08-31,GE,0.004737047264389167,0.017471134808495714
2021-07-31,2021-08-31,CAT,0.0047191074387124225,0.019927514997879703
2021-07-31,2021-08-31,AXP,0.004618312579996845,-0.02679849886607033
2021-07-31,2021-08-31,CVS,0.004518243610181484,0.04893160709657396
2021-07-31,2021-08-31,CHTR,0.004270715495208148,0.09758750963351415
2021-07-31,2021-08-31,LMT,0.003787999376565134,-0.02493473683894032
2021-07-31,2021-08-31,BKNG,0.003728269089918866,0.055737243143717974
2021-07-31,2021-08-31,MO,0.003703899962554503,0.045586963533607916
2021-07-31,2021-08-31,MDLZ,0.0037026555815827056,-0.01881110285133436
2021-07-31,2021-08-31,GILD,0.003569299420771768,0.06574879569074099
2021-07-31,2021-08-31,TMUS,0.003516931721541967,-0.04860416203189555
2021-07-31,2021-08-31,DUK,0.003370094766869892,0.0049579900373544206
2021-07-31,2021-08-31,COP,0.0031488023507186143,-0.009454108850865062
2021-07-31,2021-08-31,USB,0.00313729182672949,0.03330936815444452
2021-07-31,2021-08-31,COF,0.003041889285558368,0.03401046189279455
2021-07-31,2021-08-31,GM,0.003023638364638675,-0.13775512057907924
2021-07-31,2021-08-31,FDX,0.0028482843460295804,-0.05093761314485523
2021-07-31,2021-08-31,SO,0.002817485916977598,0.039561512365688944
2021-07-31,2021-08-31,CL,0.002794983361070931,-0.019497086977030786
2021-07-31,2021-08-31,EMR,0.0025247452933622955,0.05078197567432041
2021-07-31,2021-08-31,F,0.0022790837498466564,-0.0659497774861445
2021-07-31,2021-08-31,BIIB,0.0020498065557930135,0.03727846315375949
2021-07-31,2021-08-31,DOW,0.0019348050143160847,0.02285627450972494
2021-07-31,2021-08-31,EXC,0.001905873156721799,0.05582557656244025
2021-07-31,2021-08-31,GD,0.001869578711711046,0.021833419162002876
2021-07-31,2021-08-31,MET,0.0017891087422014906,0.0830866528633385
2021-07-31,2021-08-31,SPG,0.0017340448841994625,0.06267762681097411
2021-07-31,2021-08-31,BK,0.0017274081856832105,0.07578375485769384
2021-07-31,2021-08-31,AIG,0.0016901804549436094,0.1522706267093823
2021-07-31,2021-08-31,DD,0.0016641521529501839,-0.013724156787570663
2021-07-31,2021-08-31,KHC,0.0010311770319626514,-0.05398933791733951
2021-07-31,2021-08-31,CASHUSD,0.003181882144885558,-0.00010889037059647055
2021-09-01,2021-09-30,AAPL,0.09600935879602979,-0.06803672692697149
2021-09-01,2021-09-30,MSFT,0.09165385202716989,-0.0661185159516442
2021-09-01,2021-09-30,AMZN,0.05997583480632911,-0.05351810876292584
2021-09-01,2021-09-30,GOOGL,0.0350812629640845,-0.07616930090680951
2021-09-01,2021-09-30,GOOG,0.033394433202257726,-0.08384682493086537
2021-09-01,2021-09-30,TSLA,0.02285592559553686,0.05404233150359361
2021-09-01,2021-09-30,NVDA,0.022487914548353898,-0.07455874593812373
2021-09-01,2021-09-30,BRKB,0.021834630057543637,-0.04489619997029082
2021-09-01,2021-09-30,JPM,0.01951860002576596,0.023382171259888507
2021-09-01,2021-09-30,JNJ,0.018379063420708875,-0.06717515235864069
2021-09-01,2021-09-30,UNH,0.015835686648922546,-0.05803555350240752
2021-09-01,2021-09-30,V,0.015630659337727525,-0.027717191407275688
2021-09-01,2021-09-30,PG,0.014052831437548732,-0.018189252062338346
2021-09-01,2021-09-30,HD,0.013981097831454676,0.011493691407439943
2021-09-01,2021-09-30,PYPL,0.013669975374922282,-0.09855884173299856
2021-09-01,2021-09-30,DIS,0.013279125842441649,-0.06690561621900448
2021-09-01,2021-09-30,ADBE,0.012788617465025715,-0.13255995161329337
2021-09-01,2021-09-30,BAC,0.012691657713807408,0.02197694047248011
2021-09-01,2021-09-30,MA,0.01221204952255627,0.0041881331755291296
2021-09-01,2021-09-30,CMCSA,0.01121504582801603,-0.07827946728080104
2021-09-01,2021-09-30,PFE,0.010395767073610408,-0.06642049127565997
2021-09-01,2021-09-30,CRM,0.010320607694721703,0.02243011064023226
2021-09-01,2021-09-30,NFLX,0.010173714709738942,0.07229574959382679
2021-09-01,2021-09-30,CSCO,0.010026614102162565,-0.07777034349945178
2021-09-01,2021-09-30,XOM,0.009304502721568863,0.0788700144143748
2021-09-01,2021-09-30,VZ,0.009179098675025274,-0.01800016707792218
2021-09-01,2021-09-30,ABT,0.009051618402545534,-0.06520539416057869
2021-09-01,2021-09-30,KO,0.008808699968015737,-0.061161654846365376
2021-09-01,2021-09-30,INTC,0.008799772196490285,-0.014428450797842829
2021-09-01,2021-09-30,TMO,0.00879343970738502,0.02999533015117395
2021-09-01,2021-09-30,PEP,0.008710286858642129,-0.03164532291790856
2021-09-01,2021-09-30,ACN,0.008624227293588624,-0.04944133393082184
2021-09-01,2021-09-30,ABBV,0.008599312582354798,-0.10688871061498517
2021-09-01,2021-09-30,NKE,0.008466953178925101,-0.11842880018707058
2021-09-01,2021-09-30,DHR,0.008295041671411707,-0.06018476891180635
2021-09-01,2021-09-30,LLY,0.008288293937119212,-0.10546301313070638
2021-09-01,2021-09-30,WMT,0.008197562863709365,-0.0588791877166166
2021-09-01,2021-09-30,AVGO,0.008183859772530762,-0.01755024824738538
2021-09-01,2021-09-30,COST,0.008117628165167508,-0.013480154618763285
2021-09-01,2021-09-30,T,0.007892150028501391,-0.01495259584913844
2021-09-01,2021-09-30,MRK,0.007787092996132094,-0.0066439307346171095
2021-09-01,2021-09-30,WFC,0.007615077677321892,0.01553585786766054
2021-09-01,2021-09-30,CVX,0.00753971067583957,0.04836222203885043
2021-09-01,2021-09-30,MDT,0.007240630329736859,-0.056295986527347464
2021-09-01,2021-09-30,MCD,0.007142424842956864,0.015370965092988298
2021-09-01,2021-09-30,TXN,0.007107336624635894,0.006809459819624442
2021-09-01,2021-09-30,QCOM,0.006670394876372682,-0.1166357119632011
2021-09-01,2021-09-30,NEE,0.006640912468079323,-0.06512685354512082
2021-09-01,2021-09-30,LIN,0.006597000289529706,-0.06426088613855019
2021-09-01,2021-09-30,ORCL,0.006527135286778188,-0.02243918329804251
2021-09-01,2021-09-30,HON,0.006493500426612523,-0.08464482004370333
2021-09-01,2021-09-30,PM,0.006471388620392504,-0.06834818650387908
2021-09-01,2021-09-30,MS,0.0062660498753070604,-0.06817956428657601
2021-09-01,2021-09-30,BMY,0.006027283892649568,-0.10780480394481162
2021-09-01,2021-09-30,C,0.005991988051734982,-0.024057752227927276
2021-09-01,2021-09-30,LOW,0.005810318282321672,-0.005051727145769291
2021-09-01,2021-09-30,UNP,0.005806581075636598,-0.09606170686417126
2021-09-01,2021-09-30,UPS,0.005704119325687492,-0.06916121021128296
2021-09-01,2021-09-30,GS,0.0056706920881154435,-0.08580232594963733
2021-09-01,2021-09-30,SBUX,0.005580687693783249,-0.06111182346246957
2021-09-01,2021-09-30,BLK,0.005387598681721103,-0.10704091786062986
2021-09-01,2021-09-30,AMT,0.005355624802304362,-0.08735365318493737
2021-09-01,2021-09-30,AMGN,0.00522347302146828,-0.057110070311720884
2021-09-01,2021-09-30,RTX,0.005173435976407013,0.014157163533138117
2021-09-01,2021-09-30,IBM,0.005055402531936767,-0.010047185889653809
2021-09-01,2021-09-30,TGT,0.00492563841092726,-0.0737308257503716
2021-09-01,2021-09-30,BA,0.004864182123217157,0.0020045669312358516
2021-09-01,2021-09-30,GE,0.004680539939164503,-0.02181848863726843
2021-09-01,2021-09-30,CAT,0.004656351907008331,-0.08962869538872353
2021-09-01,2021-09-30,CVS,0.0045850335461015065,-0.017710630636492142
2021-09-01,2021-09-30,MMM,0.004550568195561382,-0.09920912821244765
2021-09-01,2021-09-30,CHTR,0.00453499650104024,-0.10910290514528342
2021-09-01,2021-09-30,AXP,0.0043482399780833585,0.00945998259187042
2021-09-01,2021-09-30,BKNG,0.0038084212346838108,0.03226532975428231
2021-09-01,2021-09-30,MO,0.0037466535130832855,-0.07718472015883748
2021-09-01,2021-09-30,GILD,0.00368011047182961,-0.03058475227579871
2021-09-01,2021-09-30,LMT,0.0035476472571031054,-0.04085604087695116
2021-09-01,2021-09-30,MDLZ,0.0035147390760150946,-0.0570489504037166
2021-09-01,2021-09-30,DUK,0.003246386873767435,-0.06755212031819557
2021-09-01,2021-09-30,TMUS,0.0032370438570547503,-0.06758155904154006
2021-09-01,2021-09-30,USB,0.003136243087854566,0.04366614097943078
2021-09-01,2021-09-30,COF,0.003020493491914086,-0.024100915304541393
2021-09-01,2021-09-30,COP,0.003017482964306665,0.22042121727578468
2021-09-01,2021-09-30,SO,0.002805085051038305,-0.05720359215976123
2021-09-01,2021-09-30,CL,0.0026512367091694336,-0.030404029384952014
2021-09-01,2021-09-30,FDX,0.002615214189177194,-0.17230521319169068
2021-09-01,2021-09-30,EMR,0.0025541731466543227,-0.10710891107070242
2021-09-01,2021-09-30,GM,0.00252219926723758,0.07549485523331345
2021-09-01,2021-09-30,F,0.002059408506069275,0.08672288286324248
2021-09-01,2021-09-30,BIIB,0.0020570208462427,-0.16499959524206376
2021-09-01,2021-09-30,EXC,0.0019313053658086903,-0.013872016817257582
2021-09-01,2021-09-30,DOW,0.0018941409215515676,-0.08489674840140748
2021-09-01,2021-09-30,AIG,0.0018841750370580373,0.011997887048268652
2021-09-01,2021-09-30,MET,0.0018598831936050579,-0.004354806906447295
2021-09-01,2021-09-30,GD,0.0018480487057689907,-0.021366906535419727
2021-09-01,2021-09-30,BK,0.0017978040381141096,-0.061209506654180346
2021-09-01,2021-09-30,SPG,0.0017827514000770069,-0.02242476355784484
2021-09-01,2021-09-30,DD,0.0015878975959691317,-0.08146448871245571
2021-09-01,2021-09-30,KHC,0.0009333673695971798,0.023061960424753503
2021-09-01,2021-09-30,CASHUSD,0.004452881765265425,0.00010890222900061808
2021-10-01,2021-10-29,AAPL,0.09418543459138251,0.05865730111683165
2021-10-01,2021-10-29,MSFT,0.089799764497056,0.17629063980068915
2021-10-01,2021-10-29,AMZN,0.06064485631969323,0.02660245759664326
2021-10-01,2021-10-29,GOOGL,0.03411913374936989,0.10749895981973356
2021-10-01,2021-10-29,GOOG,0.03183007993407823,0.11259485861621976
2021-10-01,2021-10-29,TSLA,0.026671552522449057,0.436529595729082
2021-10-01,2021-10-29,NVDA,0.021881639315092228,0.23416656944362457
2021-10-01,2021-10-29,BRKB,0.021444978037988498,0.05154981753632559
2021-10-01,2021-10-29,JPM,0.020732503435237876,0.04413057634579398
2021-10-01,2021-10-29,JNJ,0.018020356328445095,0.008544973922489207
2021-10-01,2021-10-29,V,0.015933993717919093,-0.04929294455752764
2021-10-01,2021-10-29,UNH,0.015616647856190952,0.17845616394441866
2021-10-01,2021-10-29,HD,0.014793868637663422,0.13245572987295096
2021-10-01,2021-10-29,PG,0.01438403261453736,0.029158860889894056
2021-10-01,2021-10-29,BAC,0.013324072578987167,0.12555942520761976
2021-10-01,2021-10-29,DIS,0.013029719792097029,-0.000591138171323391
2021-10-01,2021-10-29,PYPL,0.012959808415900392,-0.10614500687360551
2021-10-01,2021-10-29,MA,0.012838110835113655,-0.03375551457016268
2021-10-01,2021-10-29,ADBE,0.011625485068431843,0.12964638790848237
2021-10-01,2021-10-29,NFLX,0.01145003340728058,0.13102529379150107
2021-10-01,2021-10-29,CRM,0.011168730743947149,0.10497005790621006
2021-10-01,2021-10-29,CMCSA,0.010858324233634083,-0.07639086239210302
2021-10-01,2021-10-29,XOM,0.01055496064714527,0.09605597134050159
2021-10-01,2021-10-29,PFE,0.010221250344766657,0.01697277344358228
2021-10-01,2021-10-29,CSCO,0.00972254919456398,0.035239857702454414
2021-10-01,2021-10-29,TMO,0.009527211630850118,0.1080636121316283
2021-10-01,2021-10-29,VZ,0.009477911164080342,-0.007233542481010158
2021-10-01,2021-10-29,INTC,0.009162118888489905,-0.08033027348927158
2021-10-01,2021-10-29,ABT,0.008876673328789267,0.09529871912394672
2021-10-01,2021-10-29,PEP,0.008811422711005738,0.07439646795406318
2021-10-01,2021-10-29,KO,0.008640217518630863,0.07432850734940777
2021-10-01,2021-10-29,ACN,0.008599099272186323,0.12482861721353866
2021-10-01,2021-10-29,WMT,0.008442808506733398,0.07203336107958913
2021-10-01,2021-10-29,AVGO,0.008432658410633736,0.09638501818749523
2021-10-01,2021-10-29,COST,0.008419815431895392,0.09566084032192035
2021-10-01,2021-10-29,CVX,0.00831603587789683,0.128535855185423
2021-10-01,2021-10-29,DHR,0.00819889548311402,0.024076924881237582
2021-10-01,2021-10-29,T,0.008174245249729132,-0.040604767624569105
2021-10-01,2021-10-29,ABBV,0.008079890784965967,0.07592665982281654
2021-10-01,2021-10-29,WFC,0.008077922909191543,0.10234894744246481
2021-10-01,2021-10-29,MRK,0.008058969158311566,0.1722806862304651
2021-10-01,2021-10-29,NKE,0.007867670918555732,0.1518966630707297
2021-10-01,2021-10-29,LLY,0.0077755950467945315,0.10261830094478452
2021-10-01,2021-10-29,MCD,0.007632147260079951,0.018414829463359927
2021-10-01,2021-10-29,TXN,0.007521531927075495,-0.018601160142804773
2021-10-01,2021-10-29,MDT,0.007140385461292348,-0.043797330983427196
2021-10-01,2021-10-29,NEE,0.006529101102310793,0.08672945584197778
2021-10-01,2021-10-29,LIN,0.006421696513990923,0.08800886971289024
2021-10-01,2021-10-29,PM,0.00626188428662587,-0.0026373061128784903
2021-10-01,2021-10-29,HON,0.006212065957810193,0.029866242808975096
2021-10-01,2021-10-29,QCOM,0.006166804814998444,0.03147750450118547
2021-10-01,2021-10-29,ORCL,0.006083636170426742,0.10494383249580297
2021-10-01,2021-10-29,LOW,0.006078146832740191,0.1567913680808184
2021-10-01,2021-10-29,C,0.0060290535107887745,-0.007392172256767915
2021-10-01,2021-10-29,MS,0.006020457000826818,0.0635199823717898
2021-10-01,2021-10-29,UPS,0.005621392508255496,0.1722681748945627
2021-10-01,2021-10-29,BMY,0.005573024193168343,-0.013013312563729618
2021-10-01,2021-10-29,SBUX,0.005513055768253006,-0.03843704092238431
2021-10-01,2021-10-29,RTX,0.005493998444963848,0.03373666178617385
2021-10-01,2021-10-29,UNP,0.005417976296625579,0.2315699473992061
2021-10-01,2021-10-29,GS,0.0054014047111567475,0.09343183979128278
2021-10-01,2021-10-29,IBM,0.005278153544232306,-0.0995463551478929
2021-10-01,2021-10-29,BA,0.005136570060882969,-0.05869784267893108
2021-10-01,2021-10-29,AMT,0.005120205620232497,0.06239407863305235
2021-10-01,2021-10-29,AMGN,0.005118341316867253,-0.026710636521322773
2021-10-01,2021-10-29,BLK,0.005085612435566309,0.12496117240693794
2021-10-01,2021-10-29,TGT,0.004797266848408625,0.13485177014098126
2021-10-01,2021-10-29,GE,0.004788566766037488,0.017858835026567155
2021-10-01,2021-10-29,CVS,0.004746412795501146,0.05819903191813958
2021-10-01,2021-10-29,AXP,0.00456940754821218,0.039885198119054444
2021-10-01,2021-10-29,CAT,0.004454752891249695,0.06858598943318484
2021-10-01,2021-10-29,MMM,0.004299497849888571,0.018583804388072833
2021-10-01,2021-10-29,BKNG,0.004131399829789102,0.01976091481465092
2021-10-01,2021-10-29,CHTR,0.003911515605099532,-0.07239263165497833
2021-10-01,2021-10-29,COP,0.0038462649873160044,0.10576207598897658
2021-10-01,2021-10-29,GILD,0.003714003020792886,-0.07115234726205266
2021-10-01,2021-10-29,LMT,0.003604941273926132,-0.03703289563640266
2021-10-01,2021-10-29,MO,0.0035580229725675006,-0.03097530507124624
2021-10-01,2021-10-29,MDLZ,0.0034469933499263234,0.04400150510200507
2021-10-01,2021-10-29,USB,0.0033983143176116288,0.01564613283543692
2021-10-01,2021-10-29,GM,0.0032491700483921362,0.03263133830351461
2021-10-01,2021-10-29,DUK,0.003182365844470906,0.045291834892099425
2021-10-01,2021-10-29,TMUS,0.003176255072329274,-0.09964000579747467
2021-10-01,2021-10-29,COF,0.003060978980911709,-0.06754351370244782
2021-10-01,2021-10-29,SO,0.0027809191864884408,0.005647824265414991
2021-10-01,2021-10-29,CL,0.002704482748513451,0.014174189929983871
2021-10-01,2021-10-29,EMR,0.0023878618936495717,0.02983011530302493
2021-10-01,2021-10-29,F,0.0023535794262109244,0.20621458018648275
2021-10-01,2021-10-29,FDX,0.002282735898331666,0.07405714400864682
2021-10-01,2021-10-29,EXC,0.0020025725314992177,0.10033107124663188
2021-10-01,2021-10-29,AIG,0.001993147442263819,0.07651672229217077
2021-10-01,2021-10-29,GD,0.0019334897345760227,0.04049153618571433
2021-10-01,2021-10-29,MET,0.0019003465636383578,0.017333498868466357
2021-10-01,2021-10-29,DOW,0.0018194565120686194,-0.027623269691494978
2021-10-01,2021-10-29,SPG,0.0018103421400607615,0.12779856293650704
2021-10-01,2021-10-29,BIIB,0.0017824811619912872,-0.05763453875200908
2021-10-01,2021-10-29,BK,0.0017500629979178839,0.14854481859991586
2021-10-01,2021-10-29,DD,0.0015117428843942377,0.023680010571394794
2021-10-01,2021-10-29,KHC,0.0010532278289534804,-0.02525815928238062
2021-10-01,2021-10-29,CASHUSD,0.002389726197014815,-0.00010889037059647055
2021-10-30,2021-11-30,MSFT,0.09796930015959629,-0.001281902690435599
2021-10-30,2021-11-30,AAPL,0.09247782726258898,0.10508180399304567
2021-10-30,2021-11-30,AMZN,0.05774299741778009,0.039923701306487036
2021-10-30,2021-11-30,TSLA,0.03553600922707752,0.02761218887377903
2021-10-30,2021-11-30,GOOGL,0.03504845144178245,-0.04153116105657151
2021-10-30,2021-11-30,GOOG,0.0328464977030313,-0.03924240240893706
2021-10-30,2021-11-30,NVDA,0.025047017448296283,0.27805337206606096
2021-10-30,2021-11-30,BRKB,0.020914949743170742,-0.03595695959400913
2021-10-30,2021-11-30,JPM,0.01995706272741435,-0.06510107105280816
2021-10-30,2021-11-30,UNH,0.01706885541528555,-0.03528973403516311
2021-10-30,2021-11-30,JNJ,0.016856026022339352,-0.03639889044649047
2021-10-30,2021-11-30,HD,0.015537886830059394,0.0776620221658384
2021-10-30,2021-11-30,V,0.014049938049418101,-0.0833871461825395
2021-10-30,2021-11-30,BAC,0.01390922099077602,-0.06927585344103404
2021-10-30,2021-11-30,PG,0.013645221758323613,0.011119710752022227
2021-10-30,2021-11-30,ADBE,0.012179556617467283,0.02996800337253136
2021-10-30,2021-11-30,DIS,0.012077526433451873,-0.14295862522821656
2021-10-30,2021-11-30,NFLX,0.01201129450409101,-0.07012785433648494
2021-10-30,2021-11-30,MA,0.011490620754115511,-0.06139716415207086
2021-10-30,2021-11-30,CRM,0.011445743979548574,-0.04915056973128695
2021-10-30,2021-11-30,PYPL,0.010744221986318261,-0.20508194074432873
2021-10-30,2021-11-30,XOM,0.010729675721458632,-0.05934241186914091
2021-10-30,2021-11-30,TMO,0.00979118372551508,-0.0003792656884654688
2021-10-30,2021-11-30,PFE,0.009640769156966579,0.2391776906532579
2021-10-30,2021-11-30,CSCO,0.009272470110520667,-0.020189423120777872
2021-10-30,2021-11-30,CMCSA,0.00926050297063615,-0.02819412940545285
2021-10-30,2021-11-30,ABT,0.008982679628317145,-0.024206759339685524
2021-10-30,2021-11-30,ACN,0.008944199083688481,-0.003874287737779203
2021-10-30,2021-11-30,PEP,0.008780269900270398,-0.011262387918051897
2021-10-30,2021-11-30,MRK,0.008762216025444617,-0.14923336864201564
2021-10-30,2021-11-30,CVX,0.008704134131005107,-0.002755122930307774
2021-10-30,2021-11-30,VZ,0.00862438758677466,-0.051330374514598764
2021-10-30,2021-11-30,KO,0.008609119166922002,-0.06232530308313822
2021-10-30,2021-11-30,AVGO,0.008575177882249535,0.04139800080836431
2021-10-30,2021-11-30,COST,0.008542680907563133,0.09732705446766432
2021-10-30,2021-11-30,NKE,0.008405265128889195,0.011656622191905885
2021-10-30,2021-11-30,WMT,0.008394432803993726,-0.058827467149838775
2021-10-30,2021-11-30,WFC,0.008258873995301869,-0.06246131689575829
2021-10-30,2021-11-30,ABBV,0.007966298058125225,0.005319526852733736
2021-10-30,2021-11-30,LLY,0.007951751793265597,-0.02321623326334943
2021-10-30,2021-11-30,INTC,0.007814955004585686,0.01106407681055721
2021-10-30,2021-11-30,DHR,0.0077875131148505,0.03165790386424572
2021-10-30,2021-11-30,MCD,0.007209066965432506,0.0016536113657652507
2021-10-30,2021-11-30,T,0.007090117721580365,-0.09619945552421605
2021-10-30,2021-11-30,TXN,0.006804247509339013,0.02608297176784946
2021-10-30,2021-11-30,NEE,0.0065805857914973485,0.021497123765821913
2021-10-30,2021-11-30,LOW,0.0064979506272947775,0.04606100311458028
2021-10-30,2021-11-30,LIN,0.0064804125774640215,-0.0033209745903128862
2021-10-30,2021-11-30,MDT,0.006332370803892623,-0.10979480731637925
2021-10-30,2021-11-30,ORCL,0.006212802570046457,-0.054200560549509835
2021-10-30,2021-11-30,UNP,0.0061883524652824005,-0.02386077189353064
2021-10-30,2021-11-30,UPS,0.006111700871022087,-0.06614489728528705
2021-10-30,2021-11-30,HON,0.005933638082740394,-0.07092668984751616
2021-10-30,2021-11-30,QCOM,0.0058995936330689235,0.3571858692692609
2021-10-30,2021-11-30,MS,0.005897736663086842,-0.07744683638742078
2021-10-30,2021-11-30,PM,0.005792508364102295,-0.09096654387215575
2021-10-30,2021-11-30,C,0.005510455256824108,-0.07894730209568268
2021-10-30,2021-11-30,GS,0.005477545622141686,-0.07828708559994002
2021-10-30,2021-11-30,BLK,0.0053066012187912995,-0.04117817900786713
2021-10-30,2021-11-30,RTX,0.005267398519169606,-0.08401186903135194
2021-10-30,2021-11-30,BMY,0.005101612365769442,-0.08167803051687972
2021-10-30,2021-11-30,TGT,0.005049307711274182,-0.057572262577112565
2021-10-30,2021-11-30,AMT,0.005045284276313008,-0.06912075837568799
2021-10-30,2021-11-30,SBUX,0.004916534357555445,0.038114011116861635
2021-10-30,2021-11-30,CVS,0.004631386300307123,-0.0024640634161934294
2021-10-30,2021-11-30,AMGN,0.0046201413154156375,-0.031020056185235734
2021-10-30,2021-11-30,GE,0.004520587091376336,-0.09421203848109705
2021-10-30,2021-11-30,BA,0.004484479341724776,-0.04434136468100702
2021-10-30,2021-11-30,IBM,0.004408034077462472,-0.00782524461414802
2021-10-30,2021-11-30,AXP,0.0043961701025769595,-0.12360456252870511
2021-10-30,2021-11-30,CAT,0.0043907023576297225,-0.05225221405526692
2021-10-30,2021-11-30,MMM,0.004061915505802516,-0.04060961489698067
2021-10-30,2021-11-30,COP,0.003920992117162427,-0.0585313043885165
2021-10-30,2021-11-30,BKNG,0.0039095408022729325,-0.13174669436356878
2021-10-30,2021-11-30,CHTR,0.003364829607529395,-0.0423920709013097
2021-10-30,2021-11-30,MDLZ,0.0033376972127912227,-0.02963446021195526
2021-10-30,2021-11-30,LMT,0.0032199859489271364,0.011307577393483648
2021-10-30,2021-11-30,USB,0.0032011067541093206,-0.08331968414304347
2021-10-30,2021-11-30,GILD,0.003199559279124254,0.06242305415296934
2021-10-30,2021-11-30,MO,0.0031977023091421734,-0.03332557774885947
2021-10-30,2021-11-30,GM,0.00311176586497146,0.06320051008144922
2021-10-30,2021-11-30,DUK,0.0030852524602273143,-0.03973809367786629
2021-10-30,2021-11-30,TMUS,0.0026523721244046095,-0.05407287030108443
2021-10-30,2021-11-30,COF,0.0026471107094553823,-0.06595612680391305
2021-10-30,2021-11-30,F,0.002633080269590776,0.12919362310325733
2021-10-30,2021-11-30,SO,0.0025937744049700775,-0.0092047397551408
2021-10-30,2021-11-30,CL,0.00252857412559926,-0.015356618194694804
2021-10-30,2021-11-30,EMR,0.002280874962989557,-0.08971839875232313
2021-10-30,2021-11-30,FDX,0.0022738597430572542,-0.021908110384216473
2021-10-30,2021-11-30,EXC,0.0020436986302783088,-0.0016582076579065852
2021-10-30,2021-11-30,AIG,0.0019900528307959906,-0.10983255835893735
2021-10-30,2021-11-30,SPG,0.001893696721725827,0.042706837239750994
2021-10-30,2021-11-30,GD,0.001854700352102142,-0.06796559915993172
2021-10-30,2021-11-30,BK,0.001853565537113093,-0.07449318345089351
2021-10-30,2021-11-30,MET,0.0017930076826974766,-0.05886396729125398
2021-10-30,2021-11-30,DOW,0.001640839309165901,-0.006507717845307903
2021-10-30,2021-11-30,BIIB,0.001557894649966317,-0.11601915416366748
2021-10-30,2021-11-30,DD,0.0014353346311490212,0.06680232282118337
2021-10-30,2021-11-30,KHC,0.0009521097758121408,-0.05295159689323525
2021-10-30,2021-11-30,CASHUSD,0.003252998748608563,-0.00021879178555328505
2021-12-01,2021-12-31,AAPL,0.10213921723564343,0.07422885491341047
2021-12-01,2021-12-31,MSFT,0.09775356862050825,0.01733249884500787
2021-12-01,2021-12-31,AMZN,0.06010254467488126,-0.04925196878828486
2021-12-01,2021-12-31,TSLA,0.03655020127928593,-0.07685451947850863
2021-12-01,2021-12-31,GOOGL,0.033622549470217485,0.02082133643462658
2021-12-01,2021-12-31,NVDA,0.0320404392932409,-0.09980985720667424
2021-12-01,2021-12-31,GOOG,0.031585769612775566,0.01563688656671003
2021-12-01,2021-12-31,BRKB,0.02018116425357466,0.08063174441338283
2021-12-01,2021-12-31,JPM,0.018674780771733433,-0.00302208087360345
2021-12-01,2021-12-31,HD,0.01675994771762939,0.04022943219291908
2021-12-01,2021-12-31,UNH,0.016481389029801757,0.13407244548696617
2021-12-01,2021-12-31,JNJ,0.01615145173955258,0.09709500558813211
2021-12-01,2021-12-31,PG,0.013809495364112832,0.13141504479800048
2021-12-01,2021-12-31,BAC,0.01295741528901341,0.0052650698311682564
2021-12-01,2021-12-31,V,0.01286734797994914,0.11838786169722604
2021-12-01,2021-12-31,ADBE,0.012556084438772853,-0.15345223822308918
2021-12-01,2021-12-31,PFE,0.011853394356256547,0.09901350939596187
2021-12-01,2021-12-31,NFLX,0.011178972822060528,-0.061473793583464276
2021-12-01,2021-12-31,CRM,0.010893089072441868,-0.10819071350822163
2021-12-01,2021-12-31,MA,0.010794871342511532,0.14098841722511812
2021-12-01,2021-12-31,DIS,0.010360319789500423,0.06894405305118245
2021-12-01,2021-12-31,XOM,0.009968171058969738,0.022560147572072253
2021-12-01,2021-12-31,TMO,0.00979629003159165,0.05479941394367871
2021-12-01,2021-12-31,COST,0.009382475625341042,0.05250426076462733
2021-12-01,2021-12-31,CSCO,0.009093496779190965,0.1555433026359434
2021-12-01,2021-12-31,CMCSA,0.00900755626550192,0.007003112306064541
2021-12-01,2021-12-31,AVGO,0.008938226103198154,0.20948313769689464
2021-12-01,2021-12-31,ACN,0.008917695296206412,0.15990499589451757
2021-12-01,2021-12-31,ABT,0.008773257458073565,0.11902716969233995
2021-12-01,2021-12-31,PEP,0.008689277172187752,0.0945291383549034
2021-12-01,2021-12-31,CVX,0.008588789704801042,0.03969150300047719
2021-12-01,2021-12-31,PYPL,0.008548450280008224,0.019957857016029257
2021-12-01,2021-12-31,NKE,0.008510999611978065,-0.013415726485397461
2021-12-01,2021-12-31,VZ,0.008189109572710575,0.03361837960791991
2021-12-01,2021-12-31,DHR,0.008041267128393167,0.023578702107230898
2021-12-01,2021-12-31,KO,0.00801774439475439,0.12888494095343206
2021-12-01,2021-12-31,ABBV,0.008015887336835538,0.17453150302814735
2021-12-01,2021-12-31,QCOM,0.008014133448801067,0.016622116507085005
2021-12-01,2021-12-31,WMT,0.007907765298004665,0.03301251872666855
2021-12-01,2021-12-31,INTC,0.007854013788242369,0.04674802219230889
2021-12-01,2021-12-31,LLY,0.0077489868459429114,0.11361074286490491
2021-12-01,2021-12-31,WFC,0.007720202448200723,0.004185715653586941
2021-12-01,2021-12-31,MRK,0.007461349208289783,0.03280057698000327
2021-12-01,2021-12-31,MCD,0.007187639505028036,0.09595245782563011
2021-12-01,2021-12-31,TXN,0.006988108948635946,-0.020273402616584058
2021-12-01,2021-12-31,LOW,0.00680333168571028,0.05678881686590209
2021-12-01,2021-12-31,NEE,0.0066985110831795855,0.07582384364375461
2021-12-01,2021-12-31,LIN,0.006464624955288752,0.092561355781279
2021-12-01,2021-12-31,T,0.006413865372173494,0.07752953554415365
2021-12-01,2021-12-31,UNP,0.006046271074125395,0.07423496764125859
2021-12-01,2021-12-31,ORCL,0.005881405598885187,-0.03890244168219936
2021-12-01,2021-12-31,UPS,0.005684557459486992,0.0805060202811625
2021-12-01,2021-12-31,MDT,0.005642257806890943,-0.024283227980950617
2021-12-01,2021-12-31,HON,0.005494002683036013,0.031002655427871284
2021-12-01,2021-12-31,MS,0.005445925516914651,0.03522446827118686
2021-12-01,2021-12-31,PM,0.00527033037369886,0.12047560055424622
2021-12-01,2021-12-31,BLK,0.005092568662911076,0.016772885290479378
2021-12-01,2021-12-31,SBUX,0.005086687979501382,0.06685505718804063
2021-12-01,2021-12-31,C,0.005080085106901024,-0.05196238817967147
2021-12-01,2021-12-31,GS,0.005053364106846447,0.009393081267536907
2021-12-01,2021-12-31,RTX,0.004801113739535866,0.0635192639316371
2021-12-01,2021-12-31,TGT,0.004746743210467286,-0.05085314642832739
2021-12-01,2021-12-31,AMT,0.004700729442033536,0.11990557316540618
2021-12-01,2021-12-31,BMY,0.004689174414982908,0.16259527317637534
2021-12-01,2021-12-31,CVS,0.004624177387823127,0.15832011014059422
2021-12-01,2021-12-31,AMGN,0.004443630090157066,0.1311845736844477
2021-12-01,2021-12-31,BA,0.004289494282892442,0.017538544926238853
2021-12-01,2021-12-31,CAT,0.004165071402329432,0.06925252264472337
2021-12-01,2021-12-31,IBM,0.004129890471755645,0.14141774702883336
2021-12-01,2021-12-31,GE,0.004098423657019561,-0.004603455193892603
2021-12-01,2021-12-31,MMM,0.0038689738341570936,0.044636259030889525
2021-12-01,2021-12-31,AXP,0.003856283938378279,0.07419591742666465
2021-12-01,2021-12-31,COP,0.0036948230693226313,0.03208731126681341
2021-12-01,2021-12-31,GILD,0.003402336447103614,0.06408700545184742
2021-12-01,2021-12-31,BKNG,0.003396971613115823,0.1414847495035927
2021-12-01,2021-12-31,GM,0.003311546948848681,0.01313280818480611
2021-12-01,2021-12-31,MDLZ,0.0032417009371230113,0.13100645952124168
2021-12-01,2021-12-31,LMT,0.003232518817413137,0.06627251092256925
2021-12-01,2021-12-31,CHTR,0.0032251937556221143,0.00880414239697358
2021-12-01,2021-12-31,MO,0.0030939616626899837,0.13273896669265128
2021-12-01,2021-12-31,F,0.002960975681723383,0.08233433265086765
2021-12-01,2021-12-31,USB,0.0029370402685470823,0.023315071037863122
2021-12-01,2021-12-31,DUK,0.0029367307588939406,0.08133167145089737
2021-12-01,2021-12-31,SO,0.0025453042175539228,0.12242238370557668
2021-12-01,2021-12-31,TMUS,0.0025112581557083227,0.06589483342548585
2021-12-01,2021-12-31,CL,0.0024919653873291493,0.1375633570512511
2021-12-01,2021-12-31,COF,0.002465347557158953,0.03244852306346835
2021-12-01,2021-12-31,FDX,0.0022260965952803284,0.1261597600353892
2021-12-01,2021-12-31,EMR,0.0020671118034498153,0.05840193376848646
2021-12-01,2021-12-31,EXC,0.0020278040775008046,0.09539184386195565
2021-12-01,2021-12-31,SPG,0.0019763223051948824,0.05641249293395201
2021-12-01,2021-12-31,AIG,0.0017730776329650893,0.08735437773157884
2021-12-01,2021-12-31,GD,0.0017302621309471377,0.10319086722504967
2021-12-01,2021-12-31,BK,0.00171705638574642,0.060047637500747264
2021-12-01,2021-12-31,MET,0.0016764074513004616,0.0652918138459202
2021-12-01,2021-12-31,DOW,0.0016118231036782024,0.03258697330577909
2021-12-01,2021-12-31,DD,0.001526604779179822,0.0922120846061687
2021-12-01,2021-12-31,BIIB,0.0013784528252092725,0.017731367516670593
2021-12-01,2021-12-31,KHC,0.0009387427779791311,0.06813441715505553
2021-12-01,2021-12-31,CASHUSD,0.004656160051981115,0.0
2022-01-01,2022-01-31,AAPL,0.10572251625042973,-0.01571224437542207
2022-01-01,2022-01-31,MSFT,0.09645773856423341,-0.07534482843073531
2022-01-01,2022-01-31,AMZN,0.0555530676774835,-0.10282991021845667
2022-01-01,2022-01-31,GOOGL,0.033289390756952836,-0.06591906719786977
2022-01-01,2022-01-31,TSLA,0.032838270819721654,-0.11360931817914044
2022-01-01,2022-01-31,GOOG,0.030904811216831023,-0.062075253887443727
2022-01-01,2022-01-31,NVDA,0.0280873752867996,-0.16745428291054043
2022-01-01,2022-01-31,BRKB,0.02091764316454238,0.046889595363451164
2022-01-01,2022-01-31,UNH,0.018066259736947136,-0.0588878524886588
2022-01-01,2022-01-31,JPM,0.01787609184025979,-0.05594726757095658
2022-01-01,2022-01-31,JNJ,0.017203642473623104,0.0071317102243857455
2022-01-01,2022-01-31,HD,0.01673095710480882,-0.11573211537588757
2022-01-01,2022-01-31,PG,0.015121494895080563,-0.013838357669931023
2022-01-01,2022-01-31,V,0.013882669193708752,0.04365274599208857
2022-01-01,2022-01-31,PFE,0.012660868833060446,-0.10092123110384799
2022-01-01,2022-01-31,BAC,0.012239878589715703,0.037086865944697234
2022-01-01,2022-01-31,MA,0.01190772966978268,0.07672007214506404
2022-01-01,2022-01-31,DIS,0.01075155425883223,-0.0769576628693045
2022-01-01,2022-01-31,AVGO,0.010462742569831755,-0.11952024782946713
2022-01-01,2022-01-31,ADBE,0.010306625354591413,-0.0577716818443712
2022-01-01,2022-01-31,CSCO,0.010209632504409046,-0.11633175921246408
2022-01-01,2022-01-31,NFLX,0.010193948554166792,-0.29098331668313326
2022-01-01,2022-01-31,TMO,0.010043816004150467,-0.12879915718816926
2022-01-01,2022-01-31,ACN,0.010011519448717403,-0.14486402376211105
2022-01-01,2022-01-31,XOM,0.009895747131797599,0.2413790943716725
2022-01-01,2022-01-31,COST,0.009581242655887114,-0.11021647707328375
2022-01-01,2022-01-31,ABT,0.009506743892236403,-0.09116409379692458
2022-01-01,2022-01-31,CRM,0.009503854743507565,-0.08460232246053034
2022-01-01,2022-01-31,PEP,0.0091749045239529,-0.0010940222587234594
2022-01-01,2022-01-31,ABBV,0.009143949359001079,0.021495414309400163
2022-01-01,2022-01-31,KO,0.008792711420681104,0.0304002766109277
2022-01-01,2022-01-31,CMCSA,0.008758763923117275,-0.0018375872082614375
2022-01-01,2022-01-31,CVX,0.008643610709496506,0.11913075007012974
2022-01-01,2022-01-31,PYPL,0.008463761201126435,-0.08823843629120687
2022-01-01,2022-01-31,LLY,0.008377602658677208,-0.11161404164087574
2022-01-01,2022-01-31,VZ,0.008217667639759473,0.036784482896130344
2022-01-01,2022-01-31,NKE,0.008135430084870806,-0.11159753899249569
2022-01-01,2022-01-31,INTC,0.00800098148509674,-0.05203878132581907
2022-01-01,2022-01-31,DHR,0.007993036326092438,-0.13136404049530448
2022-01-01,2022-01-31,WMT,0.007855698577589533,-0.03372710993131045
2022-01-01,2022-01-31,QCOM,0.00782381475768916,-0.03888008900150286
2022-01-01,2022-01-31,MCD,0.0076519104083233895,-0.032155737268036444
2022-01-01,2022-01-31,MRK,0.007394982539223289,0.06315252568292662
2022-01-01,2022-01-31,WFC,0.007307895341825504,0.1213005972484198
2022-01-01,2022-01-31,NEE,0.006997621405125103,-0.16323924931062173
2022-01-01,2022-01-31,LOW,0.006837067282908332,-0.07871919709563113
2022-01-01,2022-01-31,LIN,0.006782998928125821,-0.08010264467824513
2022-01-01,2022-01-31,T,0.006710460658255391,0.06465885857105147
2022-01-01,2022-01-31,TXN,0.006649066247767616,-0.0413402714652491
2022-01-01,2022-01-31,UNP,0.006186905635036954,-0.029293779772944006
2022-01-01,2022-01-31,UPS,0.005970219480374218,-0.05659238437594316
2022-01-01,2022-01-31,PM,0.005649627155356543,0.08263164066851059
2022-01-01,2022-01-31,HON,0.005486287068294109,-0.01932755637082928
2022-01-01,2022-01-31,MS,0.00538279363347186,0.05190071765091053
2022-01-01,2022-01-31,ORCL,0.005373094348453625,-0.06591560756912773
2022-01-01,2022-01-31,MDT,0.005318406890372077,0.0003869731221046724
2022-01-01,2022-01-31,BMY,0.005286626254354875,0.049858130862513894
2022-01-01,2022-01-31,SBUX,0.005272593246243384,-0.1594423754823644
2022-01-01,2022-01-31,CVS,0.005201912286270064,0.037992414956368625
2022-01-01,2022-01-31,AMT,0.005088616382546404,-0.14017112356190142
2022-01-01,2022-01-31,BLK,0.004985122947724155,-0.10116225709479632
2022-01-01,2022-01-31,GS,0.0049607715512953905,-0.07285330925796374
2022-01-01,2022-01-31,RTX,0.0049206330207411985,0.04798984585303878
2022-01-01,2022-01-31,AMGN,0.0048404591435159865,0.009645855090213429
2022-01-01,2022-01-31,IBM,0.004578887999673113,-0.0006734061457114304
2022-01-01,2022-01-31,C,0.004577546609191868,0.07832438790465446
2022-01-01,2022-01-31,TGT,0.004314737258750921,-0.047571654185506906
2022-01-01,2022-01-31,CAT,0.004271915947234238,-0.020324863748502286
2022-01-01,2022-01-31,BA,0.004248390021870855,-0.005364602581776068
2022-01-01,2022-01-31,GE,0.003962880217131909,0.00010583894740889832
2022-01-01,2022-01-31,AXP,0.003920781192797434,0.10190276750855598
2022-01-01,2022-01-31,MMM,0.003919027066783498,-0.06536038770352537
2022-01-01,2022-01-31,BKNG,0.0037655926325056467,0.023716046546179648
2022-01-01,2022-01-31,COP,0.0036367159624229057,0.22776378783072415
2022-01-01,2022-01-31,MDLZ,0.0035365244118621838,0.010858162038128727
2022-01-01,2022-01-31,GILD,0.0034792573567013177,-0.05412484297867237
2022-01-01,2022-01-31,MO,0.0033253070030076037,0.07364402494329769
2022-01-01,2022-01-31,LMT,0.0033229337736946306,0.09487637761732892
2022-01-01,2022-01-31,GM,0.0032516337104222734,-0.10063100695090577
2022-01-01,2022-01-31,F,0.003114399145802541,-0.017603560908109994
2022-01-01,2022-01-31,DUK,0.0030824121420189947,0.001525169363227441
2022-01-01,2022-01-31,CHTR,0.003080864383771404,-0.08992736856334971
2022-01-01,2022-01-31,USB,0.0028952365779436606,0.03596229880660706
2022-01-01,2022-01-31,SO,0.0027764719284118465,0.013268878707887621
2022-01-01,2022-01-31,CL,0.0027519141642167373,-0.02861640381833419
2022-01-01,2022-01-31,TMUS,0.002600852959251859,-0.06733921130606901
2022-01-01,2022-01-31,FDX,0.0024064545233544333,-0.04941237041505431
2022-01-01,2022-01-31,COF,0.00235909312097815,0.011303235227021702
2022-01-01,2022-01-31,EXC,0.0021589163876230516,0.0032894167759167647
2022-01-01,2022-01-31,EMR,0.0021261039127741235,-0.01097125978636948
2022-01-01,2022-01-31,SPG,0.0020085774698403824,-0.07867569704167532
2022-01-01,2022-01-31,GD,0.0018458564860769856,0.023157818179243783
2022-01-01,2022-01-31,AIG,0.001803447910092993,0.01565270919217787
2022-01-01,2022-01-31,MET,0.0017067646115601443,0.07313149178138745
2022-01-01,2022-01-31,BK,0.0016856119155097345,0.02629471226385549
2022-01-01,2022-01-31,DD,0.0015987310858782949,-0.05174537860591488
2022-01-01,2022-01-31,DOW,0.0015987310858782949,0.05306765731520069
2022-01-01,2022-01-31,BIIB,0.001345930572105104,-0.058019332590788064
2022-01-01,2022-01-31,KHC,0.000980246890140945,-0.0027857758041177627
2022-01-01,2022-01-31,CASHUSD,0.0023954138478549515,0.0
2022-02-01,2022-02-28,AAPL,0.1089573520652114,-0.05406595989419394
2022-02-01,2022-02-28,MSFT,0.0933864629413045,-0.037211968081557134
2022-02-01,2022-02-28,AMZN,0.052185961464124464,0.026672518265588474
2022-02-01,2022-02-28,GOOGL,0.03255796976598659,-0.0018216440807148349
2022-02-01,2022-02-28,TSLA,0.030477142607031747,-0.0707681586632628
2022-02-01,2022-02-28,GOOG,0.03034866975434567,-0.005950599710915494
2022-02-01,2022-02-28,NVDA,0.024484286151317303,-0.004124935826256948
2022-02-01,2022-02-28,BRKB,0.02292879541646805,0.02693126154633907
2022-02-01,2022-02-28,JNJ,0.0181416865845987,-0.03867673529440485
2022-02-01,2022-02-28,UNH,0.017802357404671024,0.006982973915558244
2022-02-01,2022-02-28,JPM,0.01756458982979615,-0.04576041381694396
2022-02-01,2022-02-28,PG,0.01552985204897187,-0.02841988776764992
2022-02-01,2022-02-28,HD,0.01549067092214947,-0.1393805955935784
2022-02-01,2022-02-28,V,0.015170313656262115,-0.04288086105226996
2022-02-01,2022-02-28,MA,0.013407059841025668,-0.06615258116126943
2022-02-01,2022-02-28,BAC,0.013291063083985671,-0.04204590801465313
2022-02-01,2022-02-28,XOM,0.012862339069965839,0.04383056977875088
2022-02-01,2022-02-28,PFE,0.011828782187682336,-0.10912870166465172
2022-02-01,2022-02-28,DIS,0.010391041049757245,0.038399586458933266
2022-02-01,2022-02-28,ADBE,0.01016812105978349,-0.12468649941837828
2022-02-01,2022-02-28,CVX,0.010128424391818689,0.10798649159230811
2022-02-01,2022-02-28,ABBV,0.00967949116501678,0.07948032696555618
2022-02-01,2022-02-28,AVGO,0.00964577477430382,0.0026627059888062465
2022-02-01,2022-02-28,PEP,0.00959617971640494,-0.05636248788635967
2022-02-01,2022-02-28,KO,0.00948616323661678,0.020160378868589124
2022-02-01,2022-02-28,CSCO,0.009390994341729745,0.0017963885697558357
2022-02-01,2022-02-28,TMO,0.009161990966275669,-0.0641668118808848
2022-02-01,2022-02-28,CRM,0.00910909644506543,-0.09500066360303816
2022-02-01,2022-02-28,CMCSA,0.009108787120379989,-0.06461294761660163
2022-02-01,2022-02-28,ABT,0.00901475241600623,-0.05366398162529451
2022-02-01,2022-02-28,ACN,0.008940617599729113,-0.10622757465777855
2022-02-01,2022-02-28,COST,0.008926182447741913,0.029511397418215735
2022-02-01,2022-02-28,VZ,0.008814619344526554,0.00826600265550348
2022-02-01,2022-02-28,WFC,0.008579841908277598,-0.0035386311607851217
2022-02-01,2022-02-28,MRK,0.008231851637157606,-0.060137326886794074
2022-02-01,2022-02-28,PYPL,0.008079870108378089,-0.34901708444221813
2022-02-01,2022-02-28,WMT,0.00794778846769521,-0.033259471305108534
2022-02-01,2022-02-28,INTC,0.007941395757529451,-0.015498423956202712
2022-02-01,2022-02-28,QCOM,0.007873344326732652,-0.0214496661930762
2022-02-01,2022-02-28,LLY,0.007792713692061294,0.022834773517841356
2022-02-01,2022-02-28,MCD,0.007754254322838255,-0.051332974157829225
2022-02-01,2022-02-28,NFLX,0.0075679377539748975,-0.0763684268388427
2022-02-01,2022-02-28,NKE,0.0075675253210609784,-0.0778011557423115
2022-02-01,2022-02-28,T,0.0072832559351416245,-0.07098037841094096
2022-02-01,2022-02-28,DHR,0.007269748757210744,-0.03981949360566084
2022-02-01,2022-02-28,TXN,0.006630271524177795,-0.0529279174179087
2022-02-01,2022-02-28,LOW,0.006573561998513796,-0.06863287348746283
2022-02-01,2022-02-28,LIN,0.006533246681178118,-0.07982930546607891
2022-02-01,2022-02-28,PM,0.0064041551791211605,-0.017306764854653878
2022-02-01,2022-02-28,UNP,0.006288364638538122,0.010650760910467572
2022-02-01,2022-02-28,NEE,0.0061309183736491645,0.007469595573524002
2022-02-01,2022-02-28,UPS,0.005897481344370449,0.04816274543509169
2022-02-01,2022-02-28,MS,0.0058874798462078895,-0.11507703345752773
2022-02-01,2022-02-28,BMY,0.005760862941634451,0.058252414244004624
2022-02-01,2022-02-28,HON,0.005633214954776215,-0.06692699804185276
2022-02-01,2022-02-28,CVS,0.005623419673070615,-0.02685184131007634
2022-02-01,2022-02-28,MDT,0.005570731368317336,0.01449388023868825
2022-02-01,2022-02-28,RTX,0.005399365492583579,0.14503791432838153
2022-02-01,2022-02-28,ORCL,0.005235629625757342,-0.06394768478384916
2022-02-01,2022-02-28,C,0.005168299952559903,-0.08328438586518827
2022-02-01,2022-02-28,AMGN,0.005116952054776864,0.005643557629643858
2022-02-01,2022-02-28,GS,0.00481597913584375,-0.03775189821425751
2022-02-01,2022-02-28,IBM,0.00479123316100855,-0.07175483316952158
2022-02-01,2022-02-28,BLK,0.004691939936982312,-0.09605787111474273
2022-02-01,2022-02-28,COP,0.004675030187511592,0.07579756665127735
2022-02-01,2022-02-28,SBUX,0.004640488930970793,-0.06168216426182371
2022-02-01,2022-02-28,AMT,0.004581304807823274,-0.09793245111938043
2022-02-01,2022-02-28,AXP,0.004512119186513196,0.08185957664757648
2022-02-01,2022-02-28,BA,0.004424477192305197,0.025469390255788094
2022-02-01,2022-02-28,CAT,0.004360756307104558,-0.06935916670252729
2022-02-01,2022-02-28,TGT,0.0043028094826988,-0.08979833505095502
2022-02-01,2022-02-28,GE,0.004149693763406002,0.010901780136535644
2022-02-01,2022-02-28,BKNG,0.004037408902591284,-0.11558030051677537
2022-02-01,2022-02-28,MMM,0.0038352136665420083,-0.09597086856268389
2022-02-01,2022-02-28,LMT,0.0038202629734124085,0.12246974572794178
2022-02-01,2022-02-28,MDLZ,0.0037431380185093703,-0.023123798807863083
2022-02-01,2022-02-28,MO,0.0037381888235423297,0.008058290587731554
2022-02-01,2022-02-28,GILD,0.0034458769958015355,-0.1205590450627948
2022-02-01,2022-02-28,DUK,0.0032323398546194593,-0.03470548586141631
2022-02-01,2022-02-28,F,0.00318717845054522,-0.13497533892471203
2022-02-01,2022-02-28,USB,0.0031404704230437812,-0.02835541625581406
2022-02-01,2022-02-28,GM,0.0030621081693989827,-0.11397670310964148
2022-02-01,2022-02-28,SO,0.0029456989794450646,-0.058330960149988176
2022-02-01,2022-02-28,CHTR,0.002935594373054025,0.014224562745472902
2022-02-01,2022-02-28,CL,0.002783715952502988,-0.06670720495280302
2022-02-01,2022-02-28,TMUS,0.002539864992147792,0.1390403715248556
2022-02-01,2022-02-28,COF,0.0024980030513849136,0.048566069304987414
2022-02-01,2022-02-28,FDX,0.002395204147590355,-0.09594890694799108
2022-02-01,2022-02-28,EXC,0.0022679685936460373,0.038230788059194554
2022-02-01,2022-02-28,EMR,0.0022017731109618788,0.015864850330624014
2022-02-01,2022-02-28,GD,0.001966377025342043,0.10537479917316595
2022-02-01,2022-02-28,SPG,0.0019375067213676437,-0.06548889800653046
2022-02-01,2022-02-28,AIG,0.0019179161579564441,0.060432792063472185
2022-02-01,2022-02-28,MET,0.001917709941499484,0.014364322614440095
2022-02-01,2022-02-28,BK,0.0018007852104031663,-0.10310477579361554
2022-02-01,2022-02-28,DOW,0.001762738274094047,-0.000982223557361217
2022-02-01,2022-02-28,DD,0.0015873511774495703,0.014482176523296308
2022-02-01,2022-02-28,BIIB,0.0013276215499084551,-0.06632745793435424
2022-02-01,2022-02-28,KHC,0.0010235553841209408,0.09553074098534409
2022-02-01,2022-02-28,CASHUSD,0.0032815224796044185,-0.00021903717459825778
2022-03-01,2022-03-31,AAPL,0.10635818962556946,0.05747345410357574
2022-03-01,2022-03-31,MSFT,0.09270918841224314,0.03186184545012538
2022-03-01,2022-03-31,AMZN,0.055358421825483776,0.061437285030015776
2022-03-01,2022-03-31,GOOGL,0.033580072995804046,0.029694976874157453
2022-03-01,2022-03-31,GOOG,0.031174780309447262,0.03527644834956978
2022-03-01,2022-03-31,TSLA,0.02926209483567768,0.2380088093327557
2022-03-01,2022-03-31,NVDA,0.02519389510450631,0.11915726483467148
2022-03-01,2022-03-31,BRKB,0.024328868663149872,0.09786900065449733
2022-03-01,2022-03-31,UNH,0.01852254219661119,0.07482947169203324
2022-03-01,2022-03-31,JNJ,0.01790473916754695,0.07692761242485813
2022-03-01,2022-03-31,JPM,0.017318413943768374,-0.038645856305973614
2022-03-01,2022-03-31,PG,0.015590507275052243,-0.019821933051807128
2022-03-01,2022-03-31,V,0.014978427483312674,0.026142845888322608
2022-03-01,2022-03-31,HD,0.01377481023380242,-0.046524200781739244
2022-03-01,2022-03-31,XOM,0.013720439479218105,0.05317499178301954
2022-03-01,2022-03-31,BAC,0.01315557639540702,-0.06286098966983156
2022-03-01,2022-03-31,MA,0.012935742761739994,-0.009534036697518289
2022-03-01,2022-03-31,CVX,0.011471820414624015,0.13076410236253388
2022-03-01,2022-03-31,DIS,0.011148866308446517,-0.07611484276201574
2022-03-01,2022-03-31,PFE,0.010888356809507768,0.10289730867738833
2022-03-01,2022-03-31,ABBV,0.010796274008980578,0.0970424068760316
2022-03-01,2022-03-31,KO,0.00999941541218755,0.0037693403608878295
2022-03-01,2022-03-31,AVGO,0.009992874569530791,0.07915365017684173
2022-03-01,2022-03-31,CSCO,0.009720918595942714,-0.00017954116089458072
2022-03-01,2022-03-31,COST,0.009481564634971922,0.10900337318174835
2022-03-01,2022-03-31,PEP,0.009356164417161862,0.02895366693815693
2022-03-01,2022-03-31,ADBE,0.009196322574737303,-0.025786857995771295
2022-03-01,2022-03-31,VZ,0.009182934287424248,-0.050866228004481484
2022-03-01,2022-03-31,TMO,0.00885885597391512,0.0863620676013761
2022-03-01,2022-03-31,ABT,0.008814705285981992,-0.018736460414579215
2022-03-01,2022-03-31,CMCSA,0.008811128262654077,0.0012832195141490033
2022-03-01,2022-03-31,WFC,0.008794367353346131,-0.09199901478130545
2022-03-01,2022-03-31,CRM,0.008517812349765019,0.008502318204091974
2022-03-01,2022-03-31,ACN,0.008242688155515075,0.06711618193101199
2022-03-01,2022-03-31,LLY,0.00820139908624428,0.14570917634710723
2022-03-01,2022-03-31,INTC,0.008017335685856409,0.03899360531058904
2022-03-01,2022-03-31,MRK,0.007994238335224727,0.08095901014962936
2022-03-01,2022-03-31,QCOM,0.007960818717275345,-0.10775321278311845
2022-03-01,2022-03-31,WMT,0.007943853406634376,0.10606676530743209
2022-03-01,2022-03-31,MCD,0.007558761295217663,0.01025440329263394
2022-03-01,2022-03-31,NFLX,0.007221805697728038,-0.05051708525488763
2022-03-01,2022-03-31,DHR,0.007212403236408945,0.0698829648194983
2022-03-01,2022-03-31,NKE,0.007210972427077781,-0.012324766245621621
2022-03-01,2022-03-31,T,0.006991343194743778,-0.0025329184225723056
2022-03-01,2022-03-31,UNP,0.006534404014769222,0.11083564084180808
2022-03-01,2022-03-31,PM,0.006502824008817055,-0.05797131769642794
2022-03-01,2022-03-31,TXN,0.006487800510839811,0.07935767117449588
2022-03-01,2022-03-31,RTX,0.006353713236376242,-0.0353454188979222
2022-03-01,2022-03-31,NEE,0.006347070193052971,0.0822792847389
2022-03-01,2022-03-31,UPS,0.006340733751729235,0.019199667430264578
2022-03-01,2022-03-31,LOW,0.006325914655085014,-0.08536142619136067
2022-03-01,2022-03-31,BMY,0.006299751284457976,0.07133979571063809
2022-03-01,2022-03-31,LIN,0.006211552109258235,0.09368332299392645
2022-03-01,2022-03-31,MDT,0.005840359288487134,0.06307591207681917
2022-03-01,2022-03-31,CVS,0.0056549672794346095,-0.023540883975919025
2022-03-01,2022-03-31,PYPL,0.0054351336457675835,0.03323510203525992
2022-03-01,2022-03-31,HON,0.0053921071651660876,0.025454583135656073
2022-03-01,2022-03-31,MS,0.00538342010851258,-0.0368085730233767
2022-03-01,2022-03-31,AMGN,0.00527345219134581,0.06773214437134656
2022-03-01,2022-03-31,COP,0.0051728867354981336,0.05733575537276314
2022-03-01,2022-03-31,ORCL,0.005065065032328114,0.08898261577736655
2022-03-01,2022-03-31,AXP,0.0050464645110229545,-0.03875815820402473
2022-03-01,2022-03-31,C,0.0048585174853076315,-0.09842987560068683
2022-03-01,2022-03-31,GS,0.004790145239411193,-0.027085951817199083
2022-03-01,2022-03-31,BA,0.004690499589562123,-0.0674003924453016
2022-03-01,2022-03-31,IBM,0.004542308623119917,0.06130097549216651
2022-03-01,2022-03-31,SBUX,0.004478842009216047,-0.008933600674935205
2022-03-01,2022-03-31,LMT,0.0044045421246619205,0.017519718668002948
2022-03-01,2022-03-31,BLK,0.004390029630017235,0.03410247161689672
2022-03-01,2022-03-31,GE,0.004337396286763624,-0.0411244362135601
2022-03-01,2022-03-31,AMT,0.004272396662862076,0.10733030635305263
2022-03-01,2022-03-31,CAT,0.004196052764977712,0.18786656443665417
2022-03-01,2022-03-31,TGT,0.004032429497892213,0.062321658146688774
2022-03-01,2022-03-31,MO,0.003897729019429573,0.036240792200839644
2022-03-01,2022-03-31,MDLZ,0.0037717155976204407,-0.03588281528362569
2022-03-01,2022-03-31,BKNG,0.003682085613089534,0.08111403615904433
2022-03-01,2022-03-31,MMM,0.0035420706999682765,0.0015471344142052867
2022-03-01,2022-03-31,DUK,0.0031966324471581673,0.1120408037171785
2022-03-01,2022-03-31,USB,0.003157693993217146,-0.05229195718959745
2022-03-01,2022-03-31,GILD,0.0031258073852654437,-0.0031823192730381367
2022-03-01,2022-03-31,CHTR,0.0030818610986653406,-0.09348932670856436
2022-03-01,2022-03-31,TMUS,0.0029840550608134847,0.04171739709964495
2022-03-01,2022-03-31,F,0.0028438357463592035,-0.0370161042568814
2022-03-01,2022-03-31,SO,0.0028319804690438268,0.11949999371526965
2022-03-01,2022-03-31,GM,0.0027984586504279344,-0.06378453086580538
2022-03-01,2022-03-31,COF,0.0026914545525900096,-0.14340717360818145
2022-03-01,2022-03-31,CL,0.002679905877274169,-0.014554714240760158
2022-03-01,2022-03-31,EMR,0.0022950181671904787,0.055208796206781985
2022-03-01,2022-03-31,FDX,0.0022450420412661763,0.04457101004686015
2022-03-01,2022-03-31,GD,0.0022419760212708203,0.028705418879005684
2022-03-01,2022-03-31,AIG,0.002097770880822576,0.030616445461749242
2022-03-01,2022-03-31,MET,0.0019926063949818654,0.04041428381647494
2022-03-01,2022-03-31,SPG,0.0018677171805043641,-0.03145461452860887
2022-03-01,2022-03-31,DOW,0.0018050681719325899,0.0807328879929119
2022-03-01,2022-03-31,EXC,0.0017210592240598354,0.11912622440288456
2022-03-01,2022-03-31,BK,0.0016659730648099392,-0.0662277045499795
2022-03-01,2022-03-31,DD,0.0016538111854950271,-0.04898566976870322
2022-03-01,2022-03-31,BIIB,0.001278428137396941,-0.0019429809676955179
2022-03-01,2022-03-31,KHC,0.0011566049429147956,0.014968509793351847
2022-03-01,2022-03-31,CASHUSD,0.003578147535246966,0.0004599998202277078
2022-04-01,2022-04-29,AAPL,0.10763003496015515,-0.09713076447182944
2022-04-01,2022-04-29,MSFT,0.09189755646722002,-0.09986713476956033
2022-04-01,2022-04-29,AMZN,0.05671845335897637,-0.2375250931362105
2022-04-01,2022-04-29,TSLA,0.03586690416168678,-0.19194510982164714
2022-04-01,2022-04-29,GOOGL,0.033259247256305205,-0.1794670031797162
2022-04-01,2022-04-29,GOOG,0.030844076563741038,-0.17674959543469781
2022-04-01,2022-04-29,NVDA,0.027121450422437767,-0.320274159155561
2022-04-01,2022-04-29,BRKB,0.0256966029044167,-0.08523424322832063
2022-04-01,2022-04-29,UNH,0.019096593954420815,-0.002784452586701347
2022-04-01,2022-04-29,JNJ,0.018550705506924295,0.018224861231737277
2022-04-01,2022-04-29,JPM,0.016017325393856013,-0.11792302921020925
2022-04-01,2022-04-29,V,0.014622822039957442,-0.03895935963129982
2022-04-01,2022-04-29,PG,0.014562542387323539,0.05661487061310755
2022-04-01,2022-04-29,XOM,0.013901713924211518,0.03220763884649269
2022-04-01,2022-04-29,CVX,0.012479829304370764,-0.03783092116529474
2022-04-01,2022-04-29,HD,0.012427620995055639,0.0035745957043897825
2022-04-01,2022-04-29,MA,0.01226312906159702,0.018199834800947112
2022-04-01,2022-04-29,BAC,0.011649809138272736,-0.13440070066271492
2022-04-01,2022-04-29,PFE,0.01155315735625295,-0.05215360731685492
2022-04-01,2022-04-29,ABBV,0.011394591219154954,-0.08624783016540316
2022-04-01,2022-04-29,AVGO,0.010336223555367473,-0.11956881048700219
2022-04-01,2022-04-29,COST,0.01015262603709099,-0.07513243138875769
2022-04-01,2022-04-29,DIS,0.009928467464415083,-0.18613301550516825
2022-04-01,2022-04-29,KO,0.009582830066346443,0.04209686049204864
2022-04-01,2022-04-29,CSCO,0.00935029364364345,-0.11557707925100558
2022-04-01,2022-04-29,TMO,0.009253744030526435,-0.06387874826726958
2022-04-01,2022-04-29,PEP,0.009206644166349774,0.025869692192710847
2022-04-01,2022-04-29,LLY,0.009039802348127457,0.020113513846907516
2022-04-01,2022-04-29,ADBE,0.008544691845307291,-0.13096436405256728
2022-04-01,2022-04-29,VZ,0.00850229175065802,-0.08002020749172434
2022-04-01,2022-04-29,ACN,0.008473786626785376,-0.10667991254167597
2022-04-01,2022-04-29,CMCSA,0.008421067472956404,-0.14599754085614003
2022-04-01,2022-04-29,WMT,0.008376113155737896,0.027330012114895386
2022-04-01,2022-04-29,ABT,0.008321350623853536,-0.03723908966570555
2022-04-01,2022-04-29,CRM,0.008315016151881838,-0.17134511500538674
2022-04-01,2022-04-29,MRK,0.00824022851505469,0.08092631659994654
2022-04-01,2022-04-29,INTC,0.008023732610086482,-0.12046009244974532
2022-04-01,2022-04-29,WFC,0.0074868350260336594,-0.09966968308653956
2022-04-01,2022-04-29,DHR,0.007421242590455749,-0.1438651658242983
2022-04-01,2022-04-29,MCD,0.0073464549536286,0.007602832475842813
2022-04-01,2022-04-29,UNP,0.006918265082122342,-0.1424545286361345
2022-04-01,2022-04-29,QCOM,0.006847564201405967,-0.08591842672694305
2022-04-01,2022-04-29,NKE,0.006828152109879795,-0.07327595524462538
2022-04-01,2022-04-29,TXN,0.006737323955317861,-0.07210593519698372
2022-04-01,2022-04-29,T,0.006709023169250757,0.07197032058528952
2022-04-01,2022-04-29,NFLX,0.006612269218328202,-0.49181773447775945
2022-04-01,2022-04-29,NEE,0.0066084889689257366,-0.16161016200164835
2022-04-01,2022-04-29,LIN,0.006509691639947796,-0.02338548505061988
2022-04-01,2022-04-29,BMY,0.006329057019851623,0.030672236098088
2022-04-01,2022-04-29,UPS,0.0062173864091247455,-0.16077601154967525
2022-04-01,2022-04-29,MDT,0.005931211312467856,-0.059396002915768076
2022-04-01,2022-04-29,RTX,0.005878185651930573,-0.041990549300271574
2022-04-01,2022-04-29,PM,0.0057884813552991025,0.06450926481319863
2022-04-01,2022-04-29,AMGN,0.0054206733053295195,-0.03568785820242848
2022-04-01,2022-04-29,LOW,0.005416075704704898,-0.018101462793042367
2022-04-01,2022-04-29,PYPL,0.005356919910001457,-0.23968872113159645
2022-04-01,2022-04-29,HON,0.005305631120811254,-0.00549889576914675
2022-04-01,2022-04-29,CVS,0.005281519259757692,-0.04526855680512021
2022-04-01,2022-04-29,ORCL,0.005182415424071444,-0.10930596716500973
2022-04-01,2022-04-29,COP,0.005177613485641285,-0.04480045064125615
2022-04-01,2022-04-29,SCHW,0.005039481129097152,-0.2132605918569247
2022-04-01,2022-04-29,MS,0.004926073647023197,-0.0699989729007442
2022-04-01,2022-04-29,CAT,0.00478712393925691,-0.05058034253605492
2022-04-01,2022-04-29,IBM,0.004639694212560768,0.0168435631160877
2022-04-01,2022-04-29,AXP,0.004572977919052396,-0.06306962642599401
2022-04-01,2022-04-29,AMT,0.004552748476304069,-0.03547364197337666
2022-04-01,2022-04-29,GS,0.004458957423561825,-0.07455323435241878
2022-04-01,2022-04-29,BLK,0.00432869207253093,-0.1825379168314415
2022-04-01,2022-04-29,LMT,0.004253700097898243,-0.021024105814379634
2022-04-01,2022-04-29,C,0.0042156932660680525,-0.0878912942129223
2022-04-01,2022-04-29,BA,0.004172475820196626,-0.2227676431441743
2022-04-01,2022-04-29,SBUX,0.004160317720767076,-0.17950971529335613
2022-04-01,2022-04-29,TGT,0.004042619144776809,0.07741977493113361
2022-04-01,2022-04-29,GE,0.003999197361099844,-0.18524601569694243
2022-04-01,2022-04-29,BKNG,0.0038332750630024545,-0.05882179737559734
2022-04-01,2022-04-29,MO,0.0037868903811451786,0.0635408250857128
2022-04-01,2022-04-29,MDLZ,0.0034635258038802526,0.027078644852109424
2022-04-01,2022-04-29,DUK,0.003418367148856209,-0.01343378502884085
2022-04-01,2022-04-29,MMM,0.0033787256145817093,-0.0313002887432281
2022-04-01,2022-04-29,SO,0.003055258868414014,0.012136211080140402
2022-04-01,2022-04-29,TMUS,0.0029961030737105728,-0.04059207020067723
2022-04-01,2022-04-29,GILD,0.0029649415583659273,-0.0018503796490434432
2022-04-01,2022-04-29,USB,0.002853781792152897,-0.08635931423803078
2022-04-01,2022-04-29,F,0.002641168305489924,-0.15705417023679225
2022-04-01,2022-04-29,CHTR,0.0025821146796892514,-0.21452930251292268
2022-04-01,2022-04-29,CL,0.002540940611873212,0.022047673451851768
2022-04-01,2022-04-29,GM,0.002526636965485506,-0.13328758711009814
2022-04-01,2022-04-29,EMR,0.002311162749544991,-0.08026546421293046
2022-04-01,2022-04-29,FDX,0.00224434428713385,-0.14110367729237028
2022-04-01,2022-04-29,GD,0.002214000123011359,-0.014120692644177146
2022-04-01,2022-04-29,COF,0.002156172524043919,-0.05080353255990733
2022-04-01,2022-04-29,AIG,0.0020738243884118397,-0.06786678813650526
2022-04-01,2022-04-29,MET,0.001955308461199418,-0.06545225737004212
2022-04-01,2022-04-29,DOW,0.0018686692316510272,0.04362840776811239
2022-04-01,2022-04-29,EXC,0.0018547742608743983,-0.017845992445321035
2022-04-01,2022-04-29,SPG,0.0017187874512884214,-0.103070562394457
2022-04-01,2022-04-29,DD,0.0015042327554728307,-0.10396834900255703
2022-04-01,2022-04-29,BK,0.0014634673632678685,-0.14581542956095817
2022-04-01,2022-04-29,KHC,0.0011101672974915288,0.08225419628282293
2022-04-01,2022-04-29,CASHUSD,0.002400049694954307,-0.00010978840654174427
2022-04-30,2022-05-31,AAPL,0.10797588864709962,-0.054496082540973934
2022-04-30,2022-05-31,MSFT,0.09191336989089033,-0.018077407324878614
2022-04-30,2022-05-31,AMZN,0.04805104529497456,-0.03276431760316645
2022-04-30,2022-05-31,TSLA,0.03220289781325973,-0.12919748573786138
2022-04-30,2022-05-31,GOOGL,0.03032352181145975,-0.0030453076784694444
2022-04-30,2022-05-31,GOOG,0.02821608256625099,-0.0080675136263898
2022-04-30,2022-05-31,BRKB,0.026118759029419236,-0.021218523281151702
2022-04-30,2022-05-31,UNH,0.021160733599345807,-0.02314412540019295
2022-04-30,2022-05-31,JNJ,0.020987949125956817,0.001239379746642122
2022-04-30,2022-05-31,NVDA,0.020484105105684117,0.006739660313528573
2022-04-30,2022-05-31,PG,0.017001746952183046,-0.07891616032476179
2022-04-30,2022-05-31,XOM,0.015944195621860106,0.13763456426047682
2022-04-30,2022-05-31,V,0.015615179652426302,-0.002602836180133017
2022-04-30,2022-05-31,JPM,0.015583197665335379,0.10782486832348348
2022-04-30,2022-05-31,HD,0.013858009582130303,0.007822887009730994
2022-04-30,2022-05-31,MA,0.013855352931445434,-0.0151630779881059
2022-04-30,2022-05-31,CVX,0.013342108454903202,0.12399839424513703
2022-04-30,2022-05-31,PFE,0.01216756231557352,0.08971949528346235
2022-04-30,2022-05-31,ABBV,0.011471315478392797,0.0033361254044281807
2022-04-30,2022-05-31,BAC,0.011204832978925912,0.04260074923062951
2022-04-30,2022-05-31,KO,0.011096114658591266,-0.019037365862672906
2022-04-30,2022-05-31,PEP,0.010494587636213377,-0.02306234065263657
2022-04-30,2022-05-31,COST,0.010416625156499715,-0.12318509545439693
2022-04-30,2022-05-31,LLY,0.010247008228158066,0.07656294002071085
2022-04-30,2022-05-31,AVGO,0.010111519043229733,0.046429473574765234
2022-04-30,2022-05-31,MRK,0.009896841232117802,0.03765921313192977
2022-04-30,2022-05-31,TMO,0.009625658504516153,0.026495767100249923
2022-04-30,2022-05-31,WMT,0.009561490172589312,-0.15616978889805444
2022-04-30,2022-05-31,CSCO,0.00912620817576074,-0.08023675886937764
2022-04-30,2022-05-31,DIS,0.008978661883878003,-0.01066014388738834
2022-04-30,2022-05-31,ABT,0.008866367303006032,0.034889903789683485
2022-04-30,2022-05-31,VZ,0.008586703728987299,0.10777534911804909
2022-04-30,2022-05-31,ACN,0.008386024423407176,-0.006325883513946695
2022-04-30,2022-05-31,ADBE,0.008250739596223836,0.05184997637672084
2022-04-30,2022-05-31,MCD,0.008225399235845084,0.012241178679667897
2022-04-30,2022-05-31,CMCSA,0.007946042198443836,0.11368196708833334
2022-04-30,2022-05-31,INTC,0.00784151321188148,0.027096318419831178
2022-04-30,2022-05-31,CRM,0.007655956379430616,-0.08923503537708277
2022-04-30,2022-05-31,WFC,0.0074897113538813,0.05478352608805648
2022-04-30,2022-05-31,BMY,0.007248058320430696,0.002391509050255314
2022-04-30,2022-05-31,LIN,0.00706413634993975,0.040774375292902176
2022-04-30,2022-05-31,DHR,0.007060049195039951,0.05053171830513925
2022-04-30,2022-05-31,NKE,0.00703103039525138,-0.046912656931690444
2022-04-30,2022-05-31,QCOM,0.006954907135242628,0.025270619740519695
2022-04-30,2022-05-31,TXN,0.006946119752208059,0.04529746048533112
2022-04-30,2022-05-31,PM,0.0068468018881429485,0.06250006892954074
2022-04-30,2022-05-31,UNP,0.006592069959012989,-0.0563884562691912
2022-04-30,2022-05-31,RTX,0.006257229793846972,0.008200141265272354
2022-04-30,2022-05-31,MDT,0.0061989878365248385,-0.040341121066009955
2022-04-30,2022-05-31,NEE,0.0061561748889494465,0.07182665821076539
2022-04-30,2022-05-31,T,0.005949467029892123,0.12884410716472527
2022-04-30,2022-05-31,LOW,0.005885298697965282,-0.012289470103676647
2022-04-30,2022-05-31,HON,0.005863125882633873,0.005701213255089765
2022-04-30,2022-05-31,AMGN,0.00580611007178168,0.10983662753935253
2022-04-30,2022-05-31,UPS,0.005797527046492101,0.02130234574871026
2022-04-30,2022-05-31,CVS,0.005573959673473109,0.00644957166669613
2022-04-30,2022-05-31,COP,0.005495281941651981,0.18157967624577243
2022-04-30,2022-05-31,IBM,0.005231660450614958,0.06288632762625657
2022-04-30,2022-05-31,ORCL,0.005108943624748499,-0.02016355754929089
2022-04-30,2022-05-31,MS,0.005047125406889043,0.06886725345958333
2022-04-30,2022-05-31,CAT,0.005031287681652323,0.02522096131177487
2022-04-30,2022-05-31,AMT,0.004843687271751558,0.06269191711995137
2022-04-30,2022-05-31,TGT,0.004840315368959223,-0.28910012875741153
2022-04-30,2022-05-31,AXP,0.0047479456682237705,-0.03371305338136599
2022-04-30,2022-05-31,LMT,0.00462788549304218,0.024859409493396933
2022-04-30,2022-05-31,GS,0.004576182983559726,0.07647280639881826
2022-04-30,2022-05-31,PYPL,0.004525502262802221,-0.03093371771292397
2022-04-30,2022-05-31,MO,0.00447737601385709,-0.02663326686484402
2022-04-30,2022-05-31,SCHW,0.00440544208762063,0.06009293149293482
2022-04-30,2022-05-31,C,0.004230818394526726,0.10786132314594954
2022-04-30,2022-05-31,BKNG,0.004014097005964896,0.01504325196012779
2022-04-30,2022-05-31,MDLZ,0.003955752869770268,-0.014268116983462975
2022-04-30,2022-05-31,BLK,0.003935010558653789,0.07107666133599211
2022-04-30,2022-05-31,SBUX,0.00379522986108067,0.059122467555579705
2022-04-30,2022-05-31,DUK,0.0037396445544434064,0.03066004048643145
2022-04-30,2022-05-31,NFLX,0.003733718179838698,0.037192698529690205
2022-04-30,2022-05-31,MMM,0.0036398157960158203,0.045615778765202064
2022-04-30,2022-05-31,GE,0.003622138851074191,0.05016786758845293
2022-04-30,2022-05-31,BA,0.0036052793371125205,-0.11717282229579373
2022-04-30,2022-05-31,SO,0.003439443027053185,0.04048163282922501
2022-04-30,2022-05-31,GILD,0.003292101092915438,0.09285476047526164
2022-04-30,2022-05-31,TMUS,0.0031976878147300858,0.08242629116157385
2022-04-30,2022-05-31,USB,0.0028911511972451757,0.09287475571608517
2022-04-30,2022-05-31,CL,0.002873372073431051,0.02284208815349098
2022-04-30,2022-05-31,F,0.0024628173637462614,-0.03389833537098119
2022-04-30,2022-05-31,GM,0.0024283830837154565,0.020311273578204503
2022-04-30,2022-05-31,GD,0.0024079473092164625,-0.04912692126106144
2022-04-30,2022-05-31,EMR,0.0023675866545809494,-0.010726319059728429
2022-04-30,2022-05-31,COF,0.0022797128242352757,0.03142048386451646
2022-04-30,2022-05-31,CHTR,0.002257335651158877,0.18306145821166386
2022-04-30,2022-05-31,DOW,0.0021625136574835446,0.032913446742199426
2022-04-30,2022-05-31,AIG,0.0021436105660719755,0.0029053509968295366
2022-04-30,2022-05-31,FDX,0.0021375820125947723,0.13001891981566205
2022-04-30,2022-05-31,MET,0.0020366292865697418,0.033687995792935466
2022-04-30,2022-05-31,EXC,0.0020200763092255566,0.058173242773473355
2022-04-30,2022-05-31,SPG,0.0017094525368408478,-0.028390097031416706
2022-04-30,2022-05-31,DD,0.001494570367983926,0.034187609358887094
2022-04-30,2022-05-31,BK,0.001375327623782296,0.10817879490364635
2022-04-30,2022-05-31,KHC,0.0013323103184619137,-0.10360602049449319
2022-04-30,2022-05-31,CASHUSD,0.002948167008097369,0.00032831522843523864
2022-06-01,2022-06-30,AAPL,0.10214510782010267,-0.08142958775816289
2022-06-01,2022-06-30,MSFT,0.09022162431090881,-0.05532038834726183
2022-06-01,2022-06-30,AMZN,0.04656900388537966,-0.11645921262241288
2022-06-01,2022-06-30,GOOGL,0.030291624049487126,-0.042184496354387035
2022-06-01,2022-06-30,TSLA,0.028098234913518438,-0.11188774122303669
2022-06-01,2022-06-30,GOOG,0.0280440103392273,-0.04092028406352133
2022-06-01,2022-06-30,BRKB,0.025615443812312306,-0.1359580368345359
2022-06-01,2022-06-30,JNJ,0.020921495070567515,-0.011251546114636746
2022-06-01,2022-06-30,UNH,0.020712357729422027,0.037605478306800055
2022-06-01,2022-06-30,NVDA,0.020663341165091057,-0.18797106453258805
2022-06-01,2022-06-30,XOM,0.0179906108771024,-0.10791669007129367
2022-06-01,2022-06-30,JPM,0.017297843434557984,-0.14837765470288378
2022-06-01,2022-06-30,PG,0.015691325538610346,-0.027657666857002328
2022-06-01,2022-06-30,V,0.015575830258905493,-0.0720178292485022
2022-06-01,2022-06-30,CVX,0.014903792738359383,-0.17107532855350205
2022-06-01,2022-06-30,HD,0.013994331234335121,-0.0883493774561045
2022-06-01,2022-06-30,MA,0.013672557913070756,-0.11845068106130496
2022-06-01,2022-06-30,PFE,0.013178205438224422,-0.011500858947092185
2022-06-01,2022-06-30,BAC,0.0117054619157634,-0.1583521211912191
2022-06-01,2022-06-30,ABBV,0.011532576408654365,0.039288861592647883
2022-06-01,2022-06-30,LLY,0.011016472833386162,0.03442430959645382
2022-06-01,2022-06-30,KO,0.010906594035010899,-0.00024410365873117623
2022-06-01,2022-06-30,AVGO,0.010601976511262372,-0.15564170034211167
2022-06-01,2022-06-30,MRK,0.0102900065028642,-0.0012373139255523746
2022-06-01,2022-06-30,PEP,0.010272952823190717,0.0004124497362787416
2022-06-01,2022-06-30,TMO,0.009900426934275322,-0.042235315461374046
2022-06-01,2022-06-30,VZ,0.009531168816315326,-0.010528435767376831
2022-06-01,2022-06-30,ABT,0.009194077818697532,-0.07500432558597814
2022-06-01,2022-06-30,COST,0.009151698914119712,0.02801245009983977
2022-06-01,2022-06-30,DIS,0.008900693257608186,-0.14523724622933798
2022-06-01,2022-06-30,CMCSA,0.008866994369630645,-0.11382094073645299
2022-06-01,2022-06-30,ADBE,0.00869513004094517,-0.12106226492917938
2022-06-01,2022-06-30,CSCO,0.00841073184998317,-0.05349627037406823
2022-06-01,2022-06-30,ACN,0.008349461144569454,-0.06972451924641287
2022-06-01,2022-06-30,MCD,0.008342721366973945,-0.01570824474919985
2022-06-01,2022-06-30,WMT,0.008055055405056548,-0.05480837631157742
2022-06-01,2022-06-30,INTC,0.00800675366562207,-0.15781175465750164
2022-06-01,2022-06-30,WFC,0.007872775056450744,-0.14419922738346225
2022-06-01,2022-06-30,DHR,0.007431728095314343,-0.03806405157430959
2022-06-01,2022-06-30,LIN,0.007366781147575804,-0.11116650511188775
2022-06-01,2022-06-30,PM,0.007289273705227453,-0.05902167503595579
2022-06-01,2022-06-30,BMY,0.007279878863730683,0.027632162014232353
2022-06-01,2022-06-30,TXN,0.007226164878651325,-0.1307424256348244
2022-06-01,2022-06-30,QCOM,0.007144879076135795,-0.10339028163254738
2022-06-01,2022-06-30,CRM,0.006986698538326052,0.02995506009601767
2022-06-01,2022-06-30,T,0.006729463693430799,-0.015500170553992887
2022-06-01,2022-06-30,NKE,0.0067145544884467945,-0.13796193974080018
2022-06-01,2022-06-30,NEE,0.006574040337364672,0.023384726450591975
2022-06-01,2022-06-30,COP,0.006477028387126289,-0.19449184408218345
2022-06-01,2022-06-30,AMGN,0.006405239543949885,-0.05234868688405869
2022-06-01,2022-06-30,RTX,0.006283617193703659,0.010407952041702195
2022-06-01,2022-06-30,UNP,0.0061961022028044,-0.029574962724379095
2022-06-01,2022-06-30,MDT,0.005960720576173374,-0.09696403313800772
2022-06-01,2022-06-30,UPS,0.005882294073243818,0.001591052314434016
2022-06-01,2022-06-30,HON,0.00587820935954957,-0.10231378715976147
2022-06-01,2022-06-30,LOW,0.005824495374470213,-0.10563250677744918
2022-06-01,2022-06-30,CVS,0.005621178750339031,-0.04227396862802346
2022-06-01,2022-06-30,IBM,0.005504968645737683,0.016925956529882935
2022-06-01,2022-06-30,MS,0.0054055058672827505,-0.11701909430982516
2022-06-01,2022-06-30,CAT,0.0051683882373316685,-0.17183252615713662
2022-06-01,2022-06-30,AMT,0.005157563746041912,0.0038381745728190975
2022-06-01,2022-06-30,ORCL,0.005015926298693872,-0.02850392290038184
2022-06-01,2022-06-30,GS,0.0049058432646338955,-0.09126536954166131
2022-06-01,2022-06-30,LMT,0.004722950208973953,-0.023062605352385024
2022-06-01,2022-06-30,C,0.004696501687803698,-0.13892520161335054
2022-06-01,2022-06-30,SCHW,0.004665049392357991,-0.09871614151464903
2022-06-01,2022-06-30,AXP,0.004597038909348766,-0.17581610369091627
2022-06-01,2022-06-30,PYPL,0.004394232874429366,-0.18037795488925512
2022-06-01,2022-06-30,MO,0.0043668652926779055,-0.21274455064895126
2022-06-01,2022-06-30,BLK,0.004223083370640385,-0.08321842522840961
2022-06-01,2022-06-30,BKNG,0.004082262866031194,-0.22043986967236118
2022-06-01,2022-06-30,SBUX,0.003999445295880321,-0.026879178867991738
2022-06-01,2022-06-30,MDLZ,0.003907130766390322,-0.01755644967731973
2022-06-01,2022-06-30,NFLX,0.003880273773850643,-0.11431321053423726
2022-06-01,2022-06-30,DUK,0.003827376731510135,-0.0471915881755699
2022-06-01,2022-06-30,GE,0.003811446348102569,-0.18577079672245278
2022-06-01,2022-06-30,MMM,0.0037752966319084757,-0.13316363291739597
2022-06-01,2022-06-30,GILD,0.0036049640708583452,-0.034967235126780793
2022-06-01,2022-06-30,SO,0.0035528839712566864,-0.05749420461847776
2022-06-01,2022-06-30,TMUS,0.003468126162101046,0.009377856584323663
2022-06-01,2022-06-30,TGT,0.0034337124492270087,-0.1275636368271449
2022-06-01,2022-06-30,BA,0.003189242334626281,0.04048712002536159
2022-06-01,2022-06-30,USB,0.003165959466569069,-0.12425212824516274
2022-06-01,2022-06-30,CL,0.0029448743378679104,0.016876321734998756
2022-06-01,2022-06-30,CHTR,0.0026759980589440525,-0.07575009261889143
2022-06-01,2022-06-30,GM,0.0024825868655214216,-0.17890379175670068
2022-06-01,2022-06-30,FDX,0.0024202949816841436,0.014598966228934085
2022-06-01,2022-06-30,F,0.002384043147647695,-0.18640356555745774
2022-06-01,2022-06-30,COF,0.0023437065999169985,-0.18512443555656177
2022-06-01,2022-06-30,EMR,0.002332269401573105,-0.10286486470885126
2022-06-01,2022-06-30,GD,0.0022941794463742448,-0.010587873582261764
2022-06-01,2022-06-30,DOW,0.002215038118548194,-0.24080604093943614
2022-06-01,2022-06-30,AIG,0.002154175884503903,-0.12327077237050266
2022-06-01,2022-06-30,EXC,0.0021266040670677305,-0.0779246811962716
2022-06-01,2022-06-30,MET,0.0020938242396713927,-0.06825960248834406
2022-06-01,2022-06-30,SPG,0.0016642144768788864,-0.15936094412595103
2022-06-01,2022-06-30,DD,0.0015411624768396734,-0.18083997581087707
2022-06-01,2022-06-30,BK,0.0015271723324368747,-0.10512781937951055
2022-06-01,2022-06-30,KHC,0.0011846690891742016,0.008194594281548007
2022-06-01,2022-06-30,CASHUSD,0.004630329325956885,0.0007762476893453663
2022-07-01,2022-07-29,AAPL,0.09955663026989679,0.1886334059560164
2022-07-01,2022-07-29,MSFT,0.09096789374346033,0.09309670699197503
2022-07-01,2022-07-29,AMZN,0.044011855233975654,0.27059597129750057
2022-07-01,2022-07-29,GOOGL,0.03104098766915486,0.06751831017772725
2022-07-01,2022-07-29,GOOG,0.028568110021377463,0.06644732939288134
2022-07-01,2022-07-29,TSLA,0.026762890314053555,0.32376526434081954
2022-07-01,2022-07-29,BRKB,0.02339225905288295,0.10101830708249948
2022-07-01,2022-07-29,UNH,0.022820724631151024,0.05589635681680827
2022-07-01,2022-07-29,JNJ,0.022121125646455693,-0.016844207767996777
2022-07-01,2022-07-29,NVDA,0.01797649980224588,0.19816581003127998
2022-07-01,2022-07-29,META,0.017514606269055735,-0.013333444065917188
2022-07-01,2022-07-29,XOM,0.017083151850127414,0.13183096771932323
2022-07-01,2022-07-29,PG,0.016338394837366012,-0.02766686736108348
2022-07-01,2022-07-29,JPM,0.01566342750434308,0.03348218385569712
2022-07-01,2022-07-29,V,0.015345318734573926,0.07730202338735714
2022-07-01,2022-07-29,PFE,0.013931902494705694,-0.029144856021329213
2022-07-01,2022-07-29,CVX,0.013471811277491577,0.13123380666039042
2022-07-01,2022-07-29,HD,0.013422347716816108,0.09723975518674788
2022-07-01,2022-07-29,MA,0.012825981386081112,0.12315286993378649
2022-07-01,2022-07-29,ABBV,0.012817570578192976,-0.05424175571408918
2022-07-01,2022-07-29,LLY,0.012109460656944172,0.01683984116511339
2022-07-01,2022-07-29,KO,0.011623836630069637,0.0200284140815139
2022-07-01,2022-07-29,MRK,0.010918530311450212,-0.02007230099312607
2022-07-01,2022-07-29,PEP,0.010913223492187459,0.049802217457126874
2022-07-01,2022-07-29,BAC,0.010452631631646664,0.08609063185853305
2022-07-01,2022-07-29,VZ,0.010093570237755515,-0.07840147746608928
2022-07-01,2022-07-29,TMO,0.010071942446043165,0.10147628621046678
2022-07-01,2022-07-29,COST,0.01006032752086431,0.1313521583017203
2022-07-01,2022-07-29,AVGO,0.009393370481068171,0.10224157990033333
2022-07-01,2022-07-29,ABT,0.009009477178173951,0.0062014759427651
2022-07-01,2022-07-29,MCD,0.008646610895000075,0.0667936006397516
2022-07-01,2022-07-29,CSCO,0.008388779581762564,0.07360122566168847
2022-07-01,2022-07-29,ACN,0.008328602253896256,0.10696695038580506
2022-07-01,2022-07-29,CMCSA,0.00830787562017192,-0.03738216734485533
2022-07-01,2022-07-29,ADBE,0.008191325853722032,0.12036277619092006
2022-07-01,2022-07-29,DIS,0.008143163965695917,0.12394065807399568
2022-07-01,2022-07-29,WMT,0.008083487281156284,0.08611585090543383
2022-07-01,2022-07-29,DHR,0.007769283529335195,0.14969235429154226
2022-07-01,2022-07-29,CRM,0.007765478640052466,0.11500246423102833
2022-07-01,2022-07-29,BMY,0.007763876581407108,-0.04181804470070127
2022-07-01,2022-07-29,PM,0.007248614469593426,-0.016102940270735
2022-07-01,2022-07-29,INTC,0.007244409065649358,-0.02940388417937656
2022-07-01,2022-07-29,NEE,0.007206560430152746,0.09075662149352004
2022-07-01,2022-07-29,T,0.007106231507487119,-0.09207375424521314
2022-07-01,2022-07-29,WFC,0.007031235137151238,0.11998966108555154
2022-07-01,2022-07-29,LIN,0.006853206370185688,0.050325086435576205
2022-07-01,2022-07-29,QCOM,0.006775506525885763,0.1355878986629886
2022-07-01,2022-07-29,RTX,0.006771901893933704,-0.030173713511007616
2022-07-01,2022-07-29,TXN,0.006710022378756701,0.17193805243048477
2022-07-01,2022-07-29,UPS,0.006349058540224187,0.06765635714694795
2022-07-01,2022-07-29,UNP,0.00634345133496543,0.06573519705734387
2022-07-01,2022-07-29,AMGN,0.0061552094441357135,0.017139371725010566
2022-07-01,2022-07-29,NKE,0.0061399898870048005,0.124462018454641
2022-07-01,2022-07-29,IBM,0.006014128154678761,-0.07365948841105063
2022-07-01,2022-07-29,CVS,0.005754394396799887,0.03859587335403569
2022-07-01,2022-07-29,MDT,0.0057021272334950406,0.03086372585176078
2022-07-01,2022-07-29,AMT,0.005624827903856456,0.05962642425947595
2022-07-01,2022-07-29,HON,0.0056033002408094395,0.10730125845865635
2022-07-01,2022-07-29,COP,0.005501369259498455,0.08484575003841943
2022-07-01,2022-07-29,LOW,0.005468827443264594,0.10275711654104369
2022-07-01,2022-07-29,ORCL,0.005208993556720385,0.11905181817888777
2022-07-01,2022-07-29,MS,0.005040877527622995,0.11884509884217054
2022-07-01,2022-07-29,GS,0.004831107973746264,0.12245027608703096
2022-07-01,2022-07-29,LMT,0.004822597037192792,-0.03756141702735827
2022-07-01,2022-07-29,CAT,0.004515402291945149,0.116753443601882
2022-07-01,2022-07-29,SCHW,0.00451259868931577,0.09290881657975159
2022-07-01,2022-07-29,C,0.004229534952413851,0.13963395749753404
2022-07-01,2022-07-29,SBUX,0.004158043085364693,0.10983112235757142
2022-07-01,2022-07-29,BLK,0.0041075782380358755,0.09874566007092866
2022-07-01,2022-07-29,MDLZ,0.004077639767100724,0.031406131530472337
2022-07-01,2022-07-29,AXP,0.004004445712740871,0.11109530027148384
2022-07-01,2022-07-29,DUK,0.003909023094676659,0.025370740410318282
2022-07-01,2022-07-29,PYPL,0.003826216688444651,0.2389748409724235
2022-07-01,2022-07-29,TMUS,0.003754023920738148,0.06332705791827786
2022-07-01,2022-07-29,NFLX,0.0036792278077329363,0.28609826723256315
2022-07-01,2022-07-29,GILD,0.00367161802916748,-0.03332814386425986
2022-07-01,2022-07-29,BA,0.0036009271914410014,0.16522817536714518
2022-07-01,2022-07-29,SO,0.0035883109796087972,0.07824977751739137
2022-07-01,2022-07-29,MO,0.00358110171570468,0.05003592000002488
2022-07-01,2022-07-29,MMM,0.003493589262201929,0.1068695397310031
2022-07-01,2022-07-29,BKNG,0.0033649239272465115,0.10674727985075427
2022-07-01,2022-07-29,GE,0.003325072718443199,0.160829443272142
2022-07-01,2022-07-29,CL,0.003180286668368854,-0.011477013115223866
2022-07-01,2022-07-29,TGT,0.0030928743435314375,0.15683629108729047
2022-07-01,2022-07-29,USB,0.002946686492142403,0.02564096482323075
2022-07-01,2022-07-29,CHTR,0.0025699023244869653,-0.07775381036581552
2022-07-01,2022-07-29,FDX,0.00256008971528414,0.02814166640460014
2022-07-01,2022-07-29,GD,0.0024151034078791246,0.024497130303786196
2022-07-01,2022-07-29,EMR,0.0022392774715509424,0.13238628361946736
2022-07-01,2022-07-29,GM,0.002193018028166193,0.14168782256730283
2022-07-01,2022-07-29,EXC,0.002103803387352748,0.0258163145745105
2022-07-01,2022-07-29,F,0.002081474694983053,0.31985629728629617
2022-07-01,2022-07-29,MET,0.0020554412419959644,0.007325956771272679
2022-07-01,2022-07-29,COF,0.0019393921188727513,0.05413192478723805
2022-07-01,2022-07-29,AIG,0.0019182649704870757,0.01251719025229292
2022-07-01,2022-07-29,DOW,0.0017795867689981623,0.03100166019180728
2022-07-01,2022-07-29,SPG,0.0014776988430132718,0.14454255673609273
2022-07-01,2022-07-29,BK,0.001467986362475781,0.05089933158948767
2022-07-01,2022-07-29,DD,0.00133581652423364,0.10780660586151236
2022-07-01,2022-07-29,KHC,0.0012827483316061137,-0.03434712104505355
2022-07-01,2022-07-29,CASHUSD,0.0027849786976264497,0.00036129066874868165
2022-07-30,2022-08-31,AAPL,0.10817749605390221,-0.031207872064112352
2022-07-30,2022-08-31,MSFT,0.09089997061389918,-0.06666313133123247
2022-07-30,2022-08-31,AMZN,0.05112080190514047,-0.06061504624052039
2022-07-30,2022-08-31,TSLA,0.0323862865530304,-0.07248867234513756
2022-07-30,2022-08-31,GOOGL,0.03029231410788153,-0.06963556553830486
2022-07-30,2022-08-31,GOOG,0.027850814725890755,-0.06421478591519092
2022-07-30,2022-08-31,BRKB,0.023543923710278077,-0.06586832304896384
2022-07-30,2022-08-31,UNH,0.02202706024350915,-0.04242714739964604
2022-07-30,2022-08-31,JNJ,0.019881724698792468,-0.06930981423672555
2022-07-30,2022-08-31,NVDA,0.01968998915167283,-0.16896969201719791
2022-07-30,2022-08-31,XOM,0.017675414246401705,-0.0042425378854609175
2022-07-30,2022-08-31,META,0.01579760736064255,0.024072729798758852
2022-07-30,2022-08-31,V,0.015112465664068308,-0.061515288911889066
2022-07-30,2022-08-31,JPM,0.014668320031158278,-0.014129628957963103
2022-07-30,2022-08-31,PG,0.014428925935511774,-0.006982696367675678
2022-07-30,2022-08-31,CVX,0.013931614989014005,-0.026155973020068446
2022-07-30,2022-08-31,HD,0.013463039343833898,-0.03534945422242919
2022-07-30,2022-08-31,MA,0.013148853366360572,-0.08315667766370449
2022-07-30,2022-08-31,PFE,0.012269473047639024,-0.10453379981757671
2022-07-30,2022-08-31,LLY,0.011255827784433176,-0.08334073318212121
2022-07-30,2022-08-31,ABBV,0.010978887563371603,-0.06306164259250924
2022-07-30,2022-08-31,KO,0.010838815484823103,-0.03833550274796238
2022-07-30,2022-08-31,PEP,0.010473366530783066,-0.015375202986392389
2022-07-30,2022-08-31,COST,0.010387260749831166,-0.03547057396799247
2022-07-30,2022-08-31,BAC,0.01037794931072823,-0.005915429207649536
2022-07-30,2022-08-31,TMO,0.010142359889123789,-0.08871835155579044
2022-07-30,2022-08-31,MRK,0.009780915855128025,-0.04454867338998281
2022-07-30,2022-08-31,AVGO,0.009464226802627027,-0.06792045286739934
2022-07-30,2022-08-31,MCD,0.008431958661215303,-0.03686473357352693
2022-07-30,2022-08-31,VZ,0.008398016963840077,-0.09482568959231785
2022-07-30,2022-08-31,ACN,0.008398016963840077,-0.05812061861073814
2022-07-30,2022-08-31,ADBE,0.008389907000750423,-0.08943722108769736
2022-07-30,2022-08-31,DIS,0.008366578341492523,0.05636200135160818
2022-07-30,2022-08-31,ABT,0.008250535783209672,-0.0568726058341007
2022-07-30,2022-08-31,DHR,0.008165631478271054,-0.07396966886581713
2022-07-30,2022-08-31,CSCO,0.008159523975203536,-0.014326725104340965
2022-07-30,2022-08-31,WMT,0.00802585976872588,0.008158427141718994
2022-07-30,2022-08-31,CRM,0.007915223852502798,-0.15161402431411986
2022-07-30,2022-08-31,CMCSA,0.0072617210242783255,-0.035447542035780266
2022-07-30,2022-08-31,WFC,0.007198843779583217,0.0032100392636722486
2022-07-30,2022-08-31,NEE,0.007185827789439326,0.011628849348363168
2022-07-30,2022-08-31,TXN,0.007141673545951201,-0.07647144052095867
2022-07-30,2022-08-31,QCOM,0.007033941196760219,-0.08305363932192
2022-07-30,2022-08-31,BMY,0.006800554481180131,-0.08633768231313244
2022-07-30,2022-08-31,LIN,0.006579983509741718,-0.06337750279963084
2022-07-30,2022-08-31,PM,0.00651960934007428,-0.017086926802907354
2022-07-30,2022-08-31,INTC,0.00642779654805929,-0.11202858033562713
2022-07-30,2022-08-31,NKE,0.006311453620773119,-0.07370382058180047
2022-07-30,2022-08-31,UPS,0.006196512415502445,0.005526698222846793
2022-07-30,2022-08-31,UNP,0.00618009224332092,-0.006718487098856696
2022-07-30,2022-08-31,RTX,0.0060036755153706324,-0.03151285427624717
2022-07-30,2022-08-31,T,0.005820550546346186,-0.06602756337815285
2022-07-30,2022-08-31,AMGN,0.005723431235272532,-0.021474325119584692
2022-07-30,2022-08-31,HON,0.005671667643700286,-0.011246422824767954
2022-07-30,2022-08-31,LOW,0.005481634187599466,0.013627261007960412
2022-07-30,2022-08-31,COP,0.00545570233031279,0.1284224902039266
2022-07-30,2022-08-31,AMT,0.005448193105229775,-0.0619574417026415
2022-07-30,2022-08-31,CVS,0.0054319731790504625,0.025815270476430507
2022-07-30,2022-08-31,MDT,0.0053735013464040575,-0.04971919957356641
2022-07-30,2022-08-31,ORCL,0.005305017213646965,-0.04740472967134257
2022-07-30,2022-08-31,MS,0.005107174163459811,0.010913498255324727
2022-07-30,2022-08-31,IBM,0.005093056820303743,-0.005517499049056518
2022-07-30,2022-08-31,GS,0.004957089784800627,0.005373661991617373
2022-07-30,2022-08-31,CAT,0.004577623610605629,-0.06829756754649585
2022-07-30,2022-08-31,SCHW,0.0045085387398418955,0.03075878026010348
2022-07-30,2022-08-31,C,0.004363360388236949,-0.059537330599623406
2022-07-30,2022-08-31,PYPL,0.004333723979909318,0.07985678761617354
2022-07-30,2022-08-31,NFLX,0.004325614016819663,-0.005958153499925456
2022-07-30,2022-08-31,LMT,0.004243513155912038,0.021955384883763474
2022-07-30,2022-08-31,SBUX,0.004218382282634215,-0.0027245861045117614
2022-07-30,2022-08-31,BLK,0.004125668383609263,-0.004169032387196014
2022-07-30,2022-08-31,AXP,0.004067496919966178,-0.01311509743669792
2022-07-30,2022-08-31,MDLZ,0.0038446231195023084,-0.0340413996331137
2022-07-30,2022-08-31,BA,0.003835812295404905,0.005900461087261721
2022-07-30,2022-08-31,DUK,0.003664201471507747,-0.01850962325650307
2022-07-30,2022-08-31,TMUS,0.0036489827753395047,0.006291344563402523
2022-07-30,2022-08-31,SO,0.003536945137100929,0.011167784022168004
2022-07-30,2022-08-31,MMM,0.003534842554077684,-0.12296752605599204
2022-07-30,2022-08-31,GE,0.0035284346820068455,-0.006359184239300264
2022-07-30,2022-08-31,MO,0.00343742287400071,0.028727762042827232
2022-07-30,2022-08-31,BKNG,0.0034069854816642245,-0.030934653961118608
2022-07-30,2022-08-31,TGT,0.003270517831155574,-0.012455858431887679
2022-07-30,2022-08-31,GILD,0.003244585973868898,0.06225952572017879
2022-07-30,2022-08-31,CL,0.002856609344579816,-0.00673081694374833
2022-07-30,2022-08-31,USB,0.0027626939695415817,-0.033686441167923076
2022-07-30,2022-08-31,F,0.0025113852367633633,0.047787307443252436
2022-07-30,2022-08-31,FDX,0.002406055839598947,-0.095585356368737
2022-07-30,2022-08-31,EMR,0.002317947598624911,-0.0871131908950189
2022-07-30,2022-08-31,GM,0.0022888118053028144,0.05618402371361908
2022-07-30,2022-08-31,GD,0.002261878718005069,0.009970239048208374
2022-07-30,2022-08-31,CHTR,0.002166361374949125,-0.04505901630568088
2022-07-30,2022-08-31,EXC,0.001972923736810672,-0.04845801133304295
2022-07-30,2022-08-31,MET,0.001892825335925184,0.025172749350596657
2022-07-30,2022-08-31,COF,0.0018687958156595379,-0.031072070455258616
2022-07-30,2022-08-31,AIG,0.0017755813016290512,-0.0003864726507289973
2022-07-30,2022-08-31,DOW,0.001677260514542115,-0.028843394150483648
2022-07-30,2022-08-31,SPG,0.0015460993830921285,-0.061303285126500406
2022-07-30,2022-08-31,BK,0.0013983178334584037,-0.044408745572381836
2022-07-30,2022-08-31,DD,0.0013453527658728748,-0.09129521100042326
2022-07-30,2022-08-31,KHC,0.0011322910195174772,0.02602427617308667
2022-07-30,2022-08-31,CASHUSD,0.0038238976582731887,0.001937230497892406
2022-09-01,2022-09-30,AAPL,0.1097798074649336,-0.12097704797190978
2022-09-01,2022-09-30,MSFT,0.08880564306067441,-0.10926683049096486
2022-09-01,2022-09-30,AMZN,0.05037291430189268,-0.10862189009783763
2022-09-01,2022-09-30,TSLA,0.0315093513399546,-0.03758929611475259
2022-09-01,2022-09-30,GOOGL,0.02956223591202069,-0.11615221090219519
2022-09-01,2022-09-30,GOOG,0.027338505751844443,-0.11910207641321346
2022-09-01,2022-09-30,BRKB,0.023070249329687313,-0.04907407186020518
2022-09-01,2022-09-30,UNH,0.022125774706461005,-0.024465058891713354
2022-09-01,2022-09-30,JNJ,0.01927983659808129,0.012520235336142216
2022-09-01,2022-09-30,XOM,0.018286506386967088,-0.08661985225942981
2022-09-01,2022-09-30,NVDA,0.017163829004641477,-0.1955343174735361
2022-09-01,2022-09-30,META,0.01696980824782437,-0.1672495922701429
2022-09-01,2022-09-30,JPM,0.015169059355734952,-0.08115731356611378
2022-09-01,2022-09-30,PG,0.015029600679653306,-0.08474712464982148
2022-09-01,2022-09-30,V,0.014850797237096367,-0.10598367036433243
2022-09-01,2022-09-30,CVX,0.014103146560156142,-0.09104129866753385
2022-09-01,2022-09-30,HD,0.013534799895320894,-0.04327060886376777
2022-09-01,2022-09-30,MA,0.012650193390039184,-0.12340827054676562
2022-09-01,2022-09-30,PFE,0.011524812932154203,-0.03250047060299932
2022-09-01,2022-09-30,KO,0.010933640295928705,-0.08558706707687758
2022-09-01,2022-09-30,BAC,0.0108216128310792,-0.09553752097037882
2022-09-01,2022-09-30,PEP,0.010817007591237309,-0.045932620884301945
2022-09-01,2022-09-30,ABBV,0.010790277177372415,-0.0018593880009227792
2022-09-01,2022-09-30,LLY,0.010788074671361073,0.07343237751336207
2022-09-01,2022-09-30,COST,0.010508756863559355,-0.09544123862570386
2022-09-01,2022-09-30,MRK,0.009802653459105769,0.017036922457635884
2022-09-01,2022-09-30,TMO,0.009694230095002091,-0.06942362575404626
2022-09-01,2022-09-30,DIS,0.00927104859909605,-0.15836900409933952
2022-09-01,2022-09-30,AVGO,0.00925402923446297,-0.10293697387162037
2022-09-01,2022-09-30,MCD,0.008472740283895015,-0.08538118737186273
2022-09-01,2022-09-30,WMT,0.008450715223781618,-0.02150126275753328
2022-09-01,2022-09-30,CSCO,0.008436499048617516,-0.10554575533864297
2022-09-01,2022-09-30,ACN,0.00829734071426469,-0.10802190474769291
2022-09-01,2022-09-30,ABT,0.008162186936296115,-0.05737935323552368
2022-09-01,2022-09-30,ADBE,0.008013017210982656,-0.2630676670740144
2022-09-01,2022-09-30,VZ,0.007973772558416966,-0.09184419190782245
2022-09-01,2022-09-30,DHR,0.007931624602472693,-0.04215224671085627
2022-09-01,2022-09-30,NEE,0.007588434120342124,-0.0781801707679931
2022-09-01,2022-09-30,WFC,0.007523760534736422,-0.07984432347236692
2022-09-01,2022-09-30,CMCSA,0.007347259712100427,-0.18955504403235057
2022-09-01,2022-09-30,CRM,0.007043914565993186,-0.07865747682322011
2022-09-01,2022-09-30,TXN,0.006918371723346824,-0.06313195935986038
2022-09-01,2022-09-30,QCOM,0.006727454497727514,-0.14583827101973101
2022-09-01,2022-09-30,PM,0.006721948232699164,-0.11827550607504878
2022-09-01,2022-09-30,BMY,0.006517615743192605,0.054591324644570394
2022-09-01,2022-09-30,UPS,0.006487381342491486,-0.16950320281177966
2022-09-01,2022-09-30,LIN,0.006464855712830057,-0.04295476095856021
2022-09-01,2022-09-30,COP,0.006428914819281377,-0.05151571365517593
2022-09-01,2022-09-30,UNP,0.006402985316693333,-0.1322438262157093
2022-09-01,2022-09-30,NKE,0.006133378558123432,-0.21692076897381563
2022-09-01,2022-09-30,RTX,0.00606239779621253,-0.08791088360771815
2022-09-01,2022-09-30,INTC,0.005927244018243957,-0.19266910859303765
2022-09-01,2022-09-30,HON,0.005853460066864077,-0.11819378188725305
2022-09-01,2022-09-30,CVS,0.005844850270637931,-0.0283241929481729
2022-09-01,2022-09-30,AMGN,0.00582953284246816,-0.062005872575995324
2022-09-01,2022-09-30,LOW,0.005828731931191309,-0.032605340431541285
2022-09-01,2022-09-30,T,0.005702388177268095,-0.12542759995171893
2022-09-01,2022-09-30,MS,0.0054158621679747205,-0.07287050878257006
2022-09-01,2022-09-30,AMT,0.005361199973329654,-0.15489065046764272
2022-09-01,2022-09-30,MDT,0.005356294391758943,-0.07420793382406543
2022-09-01,2022-09-30,ORCL,0.005301031513656237,-0.17639944060173107
2022-09-01,2022-09-30,IBM,0.005247070116378414,-0.07504865169665254
2022-09-01,2022-09-30,GS,0.00518880382098752,-0.11909679368937387
2022-09-01,2022-09-30,PYPL,0.004913991139118088,-0.0788741852698821
2022-09-01,2022-09-30,SCHW,0.004860830653117116,0.01296701000735112
2022-09-01,2022-09-30,LMT,0.004520843816093951,-0.08050262901464633
2022-09-01,2022-09-30,NFLX,0.0045114331085909535,0.05314008219276478
2022-09-01,2022-09-30,CAT,0.004475492215042275,-0.11168863178026545
2022-09-01,2022-09-30,SBUX,0.004379382861820178,0.0022601300928695167
2022-09-01,2022-09-30,C,0.004305999366078723,-0.14628182282770652
2022-09-01,2022-09-30,BLK,0.004301294012327226,-0.16806802004463228
2022-09-01,2022-09-30,AXP,0.004212593088415999,-0.11243425317974576
2022-09-01,2022-09-30,BA,0.004049707757486467,-0.24443056579685063
2022-09-01,2022-09-30,MDLZ,0.0038880237934722115,-0.10773501670662244
2022-09-01,2022-09-30,TMUS,0.003854986203302117,-0.06800501473196663
2022-09-01,2022-09-30,DUK,0.0037412568019893028,-0.12992248919882377
2022-09-01,2022-09-30,SO,0.0037220349313448835,-0.11768511088380373
2022-09-01,2022-09-30,MO,0.0037129245655707055,-0.08503750125150611
2022-09-01,2022-09-30,GE,0.003670476267897613,-0.1559526288738673
2022-09-01,2022-09-30,GILD,0.003619017718359949,-0.017022153530529494
2022-09-01,2022-09-30,BKNG,0.0034569332987072687,-0.12399955431329102
2022-09-01,2022-09-30,TGT,0.003370434880807382,-0.07452907035722678
2022-09-01,2022-09-30,MMM,0.0032126553592677744,-0.11137911333460593
2022-09-01,2022-09-30,CL,0.002980991772438681,-0.10177739657116869
2022-09-01,2022-09-30,USB,0.00280519174716993,-0.1056187918488668
2022-09-01,2022-09-30,F,0.002738215541643281,-0.26509167043864756
2022-09-01,2022-09-30,GM,0.002525073028091362,-0.1601674309186455
2022-09-01,2022-09-30,GD,0.0023917213004957037,-0.07320999053067834
2022-09-01,2022-09-30,FDX,0.0022781921270021025,-0.2918535028068062
2022-09-01,2022-09-30,EMR,0.0022023057835204893,-0.10423272519331661
2022-09-01,2022-09-30,CHTR,0.002165864320423778,-0.26483774201135113
2022-09-01,2022-09-30,MET,0.0020154932281950403,-0.0551840125343076
2022-09-01,2022-09-30,EXC,0.001950919756498944,-0.14689127476678188
2022-09-01,2022-09-30,COF,0.0018851449178875722,-0.1289926499021561
2022-09-01,2022-09-30,AIG,0.0018582142762034641,-0.07706284698261723
2022-09-01,2022-09-30,DOW,0.0016831150483019577,-0.13862754479764083
2022-09-01,2022-09-30,SPG,0.0015194288060955752,-0.1047830302140641
2022-09-01,2022-09-30,BK,0.0013988916589295298,-0.07247744075070273
2022-09-01,2022-09-30,DD,0.0012896673835490018,-0.09417677417431891
2022-09-01,2022-09-30,KHC,0.0012037696491067535,-0.10828897906475221
2022-09-01,2022-09-30,CASHUSD,0.003556246297036768,0.0020670220967171637
2022-10-01,2022-10-31,AAPL,0.10488904559933634,0.1095515743535751
2022-10-01,2022-10-31,MSFT,0.08726572772547532,-0.0033061405167831293
2022-10-01,2022-10-31,AMZN,0.05031826970842444,-0.09345130582826322
2022-10-01,2022-10-31,TSLA,0.03549421556242865,-0.14216779156971604
2022-10-01,2022-10-31,GOOGL,0.028814065657005544,-0.01191847070447316
2022-10-01,2022-10-31,GOOG,0.02590107339314893,-0.015496663539706579
2022-10-01,2022-10-31,BRKB,0.02421236481471358,0.10512324349912805
2022-10-01,2022-10-31,UNH,0.023734124307292097,0.0992199433273635
2022-10-01,2022-10-31,JNJ,0.021578688233441428,0.06494827454787866
2022-10-01,2022-10-31,XOM,0.018281461708022403,0.2691555774975598
2022-10-01,2022-10-31,META,0.01554667084739172,-0.3133844285774414
2022-10-01,2022-10-31,JPM,0.015396501125572119,0.21537092810302583
2022-10-01,2022-10-31,NVDA,0.01527135969072245,0.11187101654113496
2022-10-01,2022-10-31,PG,0.015156730136400155,0.07426344720841538
2022-10-01,2022-10-31,V,0.014592993000689374,0.16611325172883418
2022-10-01,2022-10-31,HD,0.01424830343253945,0.0731683849868685
2022-10-01,2022-10-31,CVX,0.012998691120704618,0.25913536079830934
2022-10-01,2022-10-31,LLY,0.012811879986761034,0.11980842850027207
2022-10-01,2022-10-31,PFE,0.012339045589325052,0.06375688758833231
2022-10-01,2022-10-31,MA,0.01218867564120969,0.1560434074846948
2022-10-01,2022-10-31,ABBV,0.01192197421525808,0.10192760044041349
2022-10-01,2022-10-31,PEP,0.011319893743909364,0.11221372971001053
2022-10-01,2022-10-31,MRK,0.01096088799561264,0.1751042651420549
2022-10-01,2022-10-31,KO,0.010954480754148335,0.06836858876679086
2022-10-01,2022-10-31,BAC,0.01060678779156202,0.1933774724933841
2022-10-01,2022-10-31,COST,0.010510378830153837,0.06380940920986444
2022-10-01,2022-10-31,TMO,0.00998338321971492,0.01336764890079123
2022-10-01,2022-10-31,WMT,0.009288297633985929,0.09737843570906346
2022-10-01,2022-10-31,AVGO,0.009008281159366313,0.05880508961500497
2022-10-01,2022-10-31,DIS,0.008639864775168893,0.1294391946194049
2022-10-01,2022-10-31,MCD,0.008528839294170268,0.18167595789899083
2022-10-01,2022-10-31,ABT,0.00851322164310103,0.027354564902265288
2022-10-01,2022-10-31,DHR,0.008495801955369957,-0.02562994884189196
2022-10-01,2022-10-31,CSCO,0.008321805304354979,0.1463000004354571
2022-10-01,2022-10-31,ACN,0.008176941579373005,0.10828790930914245
2022-10-01,2022-10-31,VZ,0.008011554659075687,0.0007847040295352326
2022-10-01,2022-10-31,NEE,0.0077400478020258475,-0.011605673764698787
2022-10-01,2022-10-31,WFC,0.007664562488524529,0.14346092777740505
2022-10-01,2022-10-31,BMY,0.00762631926603447,0.09804398102630718
2022-10-01,2022-10-31,CRM,0.00719052673331399,0.13035332876340977
2022-10-01,2022-10-31,TXN,0.007105230331320457,0.04607015875791021
2022-10-01,2022-10-31,LIN,0.006750028882643161,0.1029711633225392
2022-10-01,2022-10-31,COP,0.006545497721524866,0.23206995958876586
2022-10-01,2022-10-31,CMCSA,0.006489334245564335,0.09179222832764422
2022-10-01,2022-10-31,ADBE,0.006470713200058705,0.15734006494300012
2022-10-01,2022-10-31,PM,0.006465006750629559,0.1064929716699925
2022-10-01,2022-10-31,QCOM,0.0063744043517984005,0.04142321119243264
2022-10-01,2022-10-31,CVS,0.006290409420727305,-0.0010309810209897519
2022-10-01,2022-10-31,UNP,0.0061124082437971385,0.011908681738175941
2022-10-01,2022-10-31,RTX,0.0060724630977931245,0.15831898771017583
2022-10-01,2022-10-31,AMGN,0.006057746465054804,0.19942336392204485
2022-10-01,2022-10-31,LOW,0.006030715915127275,0.04366308248933226
2022-10-01,2022-10-31,UPS,0.005939713063704598,0.038566613670311556
2022-10-01,2022-10-31,HON,0.005651487310958844,0.22189593403444974
2022-10-01,2022-10-31,SCHW,0.005513531393180572,0.10852905966817894
2022-10-01,2022-10-31,T,0.005492007066386429,0.20950358348120734
2022-10-01,2022-10-31,IBM,0.005391193126471537,0.16395921130256363
2022-10-01,2022-10-31,MDT,0.005390492334436379,0.08160979145384362
2022-10-01,2022-10-31,INTC,0.005316108265561737,0.10322088191142087
2022-10-01,2022-10-31,MS,0.005315707812970218,0.05008051357648058
2022-10-01,2022-10-31,NKE,0.00527706413788864,0.11501419983783157
2022-10-01,2022-10-31,NFLX,0.005260345242192725,0.23972132814132263
2022-10-01,2022-10-31,AMD,0.0051388078806667275,-0.05208332079026845
2022-10-01,2022-10-31,GS,0.005025780136710509,0.1756010251952025
2022-10-01,2022-10-31,AMT,0.005022176063386839,-0.027942590833845204
2022-10-01,2022-10-31,PYPL,0.005000851962888455,-0.028929937349032153
2022-10-01,2022-10-31,SBUX,0.004857289708828917,0.02765239073696324
2022-10-01,2022-10-31,ORCL,0.0046606674863931205,0.28494053628794336
2022-10-01,2022-10-31,LMT,0.004579876176054176,0.25988243112300524
2022-10-01,2022-10-31,CAT,0.004351818425184142,0.32806202357340686
2022-10-01,2022-10-31,BLK,0.004168311025120591,0.1737840768460921
2022-10-01,2022-10-31,AXP,0.004065494822248104,0.10456374003599112
2022-10-01,2022-10-31,TMUS,0.004057585883565605,0.1296113614284129
2022-10-01,2022-10-31,C,0.004054582489129214,0.1005521456074776
2022-10-01,2022-10-31,GILD,0.0038830886668112293,0.27184312664863985
2022-10-01,2022-10-31,MDLZ,0.003775567145988395,0.1212838278793491
2022-10-01,2022-10-31,MO,0.00365342910557512,0.14586387899630782
2022-10-01,2022-10-31,SO,0.0036316044393373383,-0.03705891046483234
2022-10-01,2022-10-31,DUK,0.003598366874241267,0.00172028705747862
2022-10-01,2022-10-31,TGT,0.003456906996287203,0.106880549635463
2022-10-01,2022-10-31,GE,0.0034107548351146456,0.2568242316230731
2022-10-01,2022-10-31,BA,0.0033955376366369265,0.1769903563900086
2022-10-01,2022-10-31,BKNG,0.003278004801026119,0.13769972985874634
2022-10-01,2022-10-31,MMM,0.0030734736399078227,0.13837084474996075
2022-10-01,2022-10-31,CL,0.0029439272265514476,0.0580340563217685
2022-10-01,2022-10-31,USB,0.0027420991204259045,0.05282765420999014
2022-10-01,2022-10-31,GD,0.002397109212832342,0.18393872959108815
2022-10-01,2022-10-31,GM,0.002353459880356779,0.22312227309478216
2022-10-01,2022-10-31,F,0.002224814485331321,0.19374963302049442
2022-10-01,2022-10-31,EMR,0.002174057119356296,0.18273687896016155
2022-10-01,2022-10-31,MET,0.002044410592852041,0.2045080090180449
2022-10-01,2022-10-31,EXC,0.0018649077187036785,0.030165432318251417
2022-10-01,2022-10-31,AIG,0.0018117476371795399,0.20050544719444896
2022-10-01,2022-10-31,FDX,0.0017832153900338157,0.07954465616839412
2022-10-01,2022-10-31,COF,0.0017746056593161588,0.15026569571178494
2022-10-01,2022-10-31,CHTR,0.0016870066549213917,0.2118674393292752
2022-10-01,2022-10-31,DOW,0.0015813872839082726,0.06396541551602386
2022-10-01,2022-10-31,SPG,0.0014741661025290777,0.21426183692529333
2022-10-01,2022-10-31,BK,0.0014291151859831977,0.10300836301475425
2022-10-01,2022-10-31,KHC,0.0013402147106659943,0.153523430900407
2022-10-01,2022-10-31,CASHUSD,0.0024184333133307257,0.0015858835641910929
2022-11-01,2022-11-30,AAPL,0.10859873118455916,-0.03302776472687108
2022-11-01,2022-11-30,MSFT,0.08116199649149894,0.10222294597883774
2022-11-01,2022-11-30,AMZN,0.042566081759629136,-0.05759470309709913
2022-11-01,2022-11-30,TSLA,0.028412430798916394,-0.14432626046795272
2022-11-01,2022-11-30,GOOGL,0.026567168692099647,0.06856421796476297
2022-11-01,2022-11-30,BRKB,0.024968609017794918,0.07967064304919713
2022-11-01,2022-11-30,UNH,0.024344744221941682,-0.013311686088262276
2022-11-01,2022-11-30,GOOG,0.023794870131293958,0.07173042335699953
2022-11-01,2022-11-30,XOM,0.021650741644181605,0.012871692733928741
2022-11-01,2022-11-30,JNJ,0.021443687816894732,0.029769084551662717
2022-11-01,2022-11-30,JPM,0.017306516058035546,0.09771180816729075
2022-11-01,2022-11-30,V,0.015879366515411244,0.04984072510433646
2022-11-01,2022-11-30,NVDA,0.015844523801728544,0.2541551910722768
2022-11-01,2022-11-30,CVX,0.015272822953658892,0.021160783458337162
2022-11-01,2022-11-30,PG,0.01508659465638927,0.10759604773635645
2022-11-01,2022-11-30,HD,0.014268491744029006,0.1006991092774463
2022-11-01,2022-11-30,LLY,0.013387611873395598,0.02768661540036721
2022-11-01,2022-11-30,MA,0.013127392870920462,0.08598934569486927
2022-11-01,2022-11-30,PFE,0.012248114964134532,0.08613627555641723
2022-11-01,2022-11-30,ABBV,0.012135376758368085,0.10095619661972566
2022-11-01,2022-11-30,MRK,0.012019034133944805,0.0881422806846135
2022-11-01,2022-11-30,BAC,0.011811579815696062,0.05022174820721026
2022-11-01,2022-11-30,PEP,0.011748402366461045,0.02164317979273145
2022-11-01,2022-11-30,KO,0.010920988039237302,0.07036139699650601
2022-11-01,2022-11-30,COST,0.010414667340692955,0.07527449854620194
2022-11-01,2022-11-30,META,0.009960911080894069,0.2677114516969572
2022-11-01,2022-11-30,WMT,0.009511259853454352,0.0708915815758353
2022-11-01,2022-11-30,TMO,0.009440473075943801,0.08998595038388846
2022-11-01,2022-11-30,MCD,0.009404529012115954,0.006111637975283912
2022-11-01,2022-11-30,DIS,0.009105762754560818,-0.08137791608432199
2022-11-01,2022-11-30,AVGO,0.008900310891121425,0.1721048993868326
2022-11-01,2022-11-30,CSCO,0.00881961196230459,0.09443090412045363
2022-11-01,2022-11-30,ACN,0.008419020877693965,0.05998591514927276
2022-11-01,2022-11-30,WFC,0.008178225686869534,0.04933307077259097
2022-11-01,2022-11-30,ABT,0.00812305805687192,0.08732576526624114
2022-11-01,2022-11-30,BMY,0.0077551069856537135,0.036272243728800335
2022-11-01,2022-11-30,DHR,0.007724569549811114,0.08638280956077438
2022-11-01,2022-11-30,CRM,0.0075843977131565595,-0.014392099968990713
2022-11-01,2022-11-30,COP,0.007525325296280712,-0.016718379968132413
2022-11-01,2022-11-30,VZ,0.007357819951478518,0.04308289042359692
2022-11-01,2022-11-30,NEE,0.0071387513953355426,0.0984532590379672
2022-11-01,2022-11-30,ADBE,0.006988066670931896,0.0829827085581829
2022-11-01,2022-11-30,LIN,0.006947316715561608,0.1315957686859517
2022-11-01,2022-11-30,TXN,0.006880835215891162,0.12345169142529011
2022-11-01,2022-11-30,AMGN,0.00678001161624035,0.06666392533474874
2022-11-01,2022-11-30,PM,0.006675183106970835,0.08513881032305393
2022-11-01,2022-11-30,RTX,0.006563646374089998,0.04723525341111223
2022-11-01,2022-11-30,CMCSA,0.006553033363600438,0.15437927401215035
2022-11-01,2022-11-30,HON,0.006443799453750353,0.08138984689766326
2022-11-01,2022-11-30,QCOM,0.006194593952726649,0.08190126624025651
2022-11-01,2022-11-30,T,0.006090266057159473,0.057597555139117906
2022-11-01,2022-11-30,NFLX,0.006085259920136095,0.046765786760407435
2022-11-01,2022-11-30,IBM,0.005855578353503561,0.08956070972604557
2022-11-01,2022-11-30,LOW,0.0058414610470976375,0.09027971173238725
2022-11-01,2022-11-30,CVS,0.005828645336317792,0.07581841557607838
2022-11-01,2022-11-30,UNP,0.005771675496991762,0.10292158760089642
2022-11-01,2022-11-30,UPS,0.00575635671770023,0.14147245477154158
2022-11-01,2022-11-30,SCHW,0.005703291665252433,0.03889406634220105
2022-11-01,2022-11-30,ORCL,0.005559715655421982,0.06353290578522652
2022-11-01,2022-11-30,GS,0.005513258703845045,0.1282182081018841
2022-11-01,2022-11-30,NKE,0.005490630964499381,0.18353471808787414
2022-11-01,2022-11-30,INTC,0.00547270899395569,0.071970589884085
2022-11-01,2022-11-30,MDT,0.005440569594265611,-0.09503082542410868
2022-11-01,2022-11-30,LMT,0.005384400736863321,0.0031551685498729665
2022-11-01,2022-11-30,CAT,0.005357267474196619,0.09216474322584767
2022-11-01,2022-11-30,MS,0.005158724079849489,0.13265217930576267
2022-11-01,2022-11-30,SBUX,0.004657910132030858,0.18705825897258865
2022-11-01,2022-11-30,GILD,0.0046084494982398935,0.11942415049038946
2022-11-01,2022-11-30,BLK,0.004565596965319786,0.10851360081453665
2022-11-01,2022-11-30,AMD,0.004545472294485811,0.292540717255801
2022-11-01,2022-11-30,PYPL,0.004531555233560822,-0.061856909767545876
2022-11-01,2022-11-30,AMT,0.004522444064178277,0.06786035896324427
2022-11-01,2022-11-30,TMUS,0.004277043227292338,-0.0006596817882872363
2022-11-01,2022-11-30,AXP,0.00417441741831311,0.061569249315169605
2022-11-01,2022-11-30,C,0.004163904530564019,0.06781988660386218
2022-11-01,2022-11-30,GE,0.004000103727159125,0.10487087905024528
2022-11-01,2022-11-30,MDLZ,0.003950342725146758,0.09970709783677356
2022-11-01,2022-11-30,MO,0.003906388842081508,0.006699960257650295
2022-11-01,2022-11-30,BA,0.0037292717141944316,0.25521024333652575
2022-11-01,2022-11-30,TGT,0.0035705771705533814,0.023549015749281033
2022-11-01,2022-11-30,BKNG,0.0034800662131707263,0.11231459660793863
2022-11-01,2022-11-30,DUK,0.0033636234660069783,0.08355907832180098
2022-11-01,2022-11-30,MMM,0.003264802321165517,0.013156990058945883
2022-11-01,2022-11-30,SO,0.0032632003573180362,0.043921716374501374
2022-11-01,2022-11-30,CL,0.0028875398350838295,0.049295845048282105
2022-11-01,2022-11-30,USB,0.0026940025777600764,0.0692575420529058
2022-11-01,2022-11-30,GM,0.002686092881263141,0.03337599194911167
2022-11-01,2022-11-30,GD,0.0026335284425176827,0.010368351525157582
2022-11-01,2022-11-30,F,0.0024783381947929973,0.050508282307106356
2022-11-01,2022-11-30,EMR,0.0023994414753045765,0.11222647510349315
2022-11-01,2022-11-30,MET,0.002297816893730024,0.05478724373874422
2022-11-01,2022-11-30,AIG,0.0020295880720174863,0.1071930801588461
2022-11-01,2022-11-30,CHTR,0.001907738696868491,0.06438717627475343
2022-11-01,2022-11-30,COF,0.0019048351373949328,-0.020429176987732833
2022-11-01,2022-11-30,FDX,0.0017964022094685878,0.13688565683305032
2022-11-01,2022-11-30,EXC,0.0017926976680712886,0.08138481356951344
2022-11-01,2022-11-30,SPG,0.0016702475564794883,0.09598082132279995
2022-11-01,2022-11-30,DOW,0.0015700246932714816,0.10592212835019499
2022-11-01,2022-11-30,BK,0.0014578872239478376,0.09000245798420603
2022-11-01,2022-11-30,KHC,0.0014425684446563044,0.033485453810567334
2022-11-01,2022-11-30,CASHUSD,0.003510103035310988,0.003151743739359336
2022-12-01,2022-12-30,AAPL,0.0998347710882148,-0.12227245371794782
2022-12-01,2022-12-30,MSFT,0.08494964979100812,-0.06004541761261062
2022-12-01,2022-12-30,AMZN,0.03820001119483204,-0.1298943525647971
2022-12-01,2022-12-30,GOOGL,0.027033917236947234,-0.12634906935412116
2022-12-01,2022-12-30,BRKB,0.025671412053830125,-0.030445737668566286
2022-12-01,2022-12-30,GOOG,0.024284574632931176,-0.12538182682232757
2022-12-01,2022-12-30,TSLA,0.023151673652422097,-0.3673343490707852
2022-12-01,2022-12-30,UNH,0.022874806831571153,-0.029110729235018784
2022-12-01,2022-12-30,JNJ,0.02089358190666815,-0.007584337836744615
2022-12-01,2022-12-30,XOM,0.020716046690259927,-0.009340506196565457
2022-12-01,2022-12-30,NVDA,0.018918465074377045,-0.1364417159341894
2022-12-01,2022-12-30,JPM,0.018090968724463044,-0.029526264302183747
2022-12-01,2022-12-30,PG,0.015912282182663814,0.016090239252525285
2022-12-01,2022-12-30,V,0.01583958586731561,-0.04258049913282902
2022-12-01,2022-12-30,HD,0.014866096090710584,-0.025093289814583364
2022-12-01,2022-12-30,CVX,0.014737926278526423,-0.02083899616503815
2022-12-01,2022-12-30,MA,0.01357598682494437,-0.02432643083859387
2022-12-01,2022-12-30,LLY,0.013064909698860021,-0.014120858547794102
2022-12-01,2022-12-30,ABBV,0.012722856512593538,0.002667652148212296
2022-12-01,2022-12-30,PFE,0.012560541461382186,0.02214229341013274
2022-12-01,2022-12-30,MRK,0.01245430070300141,0.014212533659366366
2022-12-01,2022-12-30,META,0.012024831699518694,0.018966883419069935
2022-12-01,2022-12-30,BAC,0.011812750713420212,-0.1198511225675043
2022-12-01,2022-12-30,PEP,0.011429743266854257,-0.020069472433228985
2022-12-01,2022-12-30,KO,0.01105314431089751,0.0
2022-12-01,2022-12-30,COST,0.010663828506388116,-0.1534540941255358
2022-12-01,2022-12-30,AVGO,0.009933861372933001,0.023166075791306362
2022-12-01,2022-12-30,TMO,0.00979838187614771,-0.01649463472820556
2022-12-01,2022-12-30,WMT,0.009699550935033828,-0.06623467817045392
2022-12-01,2022-12-30,CSCO,0.00919177818691985,-0.04183433097317191
2022-12-01,2022-12-30,MCD,0.008959870932999133,-0.03394554947978834
2022-12-01,2022-12-30,ACN,0.00849805907847307,-0.11328216095785026
2022-12-01,2022-12-30,ABT,0.008410943659254147,0.020542879083948584
2022-12-01,2022-12-30,WFC,0.008119757867198252,-0.13889474911738586
2022-12-01,2022-12-30,DHR,0.007991387789682551,-0.028286700086499583
2022-12-01,2022-12-30,DIS,0.007965453429248414,-0.11229187237565208
2022-12-01,2022-12-30,BMY,0.0076528392467179775,-0.10376213370057352
2022-12-01,2022-12-30,LIN,0.007486619021541642,-0.027228609709350926
2022-12-01,2022-12-30,NEE,0.0074296435347191506,-0.01298664920466519
2022-12-01,2022-12-30,TXN,0.007361152791333239,-0.08445103431684275
2022-12-01,2022-12-30,VZ,0.007308483009138809,0.010774783634884377
2022-12-01,2022-12-30,ADBE,0.007206547955386093,-0.02435275005029791
2022-12-01,2022-12-30,CMCSA,0.007203644108078795,-0.04557848959773403
2022-12-01,2022-12-30,CRM,0.007118431209509481,-0.17260521365682568
2022-12-01,2022-12-30,COP,0.007019600268395599,-0.038651098330639844
2022-12-01,2022-12-30,PM,0.006897838946820644,0.028392538325859418
2022-12-01,2022-12-30,AMGN,0.006839762000674695,-0.0829606627377314
2022-12-01,2022-12-30,HON,0.006603248644128607,-0.023912562260085313
2022-12-01,2022-12-30,RTX,0.00650752181565356,0.022285108565999856
2022-12-01,2022-12-30,QCOM,0.0063417021211402995,-0.13084032057493378
2022-12-01,2022-12-30,UPS,0.006199313470416957,-0.08375066440226586
2022-12-01,2022-12-30,NKE,0.006188399009848149,0.07000787936096842
2022-12-01,2022-12-30,T,0.0061337265743383424,-0.04512441372108944
2022-12-01,2022-12-30,NFLX,0.006066537555607425,-0.03485741643246454
2022-12-01,2022-12-30,LOW,0.006064635034957817,-0.06262064078479712
2022-12-01,2022-12-30,UNP,0.006061731187650519,-0.04178015309529737
2022-12-01,2022-12-30,IBM,0.006004054772167646,-0.05379471879476572
2022-12-01,2022-12-30,CVS,0.0059714115231269925,-0.08529621637818419
2022-12-01,2022-12-30,GS,0.005884997032568451,-0.11076015177206078
2022-12-01,2022-12-30,ORCL,0.005630760194181272,-0.015536744847247208
2022-12-01,2022-12-30,SCHW,0.005626654754884748,0.0087230636578004
2022-12-01,2022-12-30,AMD,0.005596815220485622,-0.1656576203187402
2022-12-01,2022-12-30,CAT,0.00557198231937494,0.013324376419074468
2022-12-01,2022-12-30,MS,0.005564572502108044,-0.08649410468196261
2022-12-01,2022-12-30,INTC,0.005512303250576689,-0.12105083439749087
2022-12-01,2022-12-30,SBUX,0.005236237491051896,-0.029354349784247447
2022-12-01,2022-12-30,LMT,0.005112273250830026,0.0026791726027737273
2022-12-01,2022-12-30,GILD,0.004914711501268031,-0.014437068618369797
2022-12-01,2022-12-30,BLK,0.00481227578418647,-0.003470411185036104
2022-12-01,2022-12-30,MDT,0.004689413003288057,-0.007953036880336772
2022-12-01,2022-12-30,AMT,0.0046005953287510636,-0.03535733548237385
2022-12-01,2022-12-30,BA,0.0044595084026827145,0.06490384779426561
2022-12-01,2022-12-30,AXP,0.0042222941174762454,-0.06244017366801691
2022-12-01,2022-12-30,GE,0.004210878993578593,-0.024416070929662914
2022-12-01,2022-12-30,C,0.0041881488784490575,-0.0656886189969389
2022-12-01,2022-12-30,MDLZ,0.004139484402885384,-0.008487048078153814
2022-12-01,2022-12-30,TMUS,0.004072295384154467,-0.07566359640856601
2022-12-01,2022-12-30,PYPL,0.004050266197685315,-0.09169748141962897
2022-12-01,2022-12-30,MO,0.003747765414397536,0.0015956543694553016
2022-12-01,2022-12-30,BKNG,0.0036812773243270016,-0.030858968660587016
2022-12-01,2022-12-30,TGT,0.0034624874496220048,-0.10791878229256013
2022-12-01,2022-12-30,DUK,0.0034390564058320874,0.030621257352811293
2022-12-01,2022-12-30,SO,0.0032140583058494205,0.055736255880182606
2022-12-01,2022-12-30,MMM,0.0031081179454659482,-0.048027298119648565
2022-12-01,2022-12-30,CL,0.002879915600178677,0.016907255340854466
2022-12-01,2022-12-30,USB,0.0027382278781157158,-0.028457804825678612
2022-12-01,2022-12-30,GM,0.002638696008341452,-0.1687670355464852
2022-12-01,2022-12-30,EMR,0.002531954586631829,0.0030282570014172894
2022-12-01,2022-12-30,GD,0.0025288504739929937,-0.016957863817924745
2022-12-01,2022-12-30,F,0.0024491448720409675,-0.16330935784339562
2022-12-01,2022-12-30,MET,0.002298044679395732,-0.056453665945475295
2022-12-01,2022-12-30,AIG,0.0021362302915132266,0.007130362289855308
2022-12-01,2022-12-30,FDX,0.001941572389258529,-0.04309921631347369
2022-12-01,2022-12-30,CHTR,0.0019303575306924149,-0.13337933834672555
2022-12-01,2022-12-30,EXC,0.0018269204869531645,0.04496036666959591
2022-12-01,2022-12-30,COF,0.0017725484494406645,-0.09957366378647048
2022-12-01,2022-12-30,SPG,0.0017402055983973168,-0.001309983732432074
2022-12-01,2022-12-30,DOW,0.0016373693506526801,-0.011379509513295916
2022-12-01,2022-12-30,BK,0.0015104011304577438,-0.008278815544696672
2022-12-01,2022-12-30,KHC,0.001402558249424663,0.034561886005290754
2022-12-01,2022-12-30,CASHUSD,0.0037132196447072735,0.003625848270315757
2022-12-31,2023-01-31,AAPL,0.09320546571392754,0.11052110510893698
2022-12-31,2023-01-31,MSFT,0.08575843649533944,0.03331671006363068
2022-12-31,2023-01-31,AMZN,0.03576366318340949,0.22773806254069018
2022-12-31,2023-01-31,BRKB,0.026698162969335564,0.008481693651523736
2022-12-31,2023-01-31,GOOGL,0.025280548990488233,0.12025360903112947
2022-12-31,2023-01-31,UNH,0.02376340765643718,-0.05845175638503386
2022-12-31,2023-01-31,GOOG,0.022537639163073067,0.1255493183863332
2022-12-31,2023-01-31,JNJ,0.02215534998584188,-0.07489357948283426
2022-12-31,2023-01-31,XOM,0.02179108387092123,0.051767893542678634
2022-12-31,2023-01-31,JPM,0.018868844573516275,0.05140798935992308
2022-12-31,2023-01-31,NVDA,0.01745613687274236,0.3368688225625307
2022-12-31,2023-01-31,PG,0.01722904628762965,-0.05467500674387893
2022-12-31,2023-01-31,V,0.016295151275572222,0.10805721860595141
2022-12-31,2023-01-31,TSLA,0.01585999444889681,0.4062347847991097
2022-12-31,2023-01-31,HD,0.015513851524410637,0.026309212914945368
2022-12-31,2023-01-31,CVX,0.015317600401473728,-0.030475168137672703
2022-12-31,2023-01-31,MA,0.014169831716664645,0.06749907660347065
2022-12-31,2023-01-31,LLY,0.013840410188877689,-0.05928827397426062
2022-12-31,2023-01-31,PFE,0.013797555351828202,-0.13026109056920632
2022-12-31,2023-01-31,ABBV,0.013710243627746066,-0.07707125400183779
2022-12-31,2023-01-31,MRK,0.013494167136267568,-0.031906048805392384
2022-12-31,2023-01-31,META,0.012981511141656864,0.23790943850671797
2022-12-31,2023-01-31,PEP,0.011939778140108083,-0.05335979070647212
2022-12-31,2023-01-31,KO,0.011876296909525429,-0.036000690908914335
2022-12-31,2023-01-31,BAC,0.011088989470927,0.0712560340074122
2022-12-31,2023-01-31,AVGO,0.010862900167053761,0.04628630263489053
2022-12-31,2023-01-31,TMO,0.010360457241085695,0.03566409142721905
2022-12-31,2023-01-31,COST,0.00969240239810862,0.11969331900488278
2022-12-31,2023-01-31,WMT,0.009600284524077008,0.014669667717325696
2022-12-31,2023-01-31,CSCO,0.009383607263854829,0.029783274205735788
2022-12-31,2023-01-31,MCD,0.009259748774531892,0.01468531323534883
2022-12-31,2023-01-31,ABT,0.009182549990968443,0.011481430653893288
2022-12-31,2023-01-31,DHR,0.008341774134182101,-0.003918343962819093
2022-12-31,2023-01-31,ACN,0.008061215130881476,0.05003510869204275
2022-12-31,2023-01-31,NEE,0.007968997128725919,-0.10729664838610342
2022-12-31,2023-01-31,VZ,0.007937857282178275,0.07166270288895094
2022-12-31,2023-01-31,LIN,0.00773569859992847,0.014593058366161094
2022-12-31,2023-01-31,DIS,0.007597922301376843,0.24873392605389322
2022-12-31,2023-01-31,WFC,0.007547357598783404,0.1351417130058783
2022-12-31,2023-01-31,PM,0.007526430820878397,0.02993763806926575
2022-12-31,2023-01-31,ADBE,0.007505203658601547,0.10046651912528914
2022-12-31,2023-01-31,BMY,0.0073373889228657,0.017717218154228
2022-12-31,2023-01-31,CMCSA,0.007237160670794349,0.13400599384230194
2022-12-31,2023-01-31,TXN,0.007193304552505386,0.08021345285918513
2022-12-31,2023-01-31,RTX,0.007116706537685622,-0.010602412858954136
2022-12-31,2023-01-31,NKE,0.007072650163148765,0.08819757841925124
2022-12-31,2023-01-31,COP,0.0070538260758466545,0.03279665241631635
2022-12-31,2023-01-31,HON,0.006911544011717394,-0.02715789429111848
2022-12-31,2023-01-31,AMGN,0.006722602241828644,-0.03898884662285118
2022-12-31,2023-01-31,CRM,0.006360338689386939,0.26683774224259404
2022-12-31,2023-01-31,NFLX,0.0062950551525732335,0.20001358326102392
2022-12-31,2023-01-31,T,0.006294153999457707,0.1224410162502958
2022-12-31,2023-01-31,IBM,0.006110519020138169,-0.043722120421355815
2022-12-31,2023-01-31,UNP,0.006107214792047905,-0.013908102064221994
2022-12-31,2023-01-31,SCHW,0.0060920954453318465,-0.07014166150739132
2022-12-31,2023-01-31,UPS,0.006086187886018951,0.06552004618078722
2022-12-31,2023-01-31,ORCL,0.0060259107554026135,0.08627005783181718
2022-12-31,2023-01-31,CAT,0.005980652843378388,0.05816145340854284
2022-12-31,2023-01-31,LOW,0.005932891728255476,0.05060020657631914
2022-12-31,2023-01-31,QCOM,0.005912065078474416,0.2116606730486037
2022-12-31,2023-01-31,CVS,0.005873916263250456,-0.04679364867700386
2022-12-31,2023-01-31,GS,0.005578137785109827,0.06532120988934143
2022-12-31,2023-01-31,SBUX,0.0054624898019505755,0.10020163344779132
2022-12-31,2023-01-31,LMT,0.005443465458400569,-0.04775009080962511
2022-12-31,2023-01-31,MS,0.0053767801278515985,0.15402309305774597
2022-12-31,2023-01-31,INTC,0.005232395373119443,0.0692394632752209
2022-12-31,2023-01-31,GILD,0.0051653095300746845,-0.022248001938677375
2022-12-31,2023-01-31,BA,0.005119250593058879,0.11816890050771578
2022-12-31,2023-01-31,BLK,0.005099024712021503,0.07137723510308924
2022-12-31,2023-01-31,AMD,0.00500971042546042,0.16025946303524585
2022-12-31,2023-01-31,MDT,0.004955440982280928,0.0768141281914434
2022-12-31,2023-01-31,AMT,0.004731955009630323,0.05442273783490181
2022-12-31,2023-01-31,GE,0.004388115031994941,0.2303959556512074
2022-12-31,2023-01-31,MDLZ,0.004362682488512301,-0.01815435472414284
2022-12-31,2023-01-31,AXP,0.004232415799256729,0.18806299303232898
2022-12-31,2023-01-31,C,0.0042023773620725085,0.15454330847417053
2022-12-31,2023-01-31,TMUS,0.004010732132837179,0.06649996267395797
2022-12-31,2023-01-31,MO,0.003931330530546888,-0.014657464448069701
2022-12-31,2023-01-31,PYPL,0.003894984021553981,0.14420100192365104
2022-12-31,2023-01-31,DUK,0.0038044681975055285,-0.00524309815996471
2022-12-31,2023-01-31,BKNG,0.003750198754326036,0.20782209797141893
2022-12-31,2023-01-31,SO,0.0037290717201731334,-0.052233668486839524
2022-12-31,2023-01-31,TGT,0.0033006234778021957,0.1549919887726947
2022-12-31,2023-01-31,MMM,0.003173961401008731,-0.04036043748857698
2022-12-31,2023-01-31,CL,0.0031567393636897775,-0.04811838630883025
2022-12-31,2023-01-31,USB,0.0028325244983480858,0.14194008631911892
2022-12-31,2023-01-31,EMR,0.0027247866369806803,-0.06079543606130955
2022-12-31,2023-01-31,GD,0.0026795287249564547,-0.05563803673518397
2022-12-31,2023-01-31,GM,0.002292733782147636,0.16884661467105566
2022-12-31,2023-01-31,MET,0.0022881278884460555,0.008981772985244607
2022-12-31,2023-01-31,AIG,0.0022540843263039387,-0.0003163867574412782
2022-12-31,2023-01-31,F,0.00219811270501734,0.16165101291234873
2022-12-31,2023-01-31,EXC,0.002060736918961503,-0.024057299283457567
2022-12-31,2023-01-31,FDX,0.0019898462072067418,0.11928375354999288
2022-12-31,2023-01-31,SPG,0.0018462624774661658,0.09346286996158604
2022-12-31,2023-01-31,CHTR,0.001747436019130079,0.13332347579279324
2022-12-31,2023-01-31,COF,0.001701977850857958,0.28012044963984417
2022-12-31,2023-01-31,DOW,0.0017012769539903262,0.1778132411921689
2022-12-31,2023-01-31,BK,0.0016068561331079251,0.1194067570414985
2022-12-31,2023-01-31,KHC,0.0015565918148863285,-0.004421651199598475
2022-12-31,2023-01-31,CASHUSD,0.002733698040012,0.002842616122266106
2023-02-01,2023-02-28,AAPL,0.09745225034366137,0.023182973026687703
2023-02-01,2023-02-28,MSFT,0.0834339704626438,0.00901777159419992
2023-02-01,2023-02-28,AMZN,0.04134118539892251,-0.08629878923214462
2023-02-01,2023-02-28,GOOGL,0.026664617547204002,-0.08883025683792334
2023-02-01,2023-02-28,BRKB,0.02535044448204501,-0.02035181228005367
2023-02-01,2023-02-28,GOOG,0.023883288296090422,-0.09582461386841523
2023-02-01,2023-02-28,NVDA,0.021971800244893137,0.18830923457673387
2023-02-01,2023-02-28,XOM,0.02157852949981127,-0.04529144436398036
2023-02-01,2023-02-28,UNH,0.02106651662039461,-0.04657553649068713
2023-02-01,2023-02-28,TSLA,0.02099933620543791,0.18756497670132144
2023-02-01,2023-02-28,JNJ,0.019297398986586944,-0.05542597672628169
2023-02-01,2023-02-28,JPM,0.01854199476773698,0.024220852821179806
2023-02-01,2023-02-28,V,0.0170002492984102,-0.04274022014194501
2023-02-01,2023-02-28,PG,0.015238740772704927,-0.033853103596035106
2023-02-01,2023-02-28,META,0.015129910502871938,0.1743303901017481
2023-02-01,2023-02-28,HD,0.0149886414037603,-0.08523311251481058
2023-02-01,2023-02-28,MA,0.014209308542325163,-0.04131142950389011
2023-02-01,2023-02-28,CVX,0.013982036497687733,-0.0679734515857533
2023-02-01,2023-02-28,MRK,0.012299722768153479,-0.010892836878239609
2023-02-01,2023-02-28,LLY,0.01225837327280755,-0.09275912678512077
2023-02-01,2023-02-28,ABBV,0.011801326187446374,0.04162463482784862
2023-02-01,2023-02-28,PFE,0.011195901494088424,-0.08129535870174098
2023-02-01,2023-02-28,BAC,0.011184487831934826,-0.03325808340924363
2023-02-01,2023-02-28,KO,0.01077920270563865,-0.029517205997217966
2023-02-01,2023-02-28,AVGO,0.010700908988058706,0.015862941512971407
2023-02-01,2023-02-28,PEP,0.010641638040734758,0.014676688618141753
2023-02-01,2023-02-28,COST,0.010218131102930208,-0.05109582943831592
2023-02-01,2023-02-28,TMO,0.010102993282959702,-0.05009372063622919
2023-02-01,2023-02-28,WMT,0.009171177899946236,-0.012094370967214219
2023-02-01,2023-02-28,CSCO,0.009025803887253043,-0.0051366883512455885
2023-02-01,2023-02-28,DIS,0.008932992792372469,-0.08185083632690326
2023-02-01,2023-02-28,MCD,0.008845488049194886,-0.007353235763690624
2023-02-01,2023-02-28,ABT,0.008705620627891587,-0.07987352159694305
2023-02-01,2023-02-28,WFC,0.00806655566713356,0.004231627539198923
2023-02-01,2023-02-28,ACN,0.007941105503287435,-0.04837836989337485
2023-02-01,2023-02-28,VZ,0.007885238630640876,-0.06639383652866993
2023-02-01,2023-02-28,DHR,0.007823364567387163,-0.06373392317512072
2023-02-01,2023-02-28,ADBE,0.007776408360807887,-0.1252632299767431
2023-02-01,2023-02-28,CMCSA,0.007667077491757633,-0.05540039595655921
2023-02-01,2023-02-28,CRM,0.007586581137621734,-0.02595723063851474
2023-02-01,2023-02-28,LIN,0.007389845645237349,0.05266825068098013
2023-02-01,2023-02-28,PM,0.007298536348008566,-0.0665770268954069
2023-02-01,2023-02-28,TXN,0.007264195241704321,-0.03250365879650463
2023-02-01,2023-02-28,NKE,0.007244471632544155,-0.06706993588450672
2023-02-01,2023-02-28,NFLX,0.007112513678873612,-0.08966823583896388
2023-02-01,2023-02-28,BMY,0.006976550931464963,-0.05079119745429106
2023-02-01,2023-02-28,COP,0.006858809995564691,-0.1481896650086192
2023-02-01,2023-02-28,QCOM,0.006744573254185259,-0.0726670806856432
2023-02-01,2023-02-28,NEE,0.006698217766666699,-0.042090294841476195
2023-02-01,2023-02-28,RTX,0.006629535554058208,-0.012221168406560734
2023-02-01,2023-02-28,T,0.006556948667555063,-0.07167397975663403
2023-02-01,2023-02-28,HON,0.006330777941195611,-0.07667783857162336
2023-02-01,2023-02-28,ORCL,0.0061400496394183835,-0.01198285610155847
2023-02-01,2023-02-28,UPS,0.006105608413270685,-0.006114823780448475
2023-02-01,2023-02-28,AMGN,0.006082881208806941,-0.07407700177699317
2023-02-01,2023-02-28,CAT,0.005930098327698255,-0.0504974568545824
2023-02-01,2023-02-28,LOW,0.005838488670939114,-0.012004909427772104
2023-02-01,2023-02-28,MS,0.0057961379771586585,-0.008527797620554556
2023-02-01,2023-02-28,UNP,0.005669886854564914,0.0219804043599805
2023-02-01,2023-02-28,SBUX,0.005658673432098221,-0.05990869020004541
2023-02-01,2023-02-28,GS,0.005595297571192718,-0.03870863733091856
2023-02-01,2023-02-28,IBM,0.0055017856374079775,-0.028514620905665367
2023-02-01,2023-02-28,AMD,0.005474753279675771,0.04564205236901575
2023-02-01,2023-02-28,BA,0.00539035225164522,-0.0537558542170995
2023-02-01,2023-02-28,SCHW,0.005333584300407587,0.00958926105593405
2023-02-01,2023-02-28,INTC,0.005268306162476485,-0.10708523525234814
2023-02-01,2023-02-28,CVS,0.005235767213354386,-0.05304908794465024
2023-02-01,2023-02-28,BLK,0.005151065825793475,-0.09191122364190785
2023-02-01,2023-02-28,MDT,0.005025415422260446,-0.010634600526180815
2023-02-01,2023-02-28,LMT,0.0048818435667493994,0.03019025488345073
2023-02-01,2023-02-28,GILD,0.004756393402903275,-0.04062450537598783
2023-02-01,2023-02-28,AXP,0.004722853255346649,-0.005373592839418739
2023-02-01,2023-02-28,AMT,0.004699525331822191,-0.11361288794051583
2023-02-01,2023-02-28,C,0.0045709714528290365,-0.019725418021013907
2023-02-01,2023-02-28,BKNG,0.004267508207324167,0.036933488910710466
2023-02-01,2023-02-28,PYPL,0.00419902623440258,-0.09682173066745936
2023-02-01,2023-02-28,MDLZ,0.0040362313689486316,-0.003973261665357608
2023-02-01,2023-02-28,TMUS,0.004030124058498022,-0.04775288463552474
2023-02-01,2023-02-28,GE,0.003972254788982411,0.052559558521208416
2023-02-01,2023-02-28,MO,0.0036411584666846213,0.030861471392040984
2023-02-01,2023-02-28,TGT,0.003583189077325559,-0.015007781377843088
2023-02-01,2023-02-28,DUK,0.0035666693031558773,-0.07053048347139446
2023-02-01,2023-02-28,SO,0.0033310873115118796,-0.058541822623977224
2023-02-01,2023-02-28,USB,0.003040439405968945,-0.04156649135317281
2023-02-01,2023-02-28,MMM,0.002873039027716176,-0.051385808618075623
2023-02-01,2023-02-28,CL,0.002806859811193999,-0.01650338965769005
2023-02-01,2023-02-28,GM,0.0025190152612677374,-0.014750731719432864
2023-02-01,2023-02-28,F,0.0024103852311216523,-0.05026545450441322
2023-02-01,2023-02-28,EMR,0.002405379238949022,-0.07772342929907039
2023-02-01,2023-02-28,GD,0.00236583190078524,-0.022097353419876176
2023-02-01,2023-02-28,MET,0.002170097606835382,-0.010577826361527709
2023-02-01,2023-02-28,AIG,0.002118035288240023,-0.03337542053726217
2023-02-01,2023-02-28,FDX,0.0020934058067506806,0.048282176829889334
2023-02-01,2023-02-28,COF,0.002047851277979742,-0.07882432939538697
2023-02-01,2023-02-28,SPG,0.00189757139295737,-0.049587622004500176
2023-02-01,2023-02-28,EXC,0.0018904628840722343,-0.03435554488052939
2023-02-01,2023-02-28,DOW,0.001883354375187099,-0.024408829160496692
2023-02-01,2023-02-28,CHTR,0.001861328009627524,-0.04345453491483808
2023-02-01,2023-02-28,BK,0.0016779084564223375,0.00613019712006424
2023-02-01,2023-02-28,KHC,0.0014566436023920634,-0.039230066442833444
2023-02-01,2023-02-28,CASHUSD,0.0031801065875853396,0.0034575224565618345
2023-03-01,2023-03-31,AAPL,0.10171602822079046,0.11864853047212831
2023-03-01,2023-03-31,MSFT,0.08579540397461453,0.1558818624783307
2023-03-01,2023-03-31,AMZN,0.0385917878016335,0.0961476943206232
2023-03-01,2023-03-31,NVDA,0.026674872317332413,0.19666272646161143
2023-03-01,2023-03-31,TSLA,0.025478164869703255,0.008507121398494633
2023-03-01,2023-03-31,BRKB,0.025372340409555678,0.011763537663180168
2023-03-01,2023-03-31,GOOGL,0.02482219338163614,0.15178750754021553
2023-03-01,2023-03-31,GOOG,0.022062547762423387,0.15171643627399467
2023-03-01,2023-03-31,XOM,0.020886764924227384,-0.0022745903558514247
2023-03-01,2023-03-31,UNH,0.020520033611530517,-0.003502081381687616
2023-03-01,2023-03-31,JPM,0.019402419185203718,-0.09096585157185366
2023-03-01,2023-03-31,JNJ,0.018489745790023642,0.011353197222124356
2023-03-01,2023-03-31,META,0.01815224885988411,0.2115010340899941
2023-03-01,2023-03-31,V,0.01659361575148532,0.025097761550996855
2023-03-01,2023-03-31,PG,0.015041890767731929,0.0809101663011016
2023-03-01,2023-03-31,HD,0.014008175014634711,0.0024183630674008416
2023-03-01,2023-03-31,MA,0.013917067863514276,0.022854530130326456
2023-03-01,2023-03-31,CVX,0.013197321369662857,0.014865966730979396
2023-03-01,2023-03-31,ABBV,0.012558970605328927,0.035542390304242444
2023-03-01,2023-03-31,MRK,0.01242941823879064,0.00837397043948429
2023-03-01,2023-03-31,LLY,0.011325720179503113,0.10346394304136708
2023-03-01,2023-03-31,AVGO,0.011106562428071655,0.08727624171797199
2023-03-01,2023-03-31,BAC,0.01104679213222671,-0.16077281546501798
2023-03-01,2023-03-31,PEP,0.011031874587702595,0.057637759611234074
2023-03-01,2023-03-31,KO,0.010687769886163117,0.050341155531731685
2023-03-01,2023-03-31,PFE,0.010508458998628286,0.005669223078635932
2023-03-01,2023-03-31,COST,0.009888630017763892,0.02620934658968399
2023-03-01,2023-03-31,TMO,0.009804531109037338,0.06457237931617321
2023-03-01,2023-03-31,WMT,0.00925658667158445,0.04168272383185179
2023-03-01,2023-03-31,CSCO,0.009173989529085156,0.07971910922464565
2023-03-01,2023-03-31,MCD,0.008919390094690364,0.059489841469381854
2023-03-01,2023-03-31,DIS,0.00837955519486468,0.005220335735580894
2023-03-01,2023-03-31,WFC,0.008223671860475104,-0.20076965457146623
2023-03-01,2023-03-31,ABT,0.00818392511432696,-0.00452225605277623
2023-03-01,2023-03-31,LIN,0.007947246756910801,0.02411778072730697
2023-03-01,2023-03-31,ACN,0.007720780409840013,0.07629479719819665
2023-03-01,2023-03-31,CRM,0.007549679177680869,0.22107473085618534
2023-03-01,2023-03-31,VZ,0.0075212457371114155,0.0020611636304534997
2023-03-01,2023-03-31,DHR,0.007483301110435983,0.01933204221020457
2023-03-01,2023-03-31,CMCSA,0.007399202201709429,0.019908444808737658
2023-03-01,2023-03-31,TXN,0.007180144568026455,0.08492270661803736
2023-03-01,2023-03-31,PM,0.00696008575685864,0.01292836328155933
2023-03-01,2023-03-31,ADBE,0.006949473275519338,0.18959710015662457
2023-03-01,2023-03-31,NKE,0.006904920877443961,0.035353915414026105
2023-03-01,2023-03-31,BMY,0.006765657089302729,0.005075165049390984
2023-03-01,2023-03-31,RTX,0.006653925681994593,-0.0016313274914954157
2023-03-01,2023-03-31,NFLX,0.00661497987783432,0.0724862320732742
2023-03-01,2023-03-31,NEE,0.0065131601276261,0.08517519343369484
2023-03-01,2023-03-31,QCOM,0.006389915179242306,0.03909423673250667
2023-03-01,2023-03-31,T,0.006218914064831649,0.017980042795183282
2023-03-01,2023-03-31,ORCL,0.006197989455398494,0.06315785267696161
2023-03-01,2023-03-31,UPS,0.00614572799068985,0.06301699445297482
2023-03-01,2023-03-31,COP,0.00594258907901583,-0.03411314495313811
2023-03-01,2023-03-31,HON,0.0059407869595431186,-0.0018800877682517703
2023-03-01,2023-03-31,LOW,0.00589393185325261,-0.028092219760774473
2023-03-01,2023-03-31,UNP,0.0058814171346921115,-0.029043090306761887
2023-03-01,2023-03-31,MS,0.005871505477592196,-0.0901554546903156
2023-03-01,2023-03-31,AMD,0.005839167444831867,0.24726393296541094
2023-03-01,2023-03-31,CAT,0.005753366534381085,-0.04470877752172231
2023-03-01,2023-03-31,AMGN,0.005704709308617865,0.04355529322614404
2023-03-01,2023-03-31,GS,0.005495763567531773,-0.06312476739739903
2023-03-01,2023-03-31,SCHW,0.0054850509684439865,-0.32777209007716024
2023-03-01,2023-03-31,SBUX,0.005408961479596152,0.019982217340432706
2023-03-01,2023-03-31,IBM,0.005395445583550813,0.013843706422368873
2023-03-01,2023-03-31,BA,0.005212730692567529,0.053981589974124056
2023-03-01,2023-03-31,LMT,0.005097995752804873,-0.003226103814252923
2023-03-01,2023-03-31,MDT,0.005081276088808047,-0.017974816386559622
2023-03-01,2023-03-31,CVS,0.005066859133026352,-0.11048615829753139
2023-03-01,2023-03-31,AXP,0.00480124674629832,-0.05195703876172053
2023-03-01,2023-03-31,BLK,0.004771511774998576,-0.02242877488970385
2023-03-01,2023-03-31,INTC,0.004750386930068453,0.3104690876900804
2023-03-01,2023-03-31,GILD,0.004664385784120704,0.04011055498962901
2023-03-01,2023-03-31,C,0.004525722702470375,-0.07496556072643612
2023-03-01,2023-03-31,BKNG,0.004513308101658359,0.05087570190473256
2023-03-01,2023-03-31,GE,0.0042748276247694915,0.12960251560981462
2023-03-01,2023-03-31,AMT,0.004248797010163653,0.03196805533467417
2023-03-01,2023-03-31,MDLZ,0.0041105343995072605,0.075537931112593
2023-03-01,2023-03-31,TMUS,0.003914303612478636,0.018708602954214282
2023-03-01,2023-03-31,PYPL,0.003868249448175999,0.031793476186756875
2023-03-01,2023-03-31,MO,0.0038397158898580623,-0.018550101283774767
2023-03-01,2023-03-31,TGT,0.0035775075065784864,-0.017032660309982295
2023-03-01,2023-03-31,DUK,0.003347236685065305,0.023445726958768454
2023-03-01,2023-03-31,SO,0.0031657232070638275,0.10339366061412436
2023-03-01,2023-03-31,USB,0.0029722957169927545,-0.2345660775088556
2023-03-01,2023-03-31,CL,0.0028257233332121905,0.0252386241557383
2023-03-01,2023-03-31,MMM,0.002743626779455317,-0.02441034452599944
2023-03-01,2023-03-31,GM,0.0025413889275176533,-0.050969301497698294
2023-03-01,2023-03-31,GD,0.002369686988867607,0.0013164226807858004
2023-03-01,2023-03-31,EMR,0.002259257112289764,0.05356066648636704
2023-03-01,2023-03-31,FDX,0.0022483442777050085,0.13060431524961946
2023-03-01,2023-03-31,F,0.002196583401738785,0.04391050194375956
2023-03-01,2023-03-31,MET,0.002184369036423738,-0.19224878818403723
2023-03-01,2023-03-31,AIG,0.0020983678904759884,-0.1703769023913556
2023-03-01,2023-03-31,COF,0.0019246635968562624,-0.11844504676099321
2023-03-01,2023-03-31,DOW,0.0018613891798143795,-0.04160820519028441
2023-03-01,2023-03-31,EXC,0.0018556824681507918,0.0371379424827587
2023-03-01,2023-03-31,SPG,0.001839563510644869,-0.06917632169060017
2023-03-01,2023-03-31,CHTR,0.0018258473791025625,-0.027202743120365858
2023-03-01,2023-03-31,BK,0.0017219251561761788,-0.106918290442793
2023-03-01,2023-03-31,KHC,0.0014274788578847583,0.0035416965733452432
2023-03-01,2023-03-31,CASHUSD,0.003293974042871821,0.003991328492151114
2023-04-01,2023-04-28,AAPL,0.10770591328074539,0.028987137259102624
2023-04-01,2023-04-28,MSFT,0.09424765454533077,0.06576472687313695
2023-04-01,2023-04-28,AMZN,0.0404404477356737,0.02091195675834423
2023-04-01,2023-04-28,NVDA,0.030008985787319545,-0.001008027754134777
2023-04-01,2023-04-28,GOOGL,0.027132552776484145,0.03480180977424707
2023-04-01,2023-04-28,TSLA,0.024503889636592172,-0.20799193945263272
2023-04-01,2023-04-28,BRKB,0.024431610910603828,0.06406062597754936
2023-04-01,2023-04-28,GOOG,0.023714429756891205,0.04057694466685402
2023-04-01,2023-04-28,META,0.02071676470011136,0.1339059037004564
2023-04-01,2023-04-28,XOM,0.01983190090646732,0.07915377002028356
2023-04-01,2023-04-28,UNH,0.01939202179013381,0.04126200282286452
2023-04-01,2023-04-28,JNJ,0.017797084584529468,0.05612907018526392
2023-04-01,2023-04-28,JPM,0.016786183511080265,0.06918060257405534
2023-04-01,2023-04-28,V,0.016089424601275708,0.032245167252201945
2023-04-01,2023-04-28,PG,0.015405179321316777,0.058303022753417366
2023-04-01,2023-04-28,MA,0.013465666804283223,0.04737417437365399
2023-04-01,2023-04-28,HD,0.013209387665044764,0.018365582605789355
2023-04-01,2023-04-28,CVX,0.012746984014989124,0.03321887552029734
2023-04-01,2023-04-28,ABBV,0.01237758166194619,-0.04304303571928114
2023-04-01,2023-04-28,LLY,0.01189425522278866,0.15269905574824216
2023-04-01,2023-04-28,MRK,0.011846202884181449,0.08534647435273146
2023-04-01,2023-04-28,AVGO,0.011773723940115574,-0.023443589430382605
2023-04-01,2023-04-28,PEP,0.011026309856695912,0.04712017140631386
2023-04-01,2023-04-28,KO,0.010602648404642335,0.034177047776025704
2023-04-01,2023-04-28,PFE,0.010057955124721844,-0.046813656366992085
2023-04-01,2023-04-28,TMO,0.009927412938172255,-0.03725030817961439
2023-04-01,2023-04-28,COST,0.00968254622935301,0.012779942208992479
2023-04-01,2023-04-28,CSCO,0.009431172433014038,-0.0894239561693696
2023-04-01,2023-04-28,WMT,0.009080890906375224,0.023872650434419107
2023-04-01,2023-04-28,MCD,0.008993896151688418,0.05772333894524295
2023-04-01,2023-04-28,CRM,0.008773656266405368,-0.00705797395580654
2023-04-01,2023-04-28,BAC,0.008766448415614286,0.02377629168054063
2023-04-01,2023-04-28,DIS,0.008033149706660496,0.023669265736005585
2023-04-01,2023-04-28,ACN,0.007904409482808674,-0.01546228428264207
2023-04-01,2023-04-28,ABT,0.00775364527042855,0.09640615260999086
2023-04-01,2023-04-28,ADBE,0.007747939055218944,-0.02026623156330265
2023-04-01,2023-04-28,LIN,0.007688374177153756,0.03941584597703507
2023-04-01,2023-04-28,TXN,0.007402763089557144,-0.10112368169436203
2023-04-01,2023-04-28,DHR,0.007255202366417501,-0.060030087531718235
2023-04-01,2023-04-28,VZ,0.007173112954630183,0.014981409393225231
2023-04-01,2023-04-28,CMCSA,0.007003528242962234,0.09965884037884809
2023-04-01,2023-04-28,AMD,0.00694005911238521,-0.08815426182359576
2023-04-01,2023-04-28,NFLX,0.006756959680483982,-0.045009849776145416
2023-04-01,2023-04-28,NEE,0.006726726750776945,-0.005838056168149475
2023-04-01,2023-04-28,NKE,0.006709107559954301,0.033268129584296036
2023-04-01,2023-04-28,PM,0.0066209114968023165,0.02796919222565064
2023-04-01,2023-04-28,BMY,0.006471749029042433,-0.0287175608395831
2023-04-01,2023-04-28,RTX,0.006300462463715478,0.02011655605642737
2023-04-01,2023-04-28,ORCL,0.006271530951512386,0.023640181748994626
2023-04-01,2023-04-28,WFC,0.006255313287232453,0.06340293221339022
2023-04-01,2023-04-28,QCOM,0.006247204455092486,-0.08449607475753762
2023-04-01,2023-04-28,UPS,0.006217672288656805,-0.07309680719776002
2023-04-01,2023-04-28,T,0.006025963479421786,-0.06905978324416817
2023-04-01,2023-04-28,INTC,0.00593556501741697,-0.04928061123565186
2023-04-01,2023-04-28,AMGN,0.005669174865263245,-0.008314534524254458
2023-04-01,2023-04-28,HON,0.005608008242577815,0.0456255326345405
2023-04-01,2023-04-28,UNP,0.005408190601202829,-0.027625872355684256
2023-04-01,2023-04-28,COP,0.005332307949818942,0.03709337257285128
2023-04-01,2023-04-28,LOW,0.005310484179368167,0.04450259843163118
2023-04-01,2023-04-28,SBUX,0.005255824644202465,0.0975703992749446
2023-04-01,2023-04-28,BA,0.005246314285519788,-0.0265969688428489
2023-04-01,2023-04-28,CAT,0.005230096621239855,-0.03868350010847588
2023-04-01,2023-04-28,IBM,0.005205069361548598,-0.035700429626905006
2023-04-01,2023-04-28,MS,0.00503768704873348,0.03358987571374694
2023-04-01,2023-04-28,GS,0.004864798738786286,0.04992212526033879
2023-04-01,2023-04-28,LMT,0.004717037797569112,-0.017515139588207718
2023-04-01,2023-04-28,MDT,0.0047096297287005,0.1281318815904049
2023-04-01,2023-04-28,GE,0.004573281217902539,0.035251175508184796
2023-04-01,2023-04-28,GILD,0.004543749051466857,-0.009159876231569553
2023-04-01,2023-04-28,BKNG,0.004518221246581777,0.012780849955860374
2023-04-01,2023-04-28,BLK,0.004400693235071639,0.003108633943561534
2023-04-01,2023-04-28,AXP,0.00431279749903595,-0.018261759421106638
2023-04-01,2023-04-28,CVS,0.004190664471742622,-0.005348111041225456
2023-04-01,2023-04-28,AMT,0.004178351059974524,0.007685605929750539
2023-04-01,2023-04-28,MDLZ,0.0041704424459120875,0.1004013378642743
2023-04-01,2023-04-28,C,0.0039884442134372755,0.014844012647218463
2023-04-01,2023-04-28,PYPL,0.0037732097800924763,0.0007902195184830152
2023-04-01,2023-04-28,TMUS,0.0037676036739216355,-0.006490098559427948
2023-04-01,2023-04-28,SCHW,0.003508721699675286,-0.0026726518508969344
2023-04-01,2023-04-28,MO,0.0034989110138763132,0.06476918322540892
2023-04-01,2023-04-28,TGT,0.003348246910534954,-0.04757606750748122
2023-04-01,2023-04-28,SO,0.0033267234672004742,0.05705680367734267
2023-04-01,2023-04-28,DUK,0.0032622532462357997,0.024981894026907314
2023-04-01,2023-04-28,CL,0.0027549006377746636,0.06866250013161168
2023-04-01,2023-04-28,MMM,0.002544871874445646,0.010560148389058943
2023-04-01,2023-04-28,FDX,0.0023271347151317214,-0.0031074552790547605
2023-04-01,2023-04-28,GD,0.0022553565343372,-0.03770859510275093
2023-04-01,2023-04-28,GM,0.002243343449685397,-0.09923643639776847
2023-04-01,2023-04-28,USB,0.002203099616101858,-0.049098479387452265
2023-04-01,2023-04-28,EMR,0.0021834782445039136,-0.04452598421767007
2023-04-01,2023-04-28,F,0.0021665598169526242,-0.045367008521220664
2023-04-01,2023-04-28,EXC,0.001829893119585853,0.01312951448490085
2023-04-01,2023-04-28,DOW,0.001696147443795782,-0.007661421376496058
2023-04-01,2023-04-28,MET,0.0016776272716242531,0.05850873193430872
2023-04-01,2023-04-28,CHTR,0.0016594074265690187,0.031011513407731783
2023-04-01,2023-04-28,AIG,0.0016440907436379702,0.0532169391737638
2023-04-01,2023-04-28,COF,0.0016131570506595784,0.011855140079182869
2023-04-01,2023-04-28,SPG,0.0016036466919769011,0.012056778522352207
2023-04-01,2023-04-28,BK,0.0014723036331171912,-0.054347445758257784
2023-04-01,2023-04-28,KHC,0.0013573784566149449,0.015515911721605269
2023-04-01,2023-04-28,CASHUSD,0.002508532293373943,0.0036301879415800986
2023-04-29,2023-05-31,AAPL,0.1084788188451477,0.04605854414168675
2023-04-29,2023-05-31,MSFT,0.09831668174804656,0.07110541455631414
2023-04-29,2023-05-31,AMZN,0.04041099037664808,0.14348037288458837
2023-04-29,2023-05-31,NVDA,0.02934336983397668,0.3634363454528924
2023-04-29,2023-05-31,GOOGL,0.027481647817694795,0.1446806048183773
2023-04-29,2023-05-31,BRKB,0.025445736614537046,-0.022736269968788525
2023-04-29,2023-05-31,GOOG,0.024153633261084863,0.13999260204529773
2023-04-29,2023-05-31,META,0.022992972667614298,0.10153140014001583
2023-04-29,2023-05-31,XOM,0.020948051678928485,-0.12906306535051137
2023-04-29,2023-05-31,UNH,0.01976416586054113,-0.009855967379043706
2023-04-29,2023-05-31,TSLA,0.018995931481181713,0.2411295460159617
2023-04-29,2023-05-31,JNJ,0.018397581613390303,-0.04563257246755281
2023-04-29,2023-05-31,JPM,0.017430230973860712,-0.01830171557753102
2023-04-29,2023-05-31,V,0.01625625591955423,-0.048421302932257215
2023-04-29,2023-05-31,PG,0.015858523942854332,-0.08875812788398152
2023-04-29,2023-05-31,MA,0.013782969683373112,-0.03949698037680127
2023-04-29,2023-05-31,LLY,0.013419875326592211,0.08770044685078138
2023-04-29,2023-05-31,HD,0.01316680046198176,-0.05007474088978847
2023-04-29,2023-05-31,CVX,0.012891301242279241,-0.0977877227255366
2023-04-29,2023-05-31,MRK,0.012584668208140862,-0.043821007680954094
2023-04-29,2023-05-31,ABBV,0.011488077200647623,-0.08708314463129008
2023-04-29,2023-05-31,PEP,0.01130117420530438,-0.04473763590107738
2023-04-29,2023-05-31,AVGO,0.01125402299437419,0.2896410830234917
2023-04-29,2023-05-31,KO,0.010732556629755578,-0.0699922175310993
2023-04-29,2023-05-31,COST,0.009598424849228746,0.018693625339090802
2023-04-29,2023-05-31,PFE,0.009383891844932782,-0.011792104345392462
2023-04-29,2023-05-31,TMO,0.009355060531242982,-0.08369083140248812
2023-04-29,2023-05-31,MCD,0.009311413125795927,-0.03597651323181983
2023-04-29,2023-05-31,WMT,0.009100584144439275,-0.0234622632535183
2023-04-29,2023-05-31,BAC,0.008784640998588568,-0.05088795459638551
2023-04-29,2023-05-31,CRM,0.00852706124121408,0.12607769118887457
2023-04-29,2023-05-31,CSCO,0.008343862268810155,0.05121700811338736
2023-04-29,2023-05-31,ABT,0.008279592465376644,-0.07667245449402038
2023-04-29,2023-05-31,DIS,0.008049042064586348,-0.1418536321204933
2023-04-29,2023-05-31,LIN,0.007821995469279183,-0.04273940896124695
2023-04-29,2023-05-31,ACN,0.0075874407193653026,0.09144070089039102
2023-04-29,2023-05-31,CMCSA,0.007480724815221812,-0.04882769835816014
2023-04-29,2023-05-31,ADBE,0.007430069798808486,0.10655263069834309
2023-04-29,2023-05-31,VZ,0.007010213793200795,-0.08241068434324217
2023-04-29,2023-05-31,NKE,0.0067853695899116025,-0.1693496585573364
2023-04-29,2023-05-31,DHR,0.006675149880284978,-0.03077117311341304
2023-04-29,2023-05-31,PM,0.006661835419449064,-0.09963002051933534
2023-04-29,2023-05-31,NEE,0.006545709294865153,-0.03521520561562075
2023-04-29,2023-05-31,TXN,0.00651317395823604,0.047958849186807706
2023-04-29,2023-05-31,WFC,0.006510971566218069,0.009343890874461858
2023-04-29,2023-05-31,NFLX,0.006316059872627661,0.19792073389072873
2023-04-29,2023-05-31,RTX,0.006290932581877177,-0.07200813559477459
2023-04-29,2023-05-31,ORCL,0.006257496266695258,0.11845443123520383
2023-04-29,2023-05-31,AMD,0.0061941274418145535,0.32270331712609934
2023-04-29,2023-05-31,BMY,0.0061024278468845014,-0.03489576926818272
2023-04-29,2023-05-31,HON,0.0057395337075597805,-0.036202389895063414
2023-04-29,2023-05-31,SBUX,0.005646332481708383,-0.14142815128581399
2023-04-29,2023-05-31,UPS,0.005641026719119637,-0.06231801962925487
2023-04-29,2023-05-31,QCOM,0.005598180183497297,-0.02228090131137095
2023-04-29,2023-05-31,INTC,0.005523499072342471,0.016379571015639582
2023-04-29,2023-05-31,AMGN,0.0055028766743560175,-0.07094396363973743
2023-04-29,2023-05-31,T,0.0054141803412686524,-0.10979081986854067
2023-04-29,2023-05-31,COP,0.005412878927803487,-0.029915729691049386
2023-04-29,2023-05-31,LOW,0.005402267402625992,-0.03223774203080598
2023-04-29,2023-05-31,MDT,0.005200448206797403,-0.09004962891362067
2023-04-29,2023-05-31,UNP,0.005147290472181837,-0.009581415710972596
2023-04-29,2023-05-31,MS,0.0050527878328652754,-0.09125247659354341
2023-04-29,2023-05-31,GS,0.0049993297720654405,-0.04971391654247048
2023-04-29,2023-05-31,BA,0.004998528902240723,-0.005222951143390886
2023-04-29,2023-05-31,IBM,0.004912835830996045,0.031116116136354233
2023-04-29,2023-05-31,CAT,0.004894616042483741,-0.059643600477923386
2023-04-29,2023-05-31,GE,0.004634233240722749,0.02586625300497114
2023-04-29,2023-05-31,LMT,0.004536226795923051,-0.037563677182832156
2023-04-29,2023-05-31,MDLZ,0.004491878629379368,-0.04314393451160092
2023-04-29,2023-05-31,BKNG,0.004478864494727724,-0.06609061674056727
2023-04-29,2023-05-31,GILD,0.004406786210503227,-0.06410411797555271
2023-04-29,2023-05-31,BLK,0.004320792813074279,-0.020336888820408183
2023-04-29,2023-05-31,AXP,0.004128984490054648,-0.017230606649999758
2023-04-29,2023-05-31,AMT,0.0040907429559244295,-0.09760755148310907
2023-04-29,2023-05-31,CVS,0.004046595006836926,-0.07202276328688595
2023-04-29,2023-05-31,C,0.0039189563785227135,-0.058423605811594004
2023-04-29,2023-05-31,PYPL,0.0036961143497953124,-0.1843421113651741
2023-04-29,2023-05-31,TMUS,0.003663779230622379,-0.04621236036823606
2023-04-29,2023-05-31,MO,0.0036465605293909712,-0.0650390345892422
2023-04-29,2023-05-31,SO,0.003441938289175874,-0.04268881706282057
2023-04-29,2023-05-31,SCHW,0.0034252201315849145,0.013944742809907096
2023-04-29,2023-05-31,DUK,0.0032728546474325767,-0.08773856716885353
2023-04-29,2023-05-31,TGT,0.003121390141833045,-0.1643956596752122
2023-04-29,2023-05-31,CL,0.0028633098408181123,-0.06791988402029847
2023-04-29,2023-05-31,MMM,0.002517233967812441,-0.10818701725935231
2023-04-29,2023-05-31,FDX,0.0022707662792558997,-0.04302382470632937
2023-04-29,2023-05-31,GD,0.002111993836505829,-0.06485313727117492
2023-04-29,2023-05-31,USB,0.0020505270774588283,-0.12777124612699764
2023-04-29,2023-05-31,EMR,0.002042017835571214,-0.061099577503698765
2023-04-29,2023-05-31,F,0.0019994716261331432,0.010100916089015088
2023-04-29,2023-05-31,GM,0.001977948249593884,-0.01906786427324436
2023-04-29,2023-05-31,EXC,0.0018146709140797817,-0.05775471672076804
2023-04-29,2023-05-31,MET,0.0017380877370912547,-0.18431573969406612
2023-04-29,2023-05-31,AIG,0.0016949408752846464,-0.0039592008650968236
2023-04-29,2023-05-31,CHTR,0.0016746188034824623,-0.11540552455055064
2023-04-29,2023-05-31,DOW,0.0016474893381701865,-0.090664206492166
2023-04-29,2023-05-31,COF,0.0015977353003096663,0.07841917682644928
2023-04-29,2023-05-31,SPG,0.0015886254060535148,-0.07209685251345244
2023-04-29,2023-05-31,BK,0.001350767068112677,-0.05611661602899887
2023-04-29,2023-05-31,KHC,0.0013492654371913336,-0.02673795246609334
2023-04-29,2023-05-31,CASHUSD,0.003488689065193707,0.0037516129140693355
2023-06-01,2023-06-30,AAPL,0.11078510219085135,0.09432981451871325
2023-06-01,2023-06-30,MSFT,0.1027285425235953,0.03699872792466019
2023-06-01,2023-06-30,AMZN,0.04517616842986068,0.08110796675057008
2023-06-01,2023-06-30,NVDA,0.03911333002697965,0.11821060922756588
2023-06-01,2023-06-30,GOOGL,0.030754394139046022,-0.02579960605808318
2023-06-01,2023-06-30,GOOG,0.02691939086355386,-0.019453642513217684
2023-06-01,2023-06-30,META,0.02476131946533158,0.08408871666917661
2023-06-01,2023-06-30,BRKB,0.024311408471638842,0.06204065734645514
2023-06-01,2023-06-30,TSLA,0.023049255494894588,0.28362672689273194
2023-06-01,2023-06-30,UNH,0.019131977061045264,-0.009496161597452257
2023-06-01,2023-06-30,XOM,0.017683153560777768,0.04961812245058317
2023-06-01,2023-06-30,JNJ,0.017037063357376966,0.06745763643976166
2023-06-01,2023-06-30,JPM,0.016728681650687905,0.07169697290737664
2023-06-01,2023-06-30,V,0.015093888266931843,0.07442432592912995
2023-06-01,2023-06-30,LLY,0.01423350230435503,0.09202260396865203
2023-06-01,2023-06-30,AVGO,0.014189261890737189,0.07932469684876242
2023-06-01,2023-06-30,PG,0.014127905841986654,0.06484209195862078
2023-06-01,2023-06-30,MA,0.012942723177622758,0.07747526144672623
2023-06-01,2023-06-30,HD,0.012140590429357218,0.09592530283341527
2023-06-01,2023-06-30,MRK,0.011764146547871482,0.052087329293351026
2023-06-01,2023-06-30,CVX,0.011260386362942548,0.04468207221397713
2023-06-01,2023-06-30,PEP,0.010554241299427026,0.022834462009319267
2023-06-01,2023-06-30,ABBV,0.010253266358818779,-0.02341270312891708
2023-06-01,2023-06-30,KO,0.00975821412860648,0.01707393643550037
2023-06-01,2023-06-30,COST,0.009539214072054821,0.05242780733123098
2023-06-01,2023-06-30,CRM,0.009387475458831644,-0.05425736615968768
2023-06-01,2023-06-30,PFE,0.00896889308383208,-0.035244626897743214
2023-06-01,2023-06-30,MCD,0.008775716617129748,0.05220462313688756
2023-06-01,2023-06-30,WMT,0.008655406714033271,0.07019815972345778
2023-06-01,2023-06-30,CSCO,0.0085751333843466,0.04167503213089274
2023-06-01,2023-06-30,TMO,0.008380355454707876,0.02682120910011343
2023-06-01,2023-06-30,BAC,0.008151246163370238,0.04062376667956347
2023-06-01,2023-06-30,ACN,0.00809619587493175,0.008695006170491126
2023-06-01,2023-06-30,ADBE,0.008037842569186954,0.17042049889471578
2023-06-01,2023-06-30,AMD,0.008009816967800086,-0.03637590267884627
2023-06-01,2023-06-30,ABT,0.00747392743270978,0.06882359510880232
2023-06-01,2023-06-30,NFLX,0.007396957120329422,0.11451562666946691
2023-06-01,2023-06-30,LIN,0.007320086899382587,0.08143096291995322
2023-06-01,2023-06-30,CMCSA,0.006956354629954463,0.055908499931975664
2023-06-01,2023-06-30,ORCL,0.0068423504871700305,0.12412700352462624
2023-06-01,2023-06-30,DIS,0.006752868745599105,0.015006697983999562
2023-06-01,2023-06-30,TXN,0.0066218490591155015,0.035311702502920594
2023-06-01,2023-06-30,WFC,0.006375023584044025,0.07209264619772826
2023-06-01,2023-06-30,DHR,0.006324977867281763,0.046408515968660025
2023-06-01,2023-06-30,VZ,0.00628864467691236,0.04378331975525129
2023-06-01,2023-06-30,NEE,0.00613470405215164,0.010073363360712406
2023-06-01,2023-06-30,PM,0.005863956724467802,0.0990327251508123
2023-06-01,2023-06-30,BMY,0.005757859804931805,-0.007603903832420822
2023-06-01,2023-06-30,RTX,0.005672581903568911,0.06316481354451797
2023-06-01,2023-06-30,NKE,0.005510233598392132,0.05199794933260038
2023-06-01,2023-06-30,INTC,0.0054667939162424874,0.06361317201200944
2023-06-01,2023-06-30,HON,0.005380214826243773,0.08298535296533527
2023-06-01,2023-06-30,QCOM,0.005315255485886357,0.049642623429651866
2023-06-01,2023-06-30,UPS,0.005122779659218696,0.07335301325501886
2023-06-01,2023-06-30,LOW,0.005112169967265097,0.12215962997959373
2023-06-01,2023-06-30,COP,0.0051079661270570665,0.04967283548534551
2023-06-01,2023-06-30,AMGN,0.004951923582192333,0.0062089966642651095
2023-06-01,2023-06-30,UNP,0.004951323033591186,0.06285058508452623
2023-06-01,2023-06-30,IBM,0.0048875647904360634,0.04059389283780135
2023-06-01,2023-06-30,BA,0.004862642023488457,0.026543542998889835
2023-06-01,2023-06-30,SBUX,0.004716608621976175,0.014543149826811153
2023-06-01,2023-06-30,T,0.0047128051475022435,0.013986029948053647
2023-06-01,2023-06-30,GE,0.004649447270081219,0.08194633988020317
2023-06-01,2023-06-30,MDT,0.004627327063272299,0.07290602267806623
2023-06-01,2023-06-30,GS,0.0046112123424748505,-0.004198767680890447
2023-06-01,2023-06-30,CAT,0.004492203628014191,0.19586874370620921
2023-06-01,2023-06-30,MS,0.004490802347944848,0.04452049098102773
2023-06-01,2023-06-30,LMT,0.004241574678468781,0.036868422810950596
2023-06-01,2023-06-30,MDLZ,0.004205842036700526,-0.0011503077884166268
2023-06-01,2023-06-30,BLK,0.0041306733701236085,0.058813323002939066
2023-06-01,2023-06-30,BKNG,0.004092038076783142,0.07635607372935982
2023-06-01,2023-06-30,GILD,0.004034585593940065,0.011358324918899987
2023-06-01,2023-06-30,AXP,0.003970527076484368,0.09863752393107839
2023-06-01,2023-06-30,CVS,0.003674456616118825,0.01616899288384621
2023-06-01,2023-06-30,AMT,0.0036119995615995215,0.060130277820941824
2023-06-01,2023-06-30,C,0.0036105982815301777,0.03880854341760642
2023-06-01,2023-06-30,TMUS,0.0034197239177989093,0.012021825015994025
2023-06-01,2023-06-30,SCHW,0.0033716800297071375,0.07572617359078904
2023-06-01,2023-06-30,MO,0.0033274396160892974,0.041199199790007635
2023-06-01,2023-06-30,SO,0.0031950186495363513,0.007168233333223917
2023-06-01,2023-06-30,PYPL,0.002942187688453402,0.07646395767306124
2023-06-01,2023-06-30,DUK,0.0028843348398762264,0.005039861182299932
2023-06-01,2023-06-30,CL,0.002613587512192388,0.03576225355313567
2023-06-01,2023-06-30,TGT,0.002528409702263017,0.007408570947601056
2023-06-01,2023-06-30,MMM,0.002158071398222276,0.07266109758568229
2023-06-01,2023-06-30,FDX,0.0021304461625695076,0.1436643191895297
2023-06-01,2023-06-30,F,0.0019710005089649393,0.2608335934401633
2023-06-01,2023-06-30,GD,0.001927460735381771,0.05372705455295468
2023-06-01,2023-06-30,GM,0.0019032386084688365,0.1930691487662275
2023-06-01,2023-06-30,EMR,0.0018684067896023017,0.16361988602909716
2023-06-01,2023-06-30,USB,0.0017454945092341852,0.12167537100891024
2023-06-01,2023-06-30,COF,0.0016700255683566939,0.04951535280178665
2023-06-01,2023-06-30,EXC,0.0016546114875939173,0.02749061258597285
2023-06-01,2023-06-30,AIG,0.0016476050872472005,0.0962211995164104
2023-06-01,2023-06-30,CHTR,0.001445520482961185,0.1263835719518236
2023-06-01,2023-06-30,DOW,0.0014417170084872531,0.09184108710925654
2023-06-01,2023-06-30,SPG,0.0014386141740479928,0.11656942805749759
2023-06-01,2023-06-30,MET,0.001370551999251316,0.14086790262486826
2023-06-01,2023-06-30,KHC,0.0012815707148480136,-0.061418082134010676
2023-06-01,2023-06-30,BK,0.0012443367015768905,0.10746272853430483
2023-06-01,2023-06-30,CASHUSD,0.003420024192099483,0.004606014840327521
2023-07-01,2023-07-31,AAPL,0.11416520806809759,0.01278578383820328
2023-07-01,2023-07-31,MSFT,0.1007984770059179,-0.013566604913270774
2023-07-01,2023-07-31,AMZN,0.04632343588009364,0.025467873963526566
2023-07-01,2023-07-31,NVDA,0.04164674635857435,0.10465215982970189
2023-07-01,2023-07-31,GOOGL,0.028309339057438244,0.10877198938926536
2023-07-01,2023-07-31,TSLA,0.028074048401419673,0.021622049507798113
2023-07-01,2023-07-31,META,0.02527237820806199,0.11018172261019754
2023-07-01,2023-07-31,GOOG,0.02461014159773665,0.10035549575414349
2023-07-01,2023-07-31,BRKB,0.0242079156740707,0.03214073740492118
2023-07-01,2023-07-31,UNH,0.017814134793423114,0.05353269452375109
2023-07-01,2023-07-31,XOM,0.017261787226189384,-9.326533090159295e-05
2023-07-01,2023-07-31,JNJ,0.017123375070819884,0.01214344442468862
2023-07-01,2023-07-31,JPM,0.016919409797759122,0.09354249416245453
2023-07-01,2023-07-31,V,0.015293192073537189,0.0010527059651037618
2023-07-01,2023-07-31,LLY,0.01470961920444136,-0.030768976123038416
2023-07-01,2023-07-31,AVGO,0.014396865780341812,0.03599154536841742
2023-07-01,2023-07-31,PG,0.014237336513777114,0.03654126026407378
2023-07-01,2023-07-31,MA,0.013101015753064708,0.003941573950848376
2023-07-01,2023-07-31,HD,0.012522847263137323,0.0746842624217956
2023-07-01,2023-07-31,MRK,0.011655644568794095,-0.07574307656963575
2023-07-01,2023-07-31,CVX,0.010916145352579195,0.04010136639533002
2023-07-01,2023-07-31,PEP,0.010158131133657603,0.012093763715159689
2023-07-01,2023-07-31,COST,0.009504801740850614,0.0414017255950363
2023-07-01,2023-07-31,ABBV,0.009462567518460209,0.12252849829537693
2023-07-01,2023-07-31,KO,0.00933046047212056,0.02839582951043984
2023-07-01,2023-07-31,ADBE,0.008929035197220308,0.11693489400135704
2023-07-01,2023-07-31,WMT,0.008776311445164017,0.017050250602688388
2023-07-01,2023-07-31,MCD,0.008673027754389382,-0.017459168683976456
2023-07-01,2023-07-31,CSCO,0.00843613580083942,0.013425303201041405
2023-07-01,2023-07-31,PFE,0.008243079367211251,-0.005949957337362588
2023-07-01,2023-07-31,CRM,0.008233671744214337,0.06508558135932807
2023-07-01,2023-07-31,TMO,0.008011591792829731,0.0515760506955425
2023-07-01,2023-07-31,BAC,0.007918416292721994,0.11537128829062238
2023-07-01,2023-07-31,NFLX,0.007795116382804988,-0.0034507123426921193
2023-07-01,2023-07-31,ACN,0.0077577861341044645,0.028900635368556138
2023-07-01,2023-07-31,ABT,0.007546915265439586,0.026086179074113147
2023-07-01,2023-07-31,LIN,0.00742741843715963,0.025165359116628983
2023-07-01,2023-07-31,AMD,0.007302317067519812,0.004301622754951495
2023-07-01,2023-07-31,ORCL,0.007295511553011406,-0.012163902175623464
2023-07-01,2023-07-31,CMCSA,0.00687987476252007,0.09694630149927685
2023-07-01,2023-07-31,TXN,0.006504570653600613,0.006914405248440891
2023-07-01,2023-07-31,DIS,0.006494462462933716,-0.004368281979940325
2023-07-01,2023-07-31,WFC,0.006375265877940896,0.08153681628576681
2023-07-01,2023-07-31,DHR,0.006344841224844492,0.06275004540737594
2023-07-01,2023-07-31,VZ,0.006223943261224571,-0.06721984600935382
2023-07-01,2023-07-31,PM,0.006031987719649232,0.0215120246322118
2023-07-01,2023-07-31,NEE,0.005976642873720576,-0.012129139175887205
2023-07-01,2023-07-31,RTX,0.005697917022163059,-0.1023887559059169
2023-07-01,2023-07-31,INTC,0.005552399108998021,0.06967710109177228
2023-07-01,2023-07-31,HON,0.005494352073485145,-0.06443379850310482
2023-07-01,2023-07-31,NKE,0.005413486548149966,0.0001811563810754091
2023-07-01,2023-07-31,LOW,0.005358241783317022,0.04287306531374502
2023-07-01,2023-07-31,BMY,0.005348333754841548,-0.018882109386050838
2023-07-01,2023-07-31,QCOM,0.0052790776366089445,0.11029909263570703
2023-07-01,2023-07-31,UPS,0.005171890783101547,0.04396122609379094
2023-07-01,2023-07-31,CAT,0.005047890305514559,0.08304490007786147
2023-07-01,2023-07-31,COP,0.004991044243150225,0.13618372590439876
2023-07-01,2023-07-31,UNP,0.004961820563202363,0.1339067898064248
2023-07-01,2023-07-31,IBM,0.004836919355753968,0.07749805197162574
2023-07-01,2023-07-31,GE,0.004761958615065788,0.04073251170044867
2023-07-01,2023-07-31,BA,0.004753551803025992,0.1311327995888596
2023-07-01,2023-07-31,AMGN,0.004722526663355317,0.054634768188114746
2023-07-01,2023-07-31,MDT,0.004665980844278119,-0.0038590897556857184
2023-07-01,2023-07-31,T,0.004539178096011199,-0.07342387443319187
2023-07-01,2023-07-31,SBUX,0.0045215638231659114,0.025338166545238572
2023-07-01,2023-07-31,MS,0.004431290674833817,0.08204741609594612
2023-07-01,2023-07-31,GS,0.004268658894302053,0.10333593555477316
2023-07-01,2023-07-31,LMT,0.0041308472255068285,-0.03043141675726868
2023-07-01,2023-07-31,AXP,0.0041233411433284385,-0.027215063038572462
2023-07-01,2023-07-31,BLK,0.004120438791552796,0.06903062460262199
2023-07-01,2023-07-31,BKNG,0.003970317147985012,0.10016189827531163
2023-07-01,2023-07-31,MDLZ,0.003954304172671116,0.016314850606256037
2023-07-01,2023-07-31,GILD,0.003826900937829924,-0.012066907338344701
2023-07-01,2023-07-31,AMT,0.0035980154719369105,-0.018717163895823674
2023-07-01,2023-07-31,C,0.0035679911432233537,0.03518702663331208
2023-07-01,2023-07-31,CVS,0.0035281588671300357,0.08928849873468003
2023-07-01,2023-07-31,SCHW,0.0033532171118257127,0.16619643120914396
2023-07-01,2023-07-31,MO,0.0032190083624761144,0.0026489961089000147
2023-07-01,2023-07-31,TMUS,0.00318478062774266,-0.008135463625505879
2023-07-01,2023-07-31,SO,0.0030493709052445196,0.029750794578025097
2023-07-01,2023-07-31,PYPL,0.0029639016495065953,0.13622063125905504
2023-07-01,2023-07-31,DUK,0.002753030780841716,0.04323589222432522
2023-07-01,2023-07-31,CL,0.0025489654266852434,-0.0038678526210378372
2023-07-01,2023-07-31,TGT,0.0024234637326625767,0.03464761423636187
2023-07-01,2023-07-31,F,0.0023670179946810904,-0.11739637622819332
2023-07-01,2023-07-31,FDX,0.0022792468737417933,0.0889472214438023
2023-07-01,2023-07-31,MMM,0.0021980811051194784,0.11399745063277011
2023-07-01,2023-07-31,GM,0.002129425473461145,-0.004927339593672975
2023-07-01,2023-07-31,EMR,0.0020563662735914915,0.0106205156220478
2023-07-01,2023-07-31,GD,0.0019296636064202826,0.045595890786412685
2023-07-01,2023-07-31,USB,0.0018347867276854435,0.2009683747859985
2023-07-01,2023-07-31,AIG,0.0016578433504668834,0.04761886210640642
2023-07-01,2023-07-31,COF,0.0016566423773183413,0.0699458502584065
2023-07-01,2023-07-31,EXC,0.0016168101012250227,0.0274912389440074
2023-07-01,2023-07-31,CHTR,0.0015283384126157428,0.10294800290414163
2023-07-01,2023-07-31,SPG,0.0015036183819749143,0.07897471396957378
2023-07-01,2023-07-31,DOW,0.0014996151381464402,0.06027021990913006
2023-07-01,2023-07-31,MET,0.0014476730494719873,0.11392193447845833
2023-07-01,2023-07-31,BK,0.001272731294167664,0.02833539044314959
2023-07-01,2023-07-31,KHC,0.0011273134620983383,0.019155058105946976
2023-07-01,2023-07-31,CASHUSD,0.002767742701911359,0.00386055963018328
2023-08-01,2023-08-31,AAPL,0.11187265018734446,-0.04238402344321324
2023-08-01,2023-08-31,MSFT,0.09620402984300855,-0.02222589665002228
2023-08-01,2023-08-31,AMZN,0.04596159993530665,0.0323907994336623
2023-08-01,2023-08-31,NVDA,0.04451190451646427,0.05619639406771304
2023-08-01,2023-08-31,GOOGL,0.030370043137571242,0.025994578663316892
2023-08-01,2023-08-31,TSLA,0.027750182800737485,-0.034962443852926794
2023-08-01,2023-08-31,META,0.02714648499152401,-0.07128058615887922
2023-08-01,2023-08-31,GOOG,0.02620110543153885,0.03185333800070933
2023-08-01,2023-08-31,BRKB,0.02417493465111331,0.02341181086488575
2023-08-01,2023-08-31,UNH,0.018158273312173217,-0.058830407214832015
2023-08-01,2023-08-31,JPM,0.017779460943494006,-0.07362623477589125
2023-08-01,2023-08-31,JNJ,0.01676902774027463,-0.027912102922847293
2023-08-01,2023-08-31,XOM,0.01670017096097442,0.04533251562575935
2023-08-01,2023-08-31,V,0.014812614481901775,0.0353844590960255
2023-08-01,2023-08-31,AVGO,0.014430599472324878,0.02697368415262069
2023-08-01,2023-08-31,PG,0.01418930049718998,-0.012540129063162708
2023-08-01,2023-08-31,LLY,0.013793974511382086,0.221841260017404
2023-08-01,2023-08-31,HD,0.013021437477343818,-0.004285738662361482
2023-08-01,2023-08-31,MA,0.012707278421786605,0.046565699797972426
2023-08-01,2023-08-31,CVX,0.01098545860916912,-0.006181957709510355
2023-08-01,2023-08-31,MRK,0.010423295049097484,0.02184732443263826
2023-08-01,2023-08-31,ABBV,0.01016458171408143,-0.017515459691220703
2023-08-01,2023-08-31,PEP,0.009947502710735271,-0.044213914499923956
2023-08-01,2023-08-31,ADBE,0.009649456942194531,0.02411345251003838
2023-08-01,2023-08-31,COST,0.009576797026828322,-0.018463441712351147
2023-08-01,2023-08-31,KO,0.009284055632274373,-0.033909241278489266
2023-08-01,2023-08-31,WMT,0.008636221428189685,0.02081870069899372
2023-08-01,2023-08-31,BAC,0.008545446575245948,-0.0965962979395052
2023-08-01,2023-08-31,CRM,0.00848509681083021,-0.015776992475238005
2023-08-01,2023-08-31,MCD,0.008244898743503893,-0.03594274442193324
2023-08-01,2023-08-31,CSCO,0.00820976977615742,0.10203686562362413
2023-08-01,2023-08-31,TMO,0.008151321579774683,0.015383034308318777
2023-08-01,2023-08-31,PFE,0.007840765495227364,-0.018857439998022918
2023-08-01,2023-08-31,ACN,0.007695045334382733,0.023455095644546953
2023-08-01,2023-08-31,NFLX,0.007516197856752678,-0.012050922303035394
2023-08-01,2023-08-31,ABT,0.0074567488350894134,-0.07572074720993549
2023-08-01,2023-08-31,LIN,0.007366974807426203,-0.009291773020917993
2023-08-01,2023-08-31,CMCSA,0.007250979157413203,0.03314181844039532
2023-08-01,2023-08-31,AMD,0.00709575115640357,-0.07587412752972944
2023-08-01,2023-08-31,ORCL,0.006948529757638148,0.0269555471409495
2023-08-01,2023-08-31,WFC,0.006671301154932356,-0.09850640135969058
2023-08-01,2023-08-31,DHR,0.006523979673638883,0.038971110994053815
2023-08-01,2023-08-31,TXN,0.0062926889513092495,-0.06633343246240664
2023-08-01,2023-08-31,DIS,0.0062561588285700385,-0.05861172099129508
2023-08-01,2023-08-31,PM,0.005961816113567248,-0.03670292967174338
2023-08-01,2023-08-31,INTC,0.005746538595726035,-0.014078226199866983
2023-08-01,2023-08-31,NEE,0.005712610618716194,-0.082363106932137
2023-08-01,2023-08-31,QCOM,0.005671076369574351,-0.1273286556599269
2023-08-01,2023-08-31,VZ,0.005518350431766034,0.026408291350170865
2023-08-01,2023-08-31,COP,0.005486724352901403,0.0155287519889451
2023-08-01,2023-08-31,UNP,0.005443588783310718,-0.043785856590099925
2023-08-01,2023-08-31,LOW,0.005381037203277823,-0.016177811515680318
2023-08-01,2023-08-31,CAT,0.0052637404804001375,0.06018767918883716
2023-08-01,2023-08-31,NKE,0.0052386197658589265,-0.07863028795116289
2023-08-01,2023-08-31,UPS,0.005223807551707138,-0.08654332824887834
2023-08-01,2023-08-31,BA,0.005202389890703874,-0.06204733910618321
2023-08-01,2023-08-31,IBM,0.0050426581759318734,0.03009928831617903
2023-08-01,2023-08-31,BMY,0.005032349675542452,-0.00868290648046044
2023-08-01,2023-08-31,HON,0.004973501149047504,-0.02658775332883956
2023-08-01,2023-08-31,RTX,0.004948580599562399,-0.014666269991978953
2023-08-01,2023-08-31,AMGN,0.00481897372573424,0.10363818562898386
2023-08-01,2023-08-31,GE,0.004791451030519767,0.0019258195054339122
2023-08-01,2023-08-31,MS,0.004596690430929344,-0.07000875029888376
2023-08-01,2023-08-31,GS,0.004556857584764397,-0.07145142617844824
2023-08-01,2023-08-31,MDT,0.004497108315516975,-0.07133109592458942
2023-08-01,2023-08-31,SBUX,0.004485698907318975,-0.035545759304126845
2023-08-01,2023-08-31,BLK,0.0042615140444810795,-0.05185069605104364
2023-08-01,2023-08-31,BKNG,0.0042273859024151315,0.04518314274862001
2023-08-01,2023-08-31,T,0.00399809683064655,0.01859500320500085
2023-08-01,2023-08-31,MDLZ,0.0038884063799008656,-0.03871574625735841
2023-08-01,2023-08-31,LMT,0.0038750954036698656,0.011140644402370281
2023-08-01,2023-08-31,AXP,0.0038675892140659185,-0.0644837360143905
2023-08-01,2023-08-31,SCHW,0.0037836199730297603,-0.10170428200990445
2023-08-01,2023-08-31,CVS,0.0036882413237956015,-0.12746019099488848
2023-08-01,2023-08-31,GILD,0.0036580164003237065,0.004465580722900153
2023-08-01,2023-08-31,C,0.003573646829175338,-0.12360344513189903
2023-08-01,2023-08-31,AMT,0.003416116930020495,-0.04723844161526214
2023-08-01,2023-08-31,PYPL,0.003258286783281494,-0.17554741147268238
2023-08-01,2023-08-31,MO,0.00312277504029823,-0.026419869121426354
2023-08-01,2023-08-31,TMUS,0.0030564203241993347,-0.011032770896740929
2023-08-01,2023-08-31,SO,0.003038205304093756,-0.054024210693718544
2023-08-01,2023-08-31,DUK,0.0027789915564374375,-0.040762555607586015
2023-08-01,2023-08-31,CL,0.0024413131067878573,-0.036585152415279376
2023-08-01,2023-08-31,TGT,0.002426100562523857,-0.06474079997481863
2023-08-01,2023-08-31,FDX,0.002401580343150962,-0.03308019022235387
2023-08-01,2023-08-31,MMM,0.002369253686589962,-0.029010983366362098
2023-08-01,2023-08-31,USB,0.0021319580125771713,-0.07938504452470896
2023-08-01,2023-08-31,GM,0.0020501905871581705,-0.12430083605439735
2023-08-01,2023-08-31,EMR,0.002010858153633486,0.08138892170391543
2023-08-01,2023-08-31,F,0.0019995488279635387,-0.08175618063022172
2023-08-01,2023-08-31,GD,0.001940099806300275,0.013686464841795143
2023-08-01,2023-08-31,COF,0.0017149141181818527,-0.12034712774302314
2023-08-01,2023-08-31,AIG,0.001680485728531747,-0.029197025511064068
2023-08-01,2023-08-31,CHTR,0.0016310449596737468,0.0812704965013129
2023-08-01,2023-08-31,EXC,0.001607325400525273,-0.03297327511202097
2023-08-01,2023-08-31,SPG,0.0015695942874494307,-0.08916547037720934
2023-08-01,2023-08-31,MET,0.001560286612340536,0.014176951142079286
2023-08-01,2023-08-31,DOW,0.001538468621225062,-0.02142276976053703
2023-08-01,2023-08-31,BK,0.001254634571667797,-0.010802575792977831
2023-08-01,2023-08-31,KHC,0.001111616639080586,-0.07441042284227684
2023-08-01,2023-08-31,CASHUSD,0.003700051062105812,0.004966798193663857
2023-09-01,2023-09-29,AAPL,0.10855602344050214,-0.0886782840733773
2023-09-01,2023-09-29,MSFT,0.09524485237607277,-0.03664256483877404
2023-09-01,2023-09-29,AMZN,0.048146895414371726,-0.07890726899285905
2023-09-01,2023-09-29,NVDA,0.04770378346355835,-0.11857799307223182
2023-09-01,2023-09-29,GOOGL,0.03161665812732164,-0.0389955369911511
2023-09-01,2023-09-29,GOOG,0.027432012136544132,-0.04004370425502324
2023-09-01,2023-09-29,TSLA,0.027173229953887542,-0.030455617484936637
2023-09-01,2023-09-29,META,0.025581209171256565,0.014599867656055476
2023-09-01,2023-09-29,BRKB,0.025103973197130786,-0.027484797552900342
2023-09-01,2023-09-29,XOM,0.01756896855386192,0.057469303061662425
2023-09-01,2023-09-29,UNH,0.017341108140130655,0.06205200049692494
2023-09-01,2023-09-29,LLY,0.017065313981042655,-0.030801099824374734
2023-09-01,2023-09-29,JPM,0.016712165364416554,-0.008952253649182729
2023-09-01,2023-09-29,V,0.015537638497502244,-0.06378193504670049
2023-09-01,2023-09-29,JNJ,0.015217513129242988,-0.036677286128935505
2023-09-01,2023-09-29,AVGO,0.015037586460868453,-0.09512114475714739
2023-09-01,2023-09-29,PG,0.014216908703727426,-0.054943215764801434
2023-09-01,2023-09-29,MA,0.013494199916741388,-0.040543673984416384
2023-09-01,2023-09-29,HD,0.013072302901242477,-0.08519515192483296
2023-09-01,2023-09-29,CVX,0.01120698972076342,0.04667917008232614
2023-09-01,2023-09-29,MRK,0.010807308345074935,-0.048891360968808306
2023-09-01,2023-09-29,ABBV,0.010133133726143205,0.014289414297876224
2023-09-01,2023-09-29,ADBE,0.010027259190470093,-0.08838994276331213
2023-09-01,2023-09-29,PEP,0.009579644069424877,-0.04766182943106334
2023-09-01,2023-09-29,COST,0.00952010215191495,0.02854611732330814
2023-09-01,2023-09-29,CSCO,0.009180162834635585,-0.06259807387341776
2023-09-01,2023-09-29,KO,0.009100806968105548,-0.05692576388315296
2023-09-01,2023-09-29,WMT,0.008913875368259256,-0.01648106213559608
2023-09-01,2023-09-29,CRM,0.008473565390034585,-0.0843493065709291
2023-09-01,2023-09-29,TMO,0.008398012200589215,-0.09079696219423583
2023-09-01,2023-09-29,MCD,0.008022147591904701,-0.06299142939146207
2023-09-01,2023-09-29,ACN,0.00799122582297938,-0.0514563571902924
2023-09-01,2023-09-29,PFE,0.007805895350326631,-0.062464827386079946
2023-09-01,2023-09-29,BAC,0.007768469002177534,-0.04499485388423807
2023-09-01,2023-09-29,CMCSA,0.0076011512104521605,-0.05175389262099461
2023-09-01,2023-09-29,NFLX,0.00753450429102088,-0.1293119743829111
2023-09-01,2023-09-29,LIN,0.007405713622390164,-0.03477504005180909
2023-09-01,2023-09-29,ORCL,0.007240597380555913,-0.12019273576592748
2023-09-01,2023-09-29,ABT,0.006993223229153325,-0.058794903522224384
2023-09-01,2023-09-29,DHR,0.006877942071218139,-0.06377349026541068
2023-09-01,2023-09-29,AMD,0.00665358412322275,-0.027430963794871754
2023-09-01,2023-09-29,WFC,0.006055062764185987,-0.010414318195694605
2023-09-01,2023-09-29,DIS,0.00597600710900474,-0.031429236670677874
2023-09-01,2023-09-29,TXN,0.005961797105162035,-0.05384987823871201
2023-09-01,2023-09-29,PM,0.005828503266299475,-0.022670731819825374
2023-09-01,2023-09-29,VZ,0.0057494476111182285,-0.07347044321038865
2023-09-01,2023-09-29,INTC,0.005729633662098118,0.011667502556232723
2023-09-01,2023-09-29,CAT,0.005664287658511593,-0.0289188832118199
2023-09-01,2023-09-29,COP,0.0056312644101447415,0.011520835587934153
2023-09-01,2023-09-29,LOW,0.005374583706929679,-0.09822979005598043
2023-09-01,2023-09-29,AMGN,0.005355570321506342,0.04845131611746156
2023-09-01,2023-09-29,NEE,0.005284820513641604,-0.14236528347687705
2023-09-01,2023-09-29,UNP,0.005257201069552965,-0.07680100541830659
2023-09-01,2023-09-29,IBM,0.00521427084667606,-0.04447332719688024
2023-09-01,2023-09-29,BMY,0.005065366017676445,-0.05855642118430071
2023-09-01,2023-09-29,QCOM,0.004980406205969003,-0.030297598439361195
2023-09-01,2023-09-29,BA,0.004954187748174715,-0.1444003315617799
2023-09-01,2023-09-29,RTX,0.004917161681824005,-0.1635287427252654
2023-09-01,2023-09-29,NKE,0.004901350550787755,-0.05672281488335218
2023-09-01,2023-09-29,HON,0.004889842449084156,-0.017026763679441892
2023-09-01,2023-09-29,GE,0.004865325188933009,-0.033465284279280416
2023-09-01,2023-09-29,UPS,0.00479837805815294,-0.07987011708851
2023-09-01,2023-09-29,BKNG,0.004480954592032792,-0.006788979671955131
2023-09-01,2023-09-29,SBUX,0.004362070897912131,-0.06332114899428198
2023-09-01,2023-09-29,MS,0.004335051876521071,-0.04086902854490293
2023-09-01,2023-09-29,GS,0.0042537946714487004,-0.012633234253611292
2023-09-01,2023-09-29,MDT,0.004233780581529397,-0.0303158350418522
2023-09-01,2023-09-29,T,0.004129307032150634,0.015551041554786593
2023-09-01,2023-09-29,BLK,0.004100286601767645,-0.07045953109993452
2023-09-01,2023-09-29,LMT,0.003946578391187397,-0.08785549294498984
2023-09-01,2023-09-29,MDLZ,0.0037902683489176386,-0.020151755991596243
2023-09-01,2023-09-29,GILD,0.003725822979377482,-0.010537230755951033
2023-09-01,2023-09-29,AXP,0.0036691831049058543,-0.05569973829693853
2023-09-01,2023-09-29,SCHW,0.003434017548354042,-0.07185131860221017
2023-09-01,2023-09-29,AMT,0.003301724413987448,-0.0930400966137509
2023-09-01,2023-09-29,CVS,0.0032636976431407714,0.07135187715706137
2023-09-01,2023-09-29,C,0.003140610990137057,-0.003874997329881169
2023-09-01,2023-09-29,MO,0.0030850718906109908,-0.02778193094064174
2023-09-01,2023-09-29,TMUS,0.003066959139234021,0.027889744217630685
2023-09-01,2023-09-29,SO,0.002886832329960293,-0.04444130046342476
2023-09-01,2023-09-29,PYPL,0.00272691975150506,-0.06478960507263232
2023-09-01,2023-09-29,DUK,0.002675583610862047,-0.006081003257796147
2023-09-01,2023-09-29,CL,0.0023788747278083774,-0.032121936703003895
2023-09-01,2023-09-29,FDX,0.002358560426540285,0.01995821723045288
2023-09-01,2023-09-29,MMM,0.002302921256564622,-0.12233996557193128
2023-09-01,2023-09-29,TGT,0.0022855089983348283,-0.1262742161416749
2023-09-01,2023-09-29,EMR,0.0021973469322402973,-0.0170993333978402
2023-09-01,2023-09-29,USB,0.001995004483156142,-0.081432077383498
2023-09-01,2023-09-29,GD,0.001989200397079544,-0.025017647794902453
2023-09-01,2023-09-29,F,0.001866914307672602,0.02390772463092361
2023-09-01,2023-09-29,GM,0.0018207818304086078,-0.016114705958450215
2023-09-01,2023-09-29,CHTR,0.001783755764057897,0.003880243371628289
2023-09-01,2023-09-29,AIG,0.0016500616433969518,0.041726823333780416
2023-09-01,2023-09-29,MET,0.0015974245869091843,-0.006788939185565446
2023-09-01,2023-09-29,EXC,0.0015581969706673499,-0.058075768869833566
2023-09-01,2023-09-29,COF,0.0015270750608428337,-0.05215362763104614
2023-09-01,2023-09-29,DOW,0.0015033583642884594,-0.054985292973514066
2023-09-01,2023-09-29,SPG,0.0014461180671192521,-0.032224161074666635
2023-09-01,2023-09-29,BK,0.0012552837197386962,-0.04947617671675464
2023-09-01,2023-09-29,KHC,0.001028323940053798,0.01662133477837524
2023-09-01,2023-09-29,CASHUSD,0.0033346475919047015,0.003991168165593084
2023-09-30,2023-10-31,AAPL,0.10313647937270412,-0.002569891574492056
2023-09-30,2023-10-31,MSFT,0.09616058076788382,0.07081550699978334
2023-09-30,2023-10-31,AMZN,0.047310790537841894,0.046963447626806376
2023-09-30,2023-10-31,NVDA,0.04404089119182176,-0.06250707271488931
2023-09-30,2023-10-31,GOOGL,0.031824393635121274,-0.0518108999262763
2023-09-30,2023-10-31,TSLA,0.028322094335581128,-0.1973463537763216
2023-09-30,2023-10-31,META,0.02735029452994109,0.0035310969104287437
2023-09-30,2023-10-31,GOOG,0.027275994544801088,-0.049677697593446535
2023-09-30,2023-10-31,BRKB,0.026185894762821047,-0.02560662727172147
2023-09-30,2023-10-31,XOM,0.01929379614124077,-0.09976190096742232
2023-09-30,2023-10-31,UNH,0.019143696171260764,0.06221871830451153
2023-09-30,2023-10-31,LLY,0.0175564964887007,0.03127748099207239
2023-09-30,2023-10-31,JPM,0.01727489654502069,-0.034022291991226195
2023-09-30,2023-10-31,JNJ,0.015373196925360613,-0.0475763138142522
2023-09-30,2023-10-31,V,0.015148996970200604,0.022129432337402166
2023-09-30,2023-10-31,PG,0.014093897181220562,0.0350808863949672
2023-09-30,2023-10-31,AVGO,0.01404999719000056,0.012991100460178595
2023-09-30,2023-10-31,MA,0.013502297299540538,-0.048027312436164205
2023-09-30,2023-10-31,HD,0.012452197509560496,-0.05781684217274097
2023-09-30,2023-10-31,CVX,0.012263297547340488,-0.13574923307299236
2023-09-30,2023-10-31,ABBV,0.010784397843120432,-0.04338436465486106
2023-09-30,2023-10-31,MRK,0.010708197858360429,-0.002428286081631592
2023-09-30,2023-10-31,COST,0.010262397947520409,-0.022160746277267163
2023-09-30,2023-10-31,PEP,0.009560798087840383,-0.036355182029106925
2023-09-30,2023-10-31,ADBE,0.00952669809466038,0.04345950956533673
2023-09-30,2023-10-31,WMT,0.009356098128780374,0.021759517855219457
2023-09-30,2023-10-31,CSCO,0.008979898204020358,-0.023316814266009955
2023-09-30,2023-10-31,KO,0.008930498213900358,0.009110492104963841
2023-09-30,2023-10-31,CRM,0.008095898380820322,-0.009616265674438074
2023-09-30,2023-10-31,TMO,0.00800759839848032,-0.12130316112082407
2023-09-30,2023-10-31,ACN,0.007940798411840316,-0.028614647282090178
2023-09-30,2023-10-31,MCD,0.007869498426100314,-0.0048206472043170745
2023-09-30,2023-10-31,BAC,0.007758898448220309,-0.03798402768768483
2023-09-30,2023-10-31,PFE,0.007676498464700306,-0.07868545003801464
2023-09-30,2023-10-31,CMCSA,0.007480298503940298,-0.06267683545957103
2023-09-30,2023-10-31,LIN,0.007447298510540297,0.026346147675536224
2023-09-30,2023-10-31,ABT,0.006889198622160275,-0.01834382537556123
2023-09-30,2023-10-31,NFLX,0.006858998628200273,0.09028073485862631
2023-09-30,2023-10-31,ORCL,0.006834998633000272,-0.020219299383835376
2023-09-30,2023-10-31,AMD,0.006809398638120271,-0.042015169302141886
2023-09-30,2023-10-31,DHR,0.0066827986634402665,-0.1258916404367182
2023-09-30,2023-10-31,WFC,0.006127898774420244,-0.02667629219296075
2023-09-30,2023-10-31,INTC,0.006102698779460243,0.02672290980565184
2023-09-30,2023-10-31,DIS,0.0060789987842002425,0.006662416404253024
2023-09-30,2023-10-31,TXN,0.0059179988164002354,-0.09872501934452693
2023-09-30,2023-10-31,AMGN,0.005892698821460235,-0.04859349031638416
2023-09-30,2023-10-31,PM,0.0058908988218202354,-0.03694089544710033
2023-09-30,2023-10-31,COP,0.005880398823920234,-0.0083472949079193
2023-09-30,2023-10-31,CAT,0.005708598858280228,-0.167699480412016
2023-09-30,2023-10-31,VZ,0.005584998883000222,0.1070610367641518
2023-09-30,2023-10-31,IBM,0.005239098952180209,0.030933690119911983
2023-09-30,2023-10-31,UNP,0.005086998982600203,0.019545245772995212
2023-09-30,2023-10-31,QCOM,0.005080398983920203,-0.018638607786487738
2023-09-30,2023-10-31,HON,0.0050277989944402,-0.008011083416411213
2023-09-30,2023-10-31,LOW,0.004992199001560198,-0.07770729100377105
2023-09-30,2023-10-31,BMY,0.0049700990059801985,-0.10315284746628639
2023-09-30,2023-10-31,GE,0.004931899013620197,-0.01736774055682566
2023-09-30,2023-10-31,NKE,0.004801599039680191,0.07477489503509949
2023-09-30,2023-10-31,NEE,0.004752299049540189,0.01762959173942069
2023-09-30,2023-10-31,UPS,0.004621099075780185,-0.09379602704947676
2023-09-30,2023-10-31,BKNG,0.004511399097720179,-0.09545885018796185
2023-09-30,2023-10-31,BA,0.004454999109000177,-0.025354682477388035
2023-09-30,2023-10-31,T,0.004401399119720175,0.044886706000732524
2023-09-30,2023-10-31,GS,0.004372399125520175,-0.06168672996572544
2023-09-30,2023-10-31,RTX,0.004293899141220171,0.13088828935460728
2023-09-30,2023-10-31,SBUX,0.004285099142980171,0.010627763954457858
2023-09-30,2023-10-31,MDT,0.004275699144860171,-0.09954071824161725
2023-09-30,2023-10-31,MS,0.00427119914576017,-0.12225396690247037
2023-09-30,2023-10-31,DE,0.004217899156420168,-0.03185127950633104
2023-09-30,2023-10-31,MDLZ,0.0038699992260001546,-0.045965306901036285
2023-09-30,2023-10-31,GILD,0.003827499234500152,0.048038566160295115
2023-09-30,2023-10-31,LMT,0.00375719924856015,0.11169812794090861
2023-09-30,2023-10-31,BLK,0.0037190992561801487,-0.052916422395466456
2023-09-30,2023-10-31,CVS,0.0036758992648201465,-0.0031173852420587345
2023-09-30,2023-10-31,AXP,0.003557899288420142,-0.01715929780300196
2023-09-30,2023-10-31,SCHW,0.003346199330760133,-0.05209465432882132
2023-09-30,2023-10-31,C,0.0032465993506801297,-0.0398734841739905
2023-09-30,2023-10-31,AMT,0.0031422993715401254,0.09449471210340765
2023-09-30,2023-10-31,MO,0.0030586993882601218,-0.04470877951632801
2023-09-30,2023-10-31,TMUS,0.0029710994057801183,0.027204788606074226
2023-09-30,2023-10-31,SO,0.0028930994213801154,0.03986387121089652
2023-09-30,2023-10-31,DUK,0.002793999441200111,0.007138037357733662
2023-09-30,2023-10-31,PYPL,0.002629599474080105,-0.11392413144771096
2023-09-30,2023-10-31,FDX,0.0025126994974601,-0.09368858162779303
2023-09-30,2023-10-31,CL,0.002407399518520096,0.0633653276774615
2023-09-30,2023-10-31,EMR,0.0022665995466800907,-0.07869924527067773
2023-09-30,2023-10-31,MMM,0.002121199575760085,-0.028519583787545932
2023-09-30,2023-10-31,USB,0.002106799578640084,-0.03569291359625015
2023-09-30,2023-10-31,TGT,0.0020958995808200835,0.0019896505764545047
2023-09-30,2023-10-31,GD,0.0020490995901800814,0.09866085617530818
2023-09-30,2023-10-31,F,0.00200509959898008,-0.2027353495882931
2023-09-30,2023-10-31,GM,0.001855299628940074,-0.14467696185674195
2023-09-30,2023-10-31,CHTR,0.0018307996338400728,-0.08417084014998033
2023-09-30,2023-10-31,AIG,0.0017641996471600703,0.011716152531143331
2023-09-30,2023-10-31,MET,0.0016341996731600653,-0.04609763474731743
2023-09-30,2023-10-31,EXC,0.0015379996924000613,0.03043134333739972
2023-09-30,2023-10-31,COF,0.0015160996967800604,0.04368879099121892
2023-09-30,2023-10-31,DOW,0.0014875997024800592,-0.062451468287514245
2023-09-30,2023-10-31,SPG,0.0014512997097400578,0.017217631132721234
2023-09-30,2023-10-31,BK,0.0013658997268200545,0.00658500829594888
2023-09-30,2023-10-31,KHC,0.001102199779560044,-0.06480376648887531
2023-09-30,2023-10-31,CASHUSD,0.002406399518720096,0.0043094061053869925
2023-11-01,2023-11-30,MSFT,0.1047529,0.12294544336748969
2023-11-01,2023-11-30,AAPL,0.1046523,0.11378016838767468
2023-11-01,2023-11-30,AMZN,0.050390199999999996,0.0976782655173829
2023-11-01,2023-11-30,NVDA,0.0420026,0.14688565776850138
2023-11-01,2023-11-30,GOOGL,0.030697899999999997,0.06810110770950129
2023-11-01,2023-11-30,META,0.027922,0.08590305534045406
2023-11-01,2023-11-30,GOOG,0.0263698,0.06879481899855322
2023-11-01,2023-11-30,BRKB,0.0259572,0.05469784127443367
2023-11-01,2023-11-30,TSLA,0.023126400000000002,0.19537943740621855
2023-11-01,2023-11-30,UNH,0.0206868,0.03250795484137181
2023-11-01,2023-11-30,LLY,0.018419,0.06896559082925302
2023-11-01,2023-11-30,XOM,0.0176698,-0.020505571158432878
2023-11-01,2023-11-30,JPM,0.0168517,0.12239312873202413
2023-11-01,2023-11-30,V,0.0157524,0.09411516594314895
2023-11-01,2023-11-30,JNJ,0.014895400000000001,0.05095409272768969
2023-11-01,2023-11-30,PG,0.0147478,0.023261984306731653
2023-11-01,2023-11-30,AVGO,0.0144791,0.10026483756551396
2023-11-01,2023-11-30,MA,0.013057399999999999,0.09958824390555798
2023-11-01,2023-11-30,HD,0.0119353,0.10855654632781331
2023-11-01,2023-11-30,MRK,0.010867100000000001,-0.002142213138998983
2023-11-01,2023-11-30,CVX,0.010782,-0.004286675861030154
2023-11-01,2023-11-30,ABBV,0.0103912,0.00857083864252517
2023-11-01,2023-11-30,COST,0.0102084,0.07491811550419913
2023-11-01,2023-11-30,ADBE,0.010112699999999999,0.14838554405386728
2023-11-01,2023-11-30,WMT,0.0097252,-0.04724314241056804
2023-11-01,2023-11-30,PEP,0.0093728,0.038542709290950494
2023-11-01,2023-11-30,KO,0.0091679,0.04275667922863646
2023-11-01,2023-11-30,CSCO,0.008858399999999999,-0.07193542382404805
2023-11-01,2023-11-30,CRM,0.008156799999999999,0.2542945203986531
2023-11-01,2023-11-30,MCD,0.0079672,0.08146890092256909
2023-11-01,2023-11-30,ACN,0.0078147,0.12134386735688274
2023-11-01,2023-11-30,LIN,0.007776,0.08271397617453724
2023-11-01,2023-11-30,NFLX,0.0076075000000000005,0.151278895158228
2023-11-01,2023-11-30,BAC,0.0075934,0.1667939879183642
2023-11-01,2023-11-30,PFE,0.0071949,0.010497628803375347
2023-11-01,2023-11-30,TMO,0.0071586,0.11464359029795079
2023-11-01,2023-11-30,CMCSA,0.0070863,0.014531436533369968
2023-11-01,2023-11-30,ABT,0.006842,0.10301434187635206
2023-11-01,2023-11-30,ORCL,0.0067878,0.12388779289568719
2023-11-01,2023-11-30,AMD,0.0066362,0.23005079860009525
2023-11-01,2023-11-30,INTC,0.0063743,0.22868446213937133
2023-11-01,2023-11-30,DIS,0.0062254,0.13604624986935443
2023-11-01,2023-11-30,VZ,0.0061585,0.09109032212907975
2023-11-01,2023-11-30,WFC,0.0060677000000000005,0.13119202036757605
2023-11-01,2023-11-30,COP,0.005932300000000001,-0.022283572957344955
2023-11-01,2023-11-30,PM,0.005771500000000001,0.047106382573774974
2023-11-01,2023-11-30,AMGN,0.0057034,0.06280833596750468
2023-11-01,2023-11-30,IBM,0.0054962,0.10867165253417
2023-11-01,2023-11-30,TXN,0.0053768,0.07534725989607027
2023-11-01,2023-11-30,UNP,0.0052788,0.0850634850070715
2023-11-01,2023-11-30,DHR,0.005261900000000001,0.1629516567073479
2023-11-01,2023-11-30,NKE,0.005251700000000001,0.07297851159479185
2023-11-01,2023-11-30,HON,0.005075199999999999,0.07537281423308873
2023-11-01,2023-11-30,QCOM,0.0050735,0.19158405851935933
2023-11-01,2023-11-30,RTX,0.0049405,0.008485167446840025
2023-11-01,2023-11-30,GE,0.0049304,0.12123716634001691
2023-11-01,2023-11-30,NEE,0.0049213,0.01176889969552386
2023-11-01,2023-11-30,CAT,0.0048107,0.10913519383805781
2023-11-01,2023-11-30,LOW,0.0046588,0.04334368133834343
2023-11-01,2023-11-30,T,0.0045929,0.07597403313492901
2023-11-01,2023-11-30,BMY,0.0044911000000000005,-0.0417232972316437
2023-11-01,2023-11-30,BA,0.0044192,0.2398565239365813
2023-11-01,2023-11-30,SBUX,0.0044078,0.08245527047451806
2023-11-01,2023-11-30,UPS,0.0042618,0.08591508339562659
2023-11-01,2023-11-30,LMT,0.0042502,-0.008089569157310739
2023-11-01,2023-11-30,GS,0.0041694,0.1341674440380809
2023-11-01,2023-11-30,BKNG,0.0041635,0.12049932976596733
2023-11-01,2023-11-30,DE,0.0041559000000000006,-0.002600075076367614
2023-11-01,2023-11-30,GILD,0.0040832,-0.02470073787519378
2023-11-01,2023-11-30,MDT,0.0039193,0.12344105101102354
2023-11-01,2023-11-30,MS,0.0037703,0.12030512448404562
2023-11-01,2023-11-30,MDLZ,0.0037589,0.07325175007098395
2023-11-01,2023-11-30,CVS,0.0036895,-0.015360267805144767
2023-11-01,2023-11-30,BLK,0.0035809,0.22693829720412229
2023-11-01,2023-11-30,AXP,0.0035461,0.1694174255467258
2023-11-01,2023-11-30,AMT,0.003459,0.17167089010297576
2023-11-01,2023-11-30,SCHW,0.0032309,0.18371454487397454
2023-11-01,2023-11-30,C,0.0031657,0.1825409342206914
2023-11-01,2023-11-30,TMUS,0.0030999,0.05037362123499145
2023-11-01,2023-11-30,SO,0.0030546,0.06529270676023802
2023-11-01,2023-11-30,MO,0.0029668,0.04655243242448148
2023-11-01,2023-11-30,DUK,0.0028566000000000004,0.05014905174477269
2023-11-01,2023-11-30,CL,0.0025935000000000003,0.04858874686990311
2023-11-01,2023-11-30,PYPL,0.002366,0.11216220622862072
2023-11-01,2023-11-30,FDX,0.002312,0.0780092325312407
2023-11-01,2023-11-30,GD,0.0022822999999999997,0.023455150565136806
2023-11-01,2023-11-30,TGT,0.0021324,0.22029062778408326
2023-11-01,2023-11-30,EMR,0.0021198,0.005184799243993066
2023-11-01,2023-11-30,MMM,0.0020922,0.10642128215213043
2023-11-01,2023-11-30,USB,0.0020731,0.1957341324628492
2023-11-01,2023-11-30,AIG,0.0018126000000000001,0.07339740908339376
2023-11-01,2023-11-30,CHTR,0.0017048,-0.006628557574655525
2023-11-01,2023-11-30,EXC,0.0016191,-0.0017811622154093598
2023-11-01,2023-11-30,GM,0.0016113,0.12376796021135239
2023-11-01,2023-11-30,COF,0.0016075999999999998,0.10874600032031245
2023-11-01,2023-11-30,F,0.0015984,0.05230764486611905
2023-11-01,2023-11-30,MET,0.0015837000000000002,0.06958546604954696
2023-11-01,2023-11-30,SPG,0.0014998,0.13649999419122882
2023-11-01,2023-11-30,DOW,0.001416,0.0852385969317595
2023-11-01,2023-11-30,BK,0.001382,0.1369410423729709
2023-11-01,2023-11-30,KHC,0.001047,0.1288924564134235
2023-11-01,2023-11-30,CASHUSD,0.0022708999999999997,0.0046816363677220085
2023-12-01,2023-12-29,MSFT,0.1075363645218187,-0.007574295852647905
2023-12-01,2023-12-29,AAPL,0.10663156397893839,0.013582490537588532
2023-12-01,2023-12-29,AMZN,0.05066753040051823,0.04004385139407618
2023-12-01,2023-12-29,NVDA,0.04412672647603589,0.058934214875492774
2023-12-01,2023-12-29,GOOGL,0.030035018021010808,0.054025561417408774
2023-12-01,2023-12-29,META,0.027774116664469998,0.08195031172330314
2023-12-01,2023-12-29,GOOG,0.025817015490209292,0.052344539163546644
2023-12-01,2023-12-29,TSLA,0.025323315193989115,0.03498831153123483
2023-12-01,2023-12-29,BRKB,0.025078115046869028,-0.009277767605251785
2023-12-01,2023-12-29,UNH,0.019564611738767043,-0.0446751091248031
2023-12-01,2023-12-29,LLY,0.01800171080102648,-0.013738792102999997
2023-12-01,2023-12-29,JPM,0.017326210395726235,0.08982601688642644
2023-12-01,2023-12-29,XOM,0.015874909524945715,-0.026863850803181877
2023-12-01,2023-12-29,V,0.01575450945270567,0.01429776291127749
2023-12-01,2023-12-29,AVGO,0.01550480930288558,0.21134962967356707
2023-12-01,2023-12-29,JNJ,0.01422610853566512,0.013448854895764972
2023-12-01,2023-12-29,PG,0.013823808294284975,-0.04546622542918166
2023-12-01,2023-12-29,MA,0.013152807891684734,0.030640676236723507
2023-12-01,2023-12-29,HD,0.012039007223404332,0.10545784115433854
2023-12-01,2023-12-29,ADBE,0.010638906383343829,-0.023583957626512553
2023-12-01,2023-12-29,COST,0.010032106019263609,0.13893175841611605
2023-12-01,2023-12-29,MRK,0.009933205959923575,0.07152020343905163
2023-12-01,2023-12-29,CVX,0.009732505839503502,0.03871852047596103
2023-12-01,2023-12-29,ABBV,0.009600305760183456,0.088348926911747
2023-12-01,2023-12-29,CRM,0.009371805623083372,0.04462098271179493
2023-12-01,2023-12-29,PEP,0.008849205309523185,0.009210410652180867
2023-12-01,2023-12-29,KO,0.008688005212803126,0.00838462915071525
2023-12-01,2023-12-29,WMT,0.008487905092743055,0.016349903834111057
2023-12-01,2023-12-29,BAC,0.008051704831022898,0.10429644088611933
2023-12-01,2023-12-29,ACN,0.008027404816442889,0.05334083318203198
2023-12-01,2023-12-29,NFLX,0.008022004813202886,0.027238018939319764
2023-12-01,2023-12-29,MCD,0.007845604707362825,0.05205089961574472
2023-12-01,2023-12-29,LIN,0.007712304627382776,-0.004327301607987333
2023-12-01,2023-12-29,CSCO,0.00753080451848271,0.044233194746620574
2023-12-01,2023-12-29,AMD,0.007477304486382691,0.2166556553861283
2023-12-01,2023-12-29,TMO,0.00730930438558263,0.07138218100912597
2023-12-01,2023-12-29,INTC,0.007150904290542574,0.12416112635372811
2023-12-01,2023-12-29,ORCL,0.006988004192802514,-0.09276316598033396
2023-12-01,2023-12-29,ABT,0.006913304147982488,0.055422379717868786
2023-12-01,2023-12-29,CMCSA,0.006585603951362371,0.046789193492044356
2023-12-01,2023-12-29,PFE,0.006571303942782365,-0.05513615728279386
2023-12-01,2023-12-29,DIS,0.006478703887222331,-0.022718060838568088
2023-12-01,2023-12-29,WFC,0.0062319037391422435,0.103835144698053
2023-12-01,2023-12-29,VZ,0.006155203693122215,-0.016436268334383164
2023-12-01,2023-12-29,DHR,0.0056058033634820165,0.037027910763642646
2023-12-01,2023-12-29,PM,0.005535803321481992,0.021652942914985207
2023-12-01,2023-12-29,IBM,0.0055191033114619864,0.03147078811739834
2023-12-01,2023-12-29,AMGN,0.005509003305401982,0.06816502063680141
2023-12-01,2023-12-29,QCOM,0.00550300330180198,0.12072836039529777
2023-12-01,2023-12-29,TXN,0.005296403177841906,0.11623330858105474
2023-12-01,2023-12-29,COP,0.005286303171781903,0.004326445199358764
2023-12-01,2023-12-29,UNP,0.005246803148081888,0.09645416890408232
2023-12-01,2023-12-29,NKE,0.005162003097201858,-0.012101710446520642
2023-12-01,2023-12-29,GE,0.0050638030382818226,0.04852341403198568
2023-12-01,2023-12-29,BA,0.005019403011641807,0.1253291808804471
2023-12-01,2023-12-29,HON,0.004970602982361789,0.07038570956119283
2023-12-01,2023-12-29,CAT,0.004887502932501759,0.17928355564812115
2023-12-01,2023-12-29,RTX,0.0045305027183016305,0.032646100666113176
2023-12-01,2023-12-29,T,0.00452680271608163,0.012673726724289347
2023-12-01,2023-12-29,NEE,0.004524402714641629,0.03811306214796617
2023-12-01,2023-12-29,LOW,0.004452202671321602,0.11929783400942706
2023-12-01,2023-12-29,SBUX,0.004346802608081565,-0.03313189122929272
2023-12-01,2023-12-29,GS,0.004297002578201547,0.12950152236314727
2023-12-01,2023-12-29,BKNG,0.00427690256614154,0.13485602925741835
2023-12-01,2023-12-29,UPS,0.004190302514181508,0.037068730310833464
2023-12-01,2023-12-29,MDT,0.0040335024201014515,0.047938556081697614
2023-12-01,2023-12-29,BLK,0.004025302415181449,0.08783869268357436
2023-12-01,2023-12-29,BMY,0.003942402365441419,0.039084694434112555
2023-12-01,2023-12-29,MS,0.0038693023215813924,0.17532140875579083
2023-12-01,2023-12-29,LMT,0.00383390230034138,0.012215976791115635
2023-12-01,2023-12-29,AXP,0.003798802279281367,0.09703093265119511
2023-12-01,2023-12-29,DE,0.003796502277901366,0.10133879002428947
2023-12-01,2023-12-29,AMT,0.003712702227621336,0.042200377704123104
2023-12-01,2023-12-29,MDLZ,0.00369560221736133,0.025313987914884706
2023-12-01,2023-12-29,GILD,0.003647802188681313,0.06720474529877918
2023-12-01,2023-12-29,SCHW,0.0034873020923812553,0.12198352957453285
2023-12-01,2023-12-29,C,0.003385402031241219,0.11583515781080522
2023-12-01,2023-12-29,CVS,0.0033278019966811977,0.1620310507744085
2023-12-01,2023-12-29,TMUS,0.002969801781881069,0.06566974107495005
2023-12-01,2023-12-29,SO,0.0029510017706010617,-0.012115913532998568
2023-12-01,2023-12-29,MO,0.0028441017064610237,-0.017756338501849767
2023-12-01,2023-12-29,DUK,0.0027164016298409773,0.0515820887833085
2023-12-01,2023-12-29,CL,0.0024911014946608964,0.011933555147363828
2023-12-01,2023-12-29,PYPL,0.0024104014462408676,0.06596076112341565
2023-12-01,2023-12-29,TGT,0.0023591014154608495,0.06434513710610434
2023-12-01,2023-12-29,FDX,0.0022829013697408217,-0.018017305460611532
2023-12-01,2023-12-29,USB,0.0022707013624208173,0.14816571719358662
2023-12-01,2023-12-29,GD,0.0021392012835207697,0.05142336687436022
2023-12-01,2023-12-29,MMM,0.002087501252500751,0.10346214964032074
2023-12-01,2023-12-29,EMR,0.0019402011641206983,0.09482565837856471
2023-12-01,2023-12-29,AIG,0.0017822010693206412,0.035044475866406355
2023-12-01,2023-12-29,GM,0.0016539009923405954,0.13670863432368585
2023-12-01,2023-12-29,COF,0.0016235009741005842,0.17427905198662907
2023-12-01,2023-12-29,SPG,0.001561500936900562,0.15883942902652692
2023-12-01,2023-12-29,CHTR,0.0015517009310205584,-0.028615730055996824
2023-12-01,2023-12-29,F,0.0015408009244805545,0.18810905969635172
2023-12-01,2023-12-29,MET,0.0015383009229805538,0.03928969292435358
2023-12-01,2023-12-29,EXC,0.001466800880080528,-0.06777434397184157
2023-12-01,2023-12-29,BK,0.0014393008635805182,0.07719379694228423
2023-12-01,2023-12-29,DOW,0.0013885008331004998,0.059710154190082854
2023-12-01,2023-12-29,KHC,0.0010704006422403852,0.05326101026073382
2023-12-01,2023-12-29,CASHUSD,0.002970301782181069,0.004275486449931476
2023-12-30,2024-01-31,AAPL,0.10395388960461104,-0.04222725749854528
2023-12-30,2024-01-31,MSFT,0.10321958967804104,0.05728077836851142
2023-12-30,2024-01-31,AMZN,0.051030694896930504,0.021455801332457725
2023-12-30,2024-01-31,NVDA,0.045175395482460454,0.24241760136172452
2023-12-30,2024-01-31,GOOGL,0.030531496946850305,0.0029351150468341913
2023-12-30,2024-01-31,META,0.02901599709840029,0.1022148456077252
2023-12-30,2024-01-31,GOOG,0.02592419740758026,0.006173604767616192
2023-12-30,2024-01-31,TSLA,0.025380297461970253,-0.24625725810339172
2023-12-30,2024-01-31,BRKB,0.02396619760338024,0.07592661440647697
2023-12-30,2024-01-31,JPM,0.018161898183810178,0.03136459154923443
2023-12-30,2024-01-31,AVGO,0.01809579819042018,0.05711090971118438
2023-12-30,2024-01-31,UNH,0.01798399820160018,-0.027978785871171086
2023-12-30,2024-01-31,LLY,0.01716739828326017,0.10754507869735441
2023-12-30,2024-01-31,V,0.015326798467320152,0.049587150988262385
2023-12-30,2024-01-31,XOM,0.014790898520910149,0.02830563663492658
2023-12-30,2024-01-31,JNJ,0.01393519860648014,0.01378079084787287
2023-12-30,2024-01-31,MA,0.013044098695590131,0.05492954299941766
2023-12-30,2024-01-31,HD,0.012799698720030128,0.018496583553678114
2023-12-30,2024-01-31,PG,0.012755598724440128,0.07910735334245111
2023-12-30,2024-01-31,COST,0.010793398920660106,0.052721001695844594
2023-12-30,2024-01-31,MRK,0.010202898979710101,0.10787022071264629
2023-12-30,2024-01-31,ABBV,0.010104898989510102,0.07098602430873369
2023-12-30,2024-01-31,ADBE,0.010031998996800101,0.03550126479662685
2023-12-30,2024-01-31,CVX,0.009671399032860096,-0.01159816364494859
2023-12-30,2024-01-31,CRM,0.009455999054400093,0.06821466519206032
2023-12-30,2024-01-31,AMD,0.008795999120400088,0.13757545807937377
2023-12-30,2024-01-31,PEP,0.008623999137600086,-0.0077132543928801756
2023-12-30,2024-01-31,BAC,0.008561499143850085,0.010098253619464703
2023-12-30,2024-01-31,KO,0.008468599153140084,0.009502855651899678
2023-12-30,2024-01-31,WMT,0.008305799169420083,0.048208160789921406
2023-12-30,2024-01-31,ACN,0.008133799186620081,0.04074775441111789
2023-12-30,2024-01-31,MCD,0.007943099205690078,-0.012782068124796098
2023-12-30,2024-01-31,NFLX,0.00787019921298008,0.15862223990142965
2023-12-30,2024-01-31,INTC,0.007824299217570076,-0.14268654268401937
2023-12-30,2024-01-31,TMO,0.007574099242590076,0.01542992846129354
2023-12-30,2024-01-31,CSCO,0.007557599244240075,0.0009989490703314896
2023-12-30,2024-01-31,LIN,0.0073550992644900726,-0.014316655988339644
2023-12-30,2024-01-31,ABT,0.00705449929455007,0.03294816807290846
2023-12-30,2024-01-31,WFC,0.0066015993398400655,0.019504228906398913
2023-12-30,2024-01-31,CMCSA,0.006503299349670064,0.06841143051665144
2023-12-30,2024-01-31,ORCL,0.006186599381340061,0.0635760731702959
2023-12-30,2024-01-31,DIS,0.006101599389840061,0.06379448425804046
2023-12-30,2024-01-31,PFE,0.0060036993996300594,-0.045241119257790396
2023-12-30,2024-01-31,QCOM,0.005945099405490059,0.026826883036020988
2023-12-30,2024-01-31,VZ,0.005853599414640058,0.14228523805575644
2023-12-30,2024-01-31,TXN,0.005717599428240057,-0.05324708294307823
2023-12-30,2024-01-31,AMGN,0.005692799430720057,0.09110472153406257
2023-12-30,2024-01-31,DHR,0.005618899438110055,0.03704495914016959
2023-12-30,2024-01-31,CAT,0.005570599442940055,0.020398901687238347
2023-12-30,2024-01-31,UNP,0.005529799447020056,-0.006880498594890261
2023-12-30,2024-01-31,IBM,0.005515499448450054,0.12295924656801382
2023-12-30,2024-01-31,BA,0.005474499452550055,-0.19036296201506397
2023-12-30,2024-01-31,PM,0.005393999460600053,-0.03433259541690026
2023-12-30,2024-01-31,GE,0.005130299486970051,0.03753039789780388
2023-12-30,2024-01-31,HON,0.005105999489400051,-0.03552513859458539
2023-12-30,2024-01-31,COP,0.00509009949099005,-0.0361852156448379
2023-12-30,2024-01-31,NKE,0.004907999509200049,-0.06484303532017355
2023-12-30,2024-01-31,LOW,0.004743499525650048,-0.038821498147293076
2023-12-30,2024-01-31,GS,0.004646199535380046,-0.0045621557617647746
2023-12-30,2024-01-31,NEE,0.004602499539750045,-0.034738336016387095
2023-12-30,2024-01-31,BKNG,0.004570599542940045,-0.011205871677316903
2023-12-30,2024-01-31,RTX,0.004468299553170044,0.08295685229148808
2023-12-30,2024-01-31,T,0.004430999556900044,0.07142835040899853
2023-12-30,2024-01-31,MS,0.004352499564750044,-0.05528580218181234
2023-12-30,2024-01-31,UPS,0.004199899580010041,-0.09750034721447676
2023-12-30,2024-01-31,BLK,0.004191499580850041,-0.04618119091686024
2023-12-30,2024-01-31,SBUX,0.00404949959505004,-0.031038465622063693
2023-12-30,2024-01-31,MDT,0.00404809959519004,0.06263664823657478
2023-12-30,2024-01-31,AXP,0.00398329960167004,0.07498955488568337
2023-12-30,2024-01-31,DE,0.003955499604450039,-0.01573005054200305
2023-12-30,2024-01-31,BMY,0.003855899614410038,-0.03650059724379451
2023-12-30,2024-01-31,SCHW,0.0037814996218500374,-0.0854655040183312
2023-12-30,2024-01-31,CVS,0.0037454996254500375,-0.049575831468543385
2023-12-30,2024-01-31,GILD,0.0037279996272000376,-0.033946313519790494
2023-12-30,2024-01-31,AMT,0.003716699628330037,-0.09370947082392922
2023-12-30,2024-01-31,LMT,0.0036960996303900366,-0.05257704497135085
2023-12-30,2024-01-31,MDLZ,0.0036390996360900364,0.03921023625389086
2023-12-30,2024-01-31,C,0.003635999636400036,0.09195172778804306
2023-12-30,2024-01-31,TMUS,0.00301169969883003,0.0056134478595206705
2023-12-30,2024-01-31,SO,0.002822899717710028,-0.008557031117273795
2023-12-30,2024-01-31,DUK,0.0027603997239600275,-0.012468964299003238
2023-12-30,2024-01-31,MO,0.002634999736500026,-0.005453757532644876
2023-12-30,2024-01-31,USB,0.002490099750990025,-0.04020324198417269
2023-12-30,2024-01-31,PYPL,0.002442399755760024,-0.0009770025026878404
2023-12-30,2024-01-31,TGT,0.002425099757490024,-0.023451941528740528
2023-12-30,2024-01-31,CL,0.0024238997576100244,0.06263956212018695
2023-12-30,2024-01-31,MMM,0.002236499776350022,-0.1369374311015017
2023-12-30,2024-01-31,GD,0.002172399782760021,0.025905027837800354
2023-12-30,2024-01-31,FDX,0.0021583997841600213,-0.046171322847288976
2023-12-30,2024-01-31,EMR,0.0020516997948300205,-0.05753622283118809
2023-12-30,2024-01-31,COF,0.0018417998158200186,0.03203175820133164
2023-12-30,2024-01-31,GM,0.001815799818420018,0.08017820209822113
2023-12-30,2024-01-31,F,0.0017686998231300176,-0.03855595616039764
2023-12-30,2024-01-31,AIG,0.0017617998238200175,0.025977926869148238
2023-12-30,2024-01-31,SPG,0.001722599827740017,-0.028252818560317028
2023-12-30,2024-01-31,MET,0.001522999847700015,0.04823829067831098
2023-12-30,2024-01-31,BK,0.001482699851730015,0.07376766833176807
2023-12-30,2024-01-31,CHTR,0.0014437998556200145,-0.04623340938388065
2023-12-30,2024-01-31,DOW,0.0014211998578800141,-0.022611249555432367
2023-12-30,2024-01-31,EXC,0.001320799867920013,-0.030362336341027252
2023-12-30,2024-01-31,KHC,0.0010889998911000108,0.0040564640435434285
2023-12-30,2024-01-31,CASHUSD,0.002605199739480026,0.004267399447556164
2024-02-01,2024-02-29,MSFT,0.10655041065504103,0.04231870535510618
2024-02-01,2024-02-29,AAPL,0.09720890972089095,-0.018542918890420812
2024-02-01,2024-02-29,NVDA,0.054801505480150545,0.28580946573909083
2024-02-01,2024-02-29,AMZN,0.0508926050892605,0.1389175127740745
2024-02-01,2024-02-29,META,0.03122550312255031,0.25762535429167666
2024-02-01,2024-02-29,GOOGL,0.029896102989610294,-0.011705991553577988
2024-02-01,2024-02-29,GOOG,0.025467902546790253,-0.014245551460802197
2024-02-01,2024-02-29,BRKB,0.02517640251764025,0.06686820324990661
2024-02-01,2024-02-29,TSLA,0.018678101867810184,0.07790064669600238
2024-02-01,2024-02-29,AVGO,0.018675901867590185,0.10211016643435378
2024-02-01,2024-02-29,LLY,0.01856120185612018,0.1694379879038137
2024-02-01,2024-02-29,JPM,0.01817590181759018,0.06710253245878595
2024-02-01,2024-02-29,UNH,0.01706970170697017,-0.03544768444675195
2024-02-01,2024-02-29,V,0.015706901570690154,0.036255059196798944
2024-02-01,2024-02-29,XOM,0.014850401485040146,0.026080860164768183
2024-02-01,2024-02-29,JNJ,0.013794101379410137,0.02331856304498836
2024-02-01,2024-02-29,MA,0.013416601341660133,0.05683054647896002
2024-02-01,2024-02-29,PG,0.013353901335390132,0.011454763869351847
2024-02-01,2024-02-29,HD,0.012729601272960125,0.07833768874205105
2024-02-01,2024-02-29,COST,0.011091301109130109,0.07210378541979012
2024-02-01,2024-02-29,MRK,0.011035501103550109,0.052740657443524075
2024-02-01,2024-02-29,ABBV,0.010465801046580103,0.0708636315881912
2024-02-01,2024-02-29,ADBE,0.0101396010139601,-0.09307520035156125
2024-02-01,2024-02-29,CRM,0.009862600986260097,0.09865147534541463
2024-02-01,2024-02-29,AMD,0.009769600976960096,0.14813045486459542
2024-02-01,2024-02-29,CVX,0.009332500933250092,0.0423163380840712
2024-02-01,2024-02-29,NFLX,0.00890650089065009,0.06879864861620777
2024-02-01,2024-02-29,WMT,0.008500500850050084,0.06402415461682498
2024-02-01,2024-02-29,BAC,0.008443600844360084,0.022145317029305556
2024-02-01,2024-02-29,PEP,0.008354500835450083,-0.011441508168811843
2024-02-01,2024-02-29,KO,0.008347000834700082,0.008909301681860882
2024-02-01,2024-02-29,ACN,0.00823350082335008,0.02995476531767416
2024-02-01,2024-02-29,MCD,0.0076562007656200744,0.004177864982112478
2024-02-01,2024-02-29,TMO,0.007511400751140074,0.057887197446600425
2024-02-01,2024-02-29,CSCO,0.007329000732900072,-0.03607027321211942
2024-02-01,2024-02-29,ABT,0.0070810007081000695,0.04851978921913025
2024-02-01,2024-02-29,LIN,0.007077600707760069,0.10866285121489394
2024-02-01,2024-02-29,CMCSA,0.006739300673930066,-0.07928657179764786
2024-02-01,2024-02-29,WFC,0.006571300657130064,0.11559302581172903
2024-02-01,2024-02-29,INTC,0.006549200654920064,0.0022326982931941686
2024-02-01,2024-02-29,VZ,0.006420100642010063,-0.05501778198541274
2024-02-01,2024-02-29,ORCL,0.006399500639950062,-0.00017887758097046014
2024-02-01,2024-02-29,DIS,0.0063378006337800625,0.1616865745821745
2024-02-01,2024-02-29,AMGN,0.006062700606270059,-0.12183991417195106
2024-02-01,2024-02-29,IBM,0.00604840060484006,0.016644259779606374
2024-02-01,2024-02-29,QCOM,0.005959800595980058,0.06788424197929754
2024-02-01,2024-02-29,DHR,0.0056896005689600565,0.055145598597922785
2024-02-01,2024-02-29,CAT,0.0055256005525600544,0.11205101838227005
2024-02-01,2024-02-29,PFE,0.005513500551350054,-0.019202388922637814
2024-02-01,2024-02-29,UNP,0.005363000536300053,0.04537689644513421
2024-02-01,2024-02-29,TXN,0.005244700524470051,0.04502890369504553
2024-02-01,2024-02-29,GE,0.005196300519630051,0.18479087741886557
2024-02-01,2024-02-29,PM,0.00508560050856005,-0.009796409414118634
2024-02-01,2024-02-29,HON,0.0048074004807400475,-0.01205224869623056
2024-02-01,2024-02-29,COP,0.004790300479030047,0.013165672662553751
2024-02-01,2024-02-29,RTX,0.004724200472420047,-0.00943439121559353
2024-02-01,2024-02-29,T,0.0045608004560800455,-0.04296209549643282
2024-02-01,2024-02-29,GS,0.0045177004517700445,0.020304191361263157
2024-02-01,2024-02-29,NKE,0.004480500448050044,0.023638354430792097
2024-02-01,2024-02-29,BKNG,0.004433400443340044,-0.011016429290762297
2024-02-01,2024-02-29,LOW,0.004428900442890044,0.13075541645204058
2024-02-01,2024-02-29,NEE,0.004337400433740043,-0.05005691110313426
2024-02-01,2024-02-29,BA,0.004328800432880042,-0.03468533120878692
2024-02-01,2024-02-29,MDT,0.004199600419960042,-0.047749660036360275
2024-02-01,2024-02-29,AXP,0.004168300416830041,0.09305559213412384
2024-02-01,2024-02-29,MS,0.003975700397570039,-0.013755124439377098
2024-02-01,2024-02-29,BLK,0.0038990003899000386,0.047823232017845996
2024-02-01,2024-02-29,C,0.003876400387640038,-0.0026770597193507273
2024-02-01,2024-02-29,SBUX,0.0038307003830700377,0.026238458475698057
2024-02-01,2024-02-29,DE,0.0038037003803700373,-0.07248847463499508
2024-02-01,2024-02-29,UPS,0.0037011003701100365,0.05653711059291355
2024-02-01,2024-02-29,MDLZ,0.0036922003692200366,-0.029228077344142567
2024-02-01,2024-02-29,BMY,0.003585500358550035,0.03846939405722183
2024-02-01,2024-02-29,GILD,0.0035159003515900346,-0.07871212452381449
2024-02-01,2024-02-29,CVS,0.0034446003444600338,0.0
2024-02-01,2024-02-29,LMT,0.0034192003419200334,0.0045924633219041056
2024-02-01,2024-02-29,SCHW,0.0033763003376300334,0.06561506495832603
2024-02-01,2024-02-29,AMT,0.0032893003289300327,0.01640686604145669
2024-02-01,2024-02-29,TMUS,0.0029561002956100288,0.016874040391121392
2024-02-01,2024-02-29,SO,0.002732900273290027,-0.022412723829098202
2024-02-01,2024-02-29,DUK,0.0026611002661100264,-0.030865354533037848
2024-02-01,2024-02-29,MO,0.002558700255870025,0.019690903311025965
2024-02-01,2024-02-29,CL,0.0025004002500400246,0.02755341896862329
2024-02-01,2024-02-29,PYPL,0.0023823002382300233,-0.016462971938570714
2024-02-01,2024-02-29,USB,0.002333600233360023,0.010110784218233082
2024-02-01,2024-02-29,TGT,0.002312400231240023,0.10765514602351889
2024-02-01,2024-02-29,GD,0.0021660002166000213,0.031170811382929653
2024-02-01,2024-02-29,FDX,0.00201100020110002,0.031828848108273355
2024-02-01,2024-02-29,GM,0.0019152001915200187,0.059314294448441496
2024-02-01,2024-02-29,EMR,0.0018883001888300186,0.17061632905466873
2024-02-01,2024-02-29,MMM,0.0018851001885100186,-0.007418190981745232
2024-02-01,2024-02-29,COF,0.0018554001855400183,0.021449658871922184
2024-02-01,2024-02-29,AIG,0.0017650001765000172,0.04862622595454824
2024-02-01,2024-02-29,F,0.0016602001660200162,0.09007384139009922
2024-02-01,2024-02-29,SPG,0.001634000163400016,0.06875398735697358
2024-02-01,2024-02-29,MET,0.0015587001558700153,0.014054147971871878
2024-02-01,2024-02-29,BK,0.0015425001542500151,0.011359511279365853
2024-02-01,2024-02-29,DOW,0.0013564001356400133,0.05566989711239745
2024-02-01,2024-02-29,CHTR,0.0013457001345700134,-0.20711607604080695
2024-02-01,2024-02-29,EXC,0.0012502001250200123,0.029589347143706757
2024-02-01,2024-02-29,KHC,0.0010674001067400105,-0.04982503953711859
2024-02-01,2024-02-29,CASHUSD,0.0033987003398700333,0.004443498232876042
2024-03-01,2024-03-28,MSFT,0.10518277896344423,0.017116135963652246
2024-03-01,2024-03-28,AAPL,0.09040958191808363,-0.05128643045976744
2024-03-01,2024-03-28,NVDA,0.06685598662880268,0.14218116756207388
2024-03-01,2024-03-28,AMZN,0.054996889000622204,0.020479805886374214
2024-03-01,2024-03-28,META,0.037221092555781495,-0.009283106222425008
2024-03-01,2024-03-28,GOOGL,0.028034994393001125,0.09006210558616723
2024-03-01,2024-03-28,BRKB,0.02548519490296102,0.02716168852703782
2024-03-01,2024-03-28,GOOG,0.023819895236020957,0.08928314010555072
2024-03-01,2024-03-28,LLY,0.020562295887540823,0.032215388021960445
2024-03-01,2024-03-28,AVGO,0.01953049609390078,0.023502481237623662
2024-03-01,2024-03-28,TSLA,0.019102596179480767,-0.12923524353897475
2024-03-01,2024-03-28,JPM,0.01840359631928074,0.07653450041967447
2024-03-01,2024-03-28,UNH,0.015620096875980627,0.006179442372493682
2024-03-01,2024-03-28,V,0.015414196917160618,-0.012595713762970306
2024-03-01,2024-03-28,XOM,0.014324397135120574,0.11213158027704018
2024-03-01,2024-03-28,MA,0.013450997309800539,0.014344085856228705
2024-03-01,2024-03-28,JNJ,0.013291597341680532,-0.019766922558006828
2024-03-01,2024-03-28,HD,0.013022997395400523,0.013883580404159934
2024-03-01,2024-03-28,PG,0.012816597436680515,0.020825536753471985
2024-03-01,2024-03-28,COST,0.011268397746320453,-0.015136557476951307
2024-03-01,2024-03-28,MRK,0.011023697795260443,0.044333267313213964
2024-03-01,2024-03-28,AMD,0.010642697871460426,-0.06253567424541784
2024-03-01,2024-03-28,ABBV,0.010634397873120425,0.03436534722016793
2024-03-01,2024-03-28,CRM,0.010280597943880412,-0.023465418169458574
2024-03-01,2024-03-28,CVX,0.009130598173880365,0.037695049367613365
2024-03-01,2024-03-28,NFLX,0.009028598194280361,0.0073144346418954065
2024-03-01,2024-03-28,ADBE,0.008727798254440351,-0.09937891818709865
2024-03-01,2024-03-28,WMT,0.008581698283660344,0.030113127429701514
2024-03-01,2024-03-28,BAC,0.008131498373700327,0.09849368757037658
2024-03-01,2024-03-28,ACN,0.008047598390480323,-0.07516401044040855
2024-03-01,2024-03-28,KO,0.007990398401920321,0.027479970849296098
2024-03-01,2024-03-28,PEP,0.007777498444500312,0.05848551021158799
2024-03-01,2024-03-28,TMO,0.007537498492500302,0.02001533912835507
2024-03-01,2024-03-28,LIN,0.007445898510820299,0.03759411745791352
2024-03-01,2024-03-28,MCD,0.007253498549300292,-0.035342898606830375
2024-03-01,2024-03-28,ABT,0.007043998591200282,-0.04197571374622311
2024-03-01,2024-03-28,DIS,0.00698529860294028,0.09661233497231803
2024-03-01,2024-03-28,WFC,0.006907198618560277,0.042633531601450336
2024-03-01,2024-03-28,CSCO,0.006703298659340269,0.031838040463743944
2024-03-01,2024-03-28,INTC,0.0062097987580402485,0.026016233083673512
2024-03-01,2024-03-28,ORCL,0.006070898785820244,0.12473119814964373
2024-03-01,2024-03-28,QCOM,0.00600859879828024,0.07294521706935542
2024-03-01,2024-03-28,CMCSA,0.005887198822560237,0.011668599629705234
2024-03-01,2024-03-28,GE,0.005842298831540234,0.11880912645915065
2024-03-01,2024-03-28,CAT,0.0058288988342202344,0.09722695771053735
2024-03-01,2024-03-28,IBM,0.005780598843880232,0.032048841694118924
2024-03-01,2024-03-28,VZ,0.005756398848720231,0.048475851906066625
2024-03-01,2024-03-28,DHR,0.005695798860840228,-0.012436986035099351
2024-03-01,2024-03-28,UNP,0.005291698941660212,-0.030588635502063477
2024-03-01,2024-03-28,TXN,0.005200198959960209,0.041116423476282415
2024-03-01,2024-03-28,PFE,0.005130998973800206,0.04480418165594835
2024-03-01,2024-03-28,AMGN,0.005013898997220201,0.03830844349135365
2024-03-01,2024-03-28,PM,0.004778199044360191,0.03258585890159549
2024-03-01,2024-03-28,LOW,0.004752399049520191,0.05842015895064301
2024-03-01,2024-03-28,COP,0.004572999085400183,0.13097562711181165
2024-03-01,2024-03-28,HON,0.004482499103500179,0.0328082433129373
2024-03-01,2024-03-28,RTX,0.004411799117640177,0.08765471251909318
2024-03-01,2024-03-28,NKE,0.004352699129460175,-0.09250670696173469
2024-03-01,2024-03-28,GS,0.004333899133220174,0.0736152287643479
2024-03-01,2024-03-28,AXP,0.004314299137140173,0.037690343452074115
2024-03-01,2024-03-28,BKNG,0.004153599169280167,0.048527625096780325
2024-03-01,2024-03-28,T,0.004142899171420166,0.039574692213952156
2024-03-01,2024-03-28,BA,0.00396649920670016,-0.052670310540174015
2024-03-01,2024-03-28,BLK,0.0038816992236601557,0.03393586014173455
2024-03-01,2024-03-28,NEE,0.0038755992248801557,0.1579996675351787
2024-03-01,2024-03-28,MDT,0.003796499240700152,0.054120058976173446
2024-03-01,2024-03-28,MS,0.0037224992555001495,0.09437471744011616
2024-03-01,2024-03-28,SBUX,0.0037100992579801487,-0.0369862779068344
2024-03-01,2024-03-28,UPS,0.003671499265700147,0.002495770826402177
2024-03-01,2024-03-28,C,0.0036360992727801455,0.1396647893149825
2024-03-01,2024-03-28,BMY,0.0035356992928601417,0.06857148553137726
2024-03-01,2024-03-28,MDLZ,0.0034038993192201366,-0.036165871901652324
2024-03-01,2024-03-28,SCHW,0.0034032993193401366,0.08325821829884639
2024-03-01,2024-03-28,DE,0.003340899331820134,0.12932640815286
2024-03-01,2024-03-28,CVS,0.0032710993457801315,0.0724753024671978
2024-03-01,2024-03-28,LMT,0.0032287993542401295,0.0621847435502072
2024-03-01,2024-03-28,AMT,0.003165799366840127,-0.006386530840867932
2024-03-01,2024-03-28,GILD,0.0030769993846001234,0.026356871678056226
2024-03-01,2024-03-28,TMUS,0.002844999431000114,-0.0004901203159134448
2024-03-01,2024-03-28,SO,0.002503399499320101,0.06676553003133612
2024-03-01,2024-03-28,MO,0.002470599505880099,0.09000745120936027
2024-03-01,2024-03-28,CL,0.0024328995134200978,0.040799945305171725
2024-03-01,2024-03-28,DUK,0.0024244995151000972,0.05314180285895209
2024-03-01,2024-03-28,TGT,0.0024175995164800973,0.15884104439695834
2024-03-01,2024-03-28,USB,0.0022320995535800893,0.07742834600618731
2024-03-01,2024-03-28,PYPL,0.0022286995542600894,0.1102088993368493
2024-03-01,2024-03-28,GD,0.002115099576980085,0.03381521774641438
2024-03-01,2024-03-28,EMR,0.0020827995834400838,0.06148811648361607
2024-03-01,2024-03-28,FDX,0.0019648996070200787,0.169643931753219
2024-03-01,2024-03-28,GM,0.0019153996169200766,0.10663741286605677
2024-03-01,2024-03-28,COF,0.001796399640720072,0.08197088122008367
2024-03-01,2024-03-28,AIG,0.0017525996494800703,0.07754927386322241
2024-03-01,2024-03-28,MMM,0.0017427996514400698,0.15143306057683326
2024-03-01,2024-03-28,F,0.001668699666260067,0.06752413693238912
2024-03-01,2024-03-28,SPG,0.0016534996693000664,0.07006477921591969
2024-03-01,2024-03-28,MET,0.0014848997030200597,0.06266132513083367
2024-03-01,2024-03-28,BK,0.0014771997045600592,0.027277617219254813
2024-03-01,2024-03-28,DOW,0.0013390997321800536,0.03668569028882551
2024-03-01,2024-03-28,EXC,0.001218799756240049,0.05950366702633492
2024-03-01,2024-03-28,CHTR,0.0010101997979600405,-0.01122712167930684
2024-03-01,2024-03-28,KHC,0.0009602998079400386,0.05788893932945216
2024-03-01,2024-03-28,CASHUSD,0.0028744994251001152,0.0041014914915946665
2024-03-29,2024-04-30,MSFT,0.1040109,-0.07461009991801992
2024-03-29,2024-04-30,AAPL,0.0828158,-0.006706326908676119
2024-03-29,2024-04-30,NVDA,0.0742549,-0.04376020231617472
2024-03-29,2024-04-30,AMZN,0.054859099999999994,-0.029825949313549094
2024-03-29,2024-04-30,META,0.0355438,-0.11411089880688119
2024-03-29,2024-04-30,GOOGL,0.0295926,0.07851313046750086
2024-03-29,2024-04-30,BRKB,0.0254564,-0.056572763837322126
2024-03-29,2024-04-30,GOOG,0.024994000000000002,0.08130840611276446
2024-03-29,2024-04-30,LLY,0.020640299999999997,0.00403613315334761
2024-03-29,2024-04-30,AVGO,0.019405600000000002,-0.018967858930068027
2024-03-29,2024-04-30,JPM,0.0192665,-0.037152011849486466
2024-03-29,2024-04-30,TSLA,0.0162056,0.042607689739043275
2024-03-29,2024-04-30,XOM,0.0153577,0.01746395421253366
2024-03-29,2024-04-30,UNH,0.015223599999999999,-0.022235685629525825
2024-03-29,2024-04-30,V,0.0146857,-0.03751597968747322
2024-03-29,2024-04-30,MA,0.013219000000000002,-0.06176681515473359
2024-03-29,2024-04-30,HD,0.0127024,-0.12872782859164178
2024-03-29,2024-04-30,PG,0.0127023,0.012350020220423641
2024-03-29,2024-04-30,JNJ,0.012669999999999999,-0.08597276778767504
2024-03-29,2024-04-30,MRK,0.011124799999999999,-0.020689702313393177
2024-03-29,2024-04-30,COST,0.0108161,-0.011697149933610484
2024-03-29,2024-04-30,ABBV,0.0106969,-0.09852341135852449
2024-03-29,2024-04-30,AMD,0.0097031,-0.12249986114155753
2024-03-29,2024-04-30,CRM,0.0097001,-0.1070455628485405
2024-03-29,2024-04-30,CVX,0.0091028,0.02237832643067983
2024-03-29,2024-04-30,NFLX,0.0087447,-0.09334303218081108
2024-03-29,2024-04-30,BAC,0.0086864,-0.023997902197924414
2024-03-29,2024-04-30,WMT,0.0085696,-0.01362811642661066
2024-03-29,2024-04-30,PEP,0.008003099999999999,0.0051425934922531
2024-03-29,2024-04-30,KO,0.0079205,0.009643635846105836
2024-03-29,2024-04-30,ADBE,0.007588500000000001,-0.08277847607215671
2024-03-29,2024-04-30,LIN,0.0074908,-0.05031004901173042
2024-03-29,2024-04-30,TMO,0.0074716,-0.021489867352898817
2024-03-29,2024-04-30,DIS,0.0074676,-0.09202354548416602
2024-03-29,2024-04-30,ACN,0.0072306,-0.12848697833398204
2024-03-29,2024-04-30,WFC,0.0069401,0.023464375157898898
2024-03-29,2024-04-30,MCD,0.0068043,-0.03160138785264621
2024-03-29,2024-04-30,CSCO,0.0067477,-0.05101540046503128
2024-03-29,2024-04-30,ORCL,0.0066633,-0.09149670498671814
2024-03-29,2024-04-30,ABT,0.006565100000000001,-0.06303407288363394
2024-03-29,2024-04-30,GE,0.0063560000000000005,0.15718796821111547
2024-03-29,2024-04-30,QCOM,0.0062863,-0.020378111343340333
2024-03-29,2024-04-30,INTC,0.006213499999999999,-0.31016523950801467
2024-03-29,2024-04-30,CAT,0.0062066,-0.08361852417442628
2024-03-29,2024-04-30,INTU,0.0060541,-0.03616335369224477
2024-03-29,2024-04-30,VZ,0.0058695,-0.04362496992299658
2024-03-29,2024-04-30,IBM,0.0058135,-0.12966056964815453
2024-03-29,2024-04-30,CMCSA,0.0057151,-0.11438323956534324
2024-03-29,2024-04-30,DHR,0.0054637,-0.012413910513172866
2024-03-29,2024-04-30,TXN,0.0052704,0.012685797056747106
2024-03-29,2024-04-30,PFE,0.0052132,-0.07675667359052118
2024-03-29,2024-04-30,AMGN,0.0050597,-0.03650799525440884
2024-03-29,2024-04-30,UNP,0.0049895,-0.0356603790826977
2024-03-29,2024-04-30,COP,0.004989,-0.013042095115681218
2024-03-29,2024-04-30,LOW,0.0048742,-0.10069570351383461
2024-03-29,2024-04-30,PM,0.0047324,0.03623655326915398
2024-03-29,2024-04-30,GS,0.0045311,0.021594789683669235
2024-03-29,2024-04-30,HON,0.004502,-0.060998691222920676
2024-03-29,2024-04-30,NEE,0.004358600000000001,0.047879752989830715
2024-03-29,2024-04-30,AXP,0.0043322,0.031029438091499717
2024-03-29,2024-04-30,RTX,0.0043055,0.040910365819413874
2024-03-29,2024-04-30,BKNG,0.0042118,-0.04847174224008799
2024-03-29,2024-04-30,T,0.0041869,-0.024621735886655505
2024-03-29,2024-04-30,C,0.004004,-0.03020228844280992
2024-03-29,2024-04-30,MS,0.0039244,-0.026343982033397495
2024-03-29,2024-04-30,BLK,0.0038788,-0.09483030672459192
2024-03-29,2024-04-30,MDT,0.0038529000000000002,-0.07928859552484957
2024-03-29,2024-04-30,NKE,0.0038061,-0.01830179187030645
2024-03-29,2024-04-30,BA,0.0036815999999999997,-0.1303176767677966
2024-03-29,2024-04-30,BMY,0.0036713,-0.18032224923519424
2024-03-29,2024-04-30,SCHW,0.0035870000000000003,0.022256152419895425
2024-03-29,2024-04-30,UPS,0.0035765999999999997,-0.0077374460869503725
2024-03-29,2024-04-30,DE,0.0035573,-0.0470612356771315
2024-03-29,2024-04-30,SBUX,0.0034417,-0.03173224466276492
2024-03-29,2024-04-30,CVS,0.0033381,-0.14286373403425756
2024-03-29,2024-04-30,LMT,0.0032529000000000004,0.02211614434040432
2024-03-29,2024-04-30,MDLZ,0.0031345,0.027714363847583856
2024-03-29,2024-04-30,AMT,0.0030695,-0.12393773523901641
2024-03-29,2024-04-30,GILD,0.0030367,-0.10989775426092774
2024-03-29,2024-04-30,TMUS,0.0028332,0.0058203424439136064
2024-03-29,2024-04-30,TGT,0.002722,-0.09158611758830182
2024-03-29,2024-04-30,SO,0.0026061,0.024533194854338136
2024-03-29,2024-04-30,MO,0.0025563,0.004355924658529853
2024-03-29,2024-04-30,DUK,0.0024808,0.01602722938026435
2024-03-29,2024-04-30,CL,0.0024711,0.026686379151771078
2024-03-29,2024-04-30,PYPL,0.0023844,0.01388274467804762
2024-03-29,2024-04-30,USB,0.0023204,-0.09105136775930212
2024-03-29,2024-04-30,FDX,0.0022108,-0.09650034567005972
2024-03-29,2024-04-30,EMR,0.0021574,-0.04972667327421221
2024-03-29,2024-04-30,GD,0.0021337,0.0212837349020929
2024-03-29,2024-04-30,MMM,0.0019483,0.08820547296577352
2024-03-29,2024-04-30,COF,0.0018862000000000002,-0.03667141158520415
2024-03-29,2024-04-30,AIG,0.0018239,-0.036586890015841256
2024-03-29,2024-04-30,GM,0.0017464,-0.01808159284800226
2024-03-29,2024-04-30,F,0.0017288999999999998,-0.08509036881684173
2024-03-29,2024-04-30,SPG,0.0016944999999999998,-0.10198751321094457
2024-03-29,2024-04-30,MET,0.0015176,-0.040884922912725385
2024-03-29,2024-04-30,BK,0.0014594999999999999,-0.012453989769302343
2024-03-29,2024-04-30,DOW,0.0013546,-0.017779933606505427
2024-03-29,2024-04-30,KHC,0.0009801,0.0463413484587929
2024-03-29,2024-04-30,CHTR,0.0009572999999999999,-0.11936139372599852
2024-03-29,2024-04-30,CASHUSD,0.0020344,0.0043218477410804645
2024-05-01,2024-05-31,MSFT,0.10013516995944902,0.06819086554248721
2024-05-01,2024-05-31,AAPL,0.08558027432591771,0.13022234206095074
2024-05-01,2024-05-31,NVDA,0.07387127783861665,0.2688711155456016
2024-05-01,2024-05-31,AMZN,0.055370883388734984,0.00822858537946436
2024-05-01,2024-05-31,GOOGL,0.03320419003874299,0.05971268143004105
2024-05-01,2024-05-31,META,0.03275889017233295,0.08522196133066706
2024-05-01,2024-05-31,GOOG,0.028116991564902532,0.05660841314535725
2024-05-01,2024-05-31,BRKB,0.02498559250432225,0.04453906289122456
2024-05-01,2024-05-31,LLY,0.021559993532001945,0.052027057593817094
2024-05-01,2024-05-31,AVGO,0.019806194058141782,0.0217492977505771
2024-05-01,2024-05-31,JPM,0.019187494243751727,0.05679549183573407
2024-05-01,2024-05-31,TSLA,0.017577994726601584,-0.02837187354253501
2024-05-01,2024-05-31,XOM,0.016256595123021463,-0.00048674097852086096
2024-05-01,2024-05-31,UNH,0.015486095354171395,0.024126444546847203
2024-05-01,2024-05-31,V,0.014705095588471325,0.016210119217101582
2024-05-01,2024-05-31,PG,0.013292396012281197,0.008210619273868014
2024-05-01,2024-05-31,MA,0.012885196134441161,-0.00915328628702905
2024-05-01,2024-05-31,JNJ,0.012048096385571083,0.02258518239448626
2024-05-01,2024-05-31,HD,0.011514096545771037,0.008910133366354156
2024-05-01,2024-05-31,MRK,0.01133429659971102,-0.028478498625984172
2024-05-01,2024-05-31,COST,0.011103196669041,0.12033465575783797
2024-05-01,2024-05-31,ABBV,0.009939297018210894,-0.008607878889734244
2024-05-01,2024-05-31,CVX,0.009682097095370873,0.01654935790302625
2024-05-01,2024-05-31,CRM,0.009011197296640811,-0.12828128799037963
2024-05-01,2024-05-31,AMD,0.008858097342570799,0.05379460001896019
2024-05-01,2024-05-31,BAC,0.008820097353970793,0.08051891744492234
2024-05-01,2024-05-31,WMT,0.008793997361800792,0.11183851487509955
2024-05-01,2024-05-31,PEP,0.008368897489330753,-0.01711101383574143
2024-05-01,2024-05-31,KO,0.008319597504120748,0.018779496110088445
2024-05-01,2024-05-31,NFLX,0.008248597525420743,0.16522598292156743
2024-05-01,2024-05-31,TMO,0.0076058977182306845,-0.0013012099316715986
2024-05-01,2024-05-31,LIN,0.007401097779670667,-0.012336792423995102
2024-05-01,2024-05-31,WFC,0.007389597783120665,0.015921870235634072
2024-05-01,2024-05-31,ADBE,0.007241097827670653,-0.03904236400166605
2024-05-01,2024-05-31,DIS,0.007054097883770635,-0.0647164087001385
2024-05-01,2024-05-31,MCD,0.006855197943440618,-0.051823675569614425
2024-05-01,2024-05-31,CSCO,0.006607898017630595,-0.010217121970251819
2024-05-01,2024-05-31,ACN,0.0065306980407905885,-0.0618789479173848
2024-05-01,2024-05-31,QCOM,0.006406698077990576,0.23537068815348228
2024-05-01,2024-05-31,ABT,0.006367998089600574,-0.035670513126707215
2024-05-01,2024-05-31,ORCL,0.006277698116690566,0.0302417259754848
2024-05-01,2024-05-31,GE,0.006096098171170549,0.02051636012603253
2024-05-01,2024-05-31,INTU,0.006061898181430546,-0.07860985207816085
2024-05-01,2024-05-31,CAT,0.005895698231290531,0.011806193686191513
2024-05-01,2024-05-31,VZ,0.0057468982759305174,0.04203595582287334
2024-05-01,2024-05-31,DHR,0.005613998315800506,0.04127797055011739
2024-05-01,2024-05-31,TXN,0.005552698334190501,0.11334041931430683
2024-05-01,2024-05-31,IBM,0.005263898420830474,0.01387667502956802
2024-05-01,2024-05-31,CMCSA,0.005226998431900471,0.05038047556939973
2024-05-01,2024-05-31,COP,0.005122698463190461,-0.06686030175687863
2024-05-01,2024-05-31,PM,0.00510209846937046,0.06783230408389263
2024-05-01,2024-05-31,AMGN,0.005073098478070457,0.12441534043625313
2024-05-01,2024-05-31,PFE,0.005007298497810451,0.1355274353174334
2024-05-01,2024-05-31,UNP,0.005005798498260451,-0.012701049924941588
2024-05-01,2024-05-31,GS,0.004816898554930433,0.07633459703230461
2024-05-01,2024-05-31,NEE,0.004756098573170428,0.1948634063294159
2024-05-01,2024-05-31,RTX,0.00466369860089042,0.06834711135909766
2024-05-01,2024-05-31,AXP,0.004633698609890417,0.02550960136375635
2024-05-01,2024-05-31,LOW,0.004538798638360409,-0.029387332520045106
2024-05-01,2024-05-31,INTC,0.0044592986622104015,0.016583726214154382
2024-05-01,2024-05-31,HON,0.004398898680330396,0.05463877534064987
2024-05-01,2024-05-31,T,0.004181598745520376,0.07874471428658225
2024-05-01,2024-05-31,BKNG,0.004170098748970375,0.09395053141475684
2024-05-01,2024-05-31,C,0.004041498787550364,0.024804969816232036
2024-05-01,2024-05-31,MS,0.003940798817760355,0.07705862454410317
2024-05-01,2024-05-31,NKE,0.00388959883312035,0.030240572582348912
2024-05-01,2024-05-31,SCHW,0.0038069988579003426,-0.00580684427653122
2024-05-01,2024-05-31,UPS,0.0036949988915003324,-0.0474877322806766
2024-05-01,2024-05-31,MDT,0.0036929988921003327,0.014082867193789594
2024-05-01,2024-05-31,BLK,0.0036453989063803278,0.023044250763954555
2024-05-01,2024-05-31,DE,0.0035293989411803177,-0.042538468740821345
2024-05-01,2024-05-31,SBUX,0.0034698989590303125,-0.08657892387242305
2024-05-01,2024-05-31,LMT,0.0034626989611903124,0.011636224126139183
2024-05-01,2024-05-31,MDLZ,0.003355198993440302,-0.04740064641648911
2024-05-01,2024-05-31,BA,0.0033334989999503,0.05821022691630806
2024-05-01,2024-05-31,BMY,0.0030969990709002787,-0.06486113460794174
2024-05-01,2024-05-31,TMUS,0.0029691991092402675,0.06979850298215129
2024-05-01,2024-05-31,CVS,0.002950899114730266,-0.11977561699917949
2024-05-01,2024-05-31,GILD,0.0028155991553202534,-0.014263674425154638
2024-05-01,2024-05-31,SO,0.0027720991683702497,0.1003204007648999
2024-05-01,2024-05-31,AMT,0.0027669991699002493,0.1409418786440908
2024-05-01,2024-05-31,MO,0.002675999197200241,0.0556947645364505
2024-05-01,2024-05-31,CL,0.002618899214330236,0.011314123377329066
2024-05-01,2024-05-31,DUK,0.0026168992149302353,0.06459878676660402
2024-05-01,2024-05-31,TGT,0.002567199229840231,-0.023264166676637776
2024-05-01,2024-05-31,PYPL,0.002520799243760227,-0.07258547328600784
2024-05-01,2024-05-31,GD,0.0022512993246102024,0.04416750516498391
2024-05-01,2024-05-31,USB,0.002189799343060197,-0.001968949874616155
2024-05-01,2024-05-31,EMR,0.0021284993614501917,0.04541853566311893
2024-05-01,2024-05-31,FDX,0.002083599374920187,-0.029872265359489947
2024-05-01,2024-05-31,COF,0.00188649943405017,-0.036380114471386005
2024-05-01,2024-05-31,MMM,0.0018404994478501656,0.044818963063414374
2024-05-01,2024-05-31,AIG,0.0018243994526801642,0.04660736686781908
2024-05-01,2024-05-31,GM,0.0017802994659101602,0.010330181643129377
2024-05-01,2024-05-31,F,0.001642199507340148,0.010479693755834463
2024-05-01,2024-05-31,SPG,0.0015893995231801431,0.07670963944685938
2024-05-01,2024-05-31,MET,0.0015110995466701361,0.026078345120894575
2024-05-01,2024-05-31,BK,0.0014855995543201336,0.05523129250836645
2024-05-01,2024-05-31,DOW,0.0013813995855801245,0.025335664789146284
2024-05-01,2024-05-31,KHC,0.0010647996805600959,-0.0839161125878185
2024-05-01,2024-05-31,CHTR,0.0008753997373800789,0.12182539805562231
2024-05-01,2024-05-31,CASHUSD,0.002282499315250205,0.0045731835254099185
2024-06-01,2024-06-28,MSFT,0.10073365970653612,0.07665077768118977
2024-06-01,2024-06-28,AAPL,0.09113206354717458,0.09555264699414212
2024-06-01,2024-06-28,NVDA,0.08843286462685414,0.12694296003191075
2024-06-01,2024-06-28,AMZN,0.05266997893200843,0.09527316552932019
2024-06-01,2024-06-28,META,0.033540386583845366,0.0811658173370231
2024-06-01,2024-06-28,GOOGL,0.03319728672108531,0.05715374965675646
2024-06-01,2024-06-28,GOOG,0.028028888788444485,0.05558000765595561
2024-06-01,2024-06-28,BRKB,0.024622590150963942,-0.01833978333844788
2024-06-01,2024-06-28,LLY,0.021362491455003418,0.10366441549506167
2024-06-01,2024-06-28,JPM,0.01913069234772306,-0.0018258627309407638
2024-06-01,2024-06-28,AVGO,0.019092092363163057,0.21232044568559028
2024-06-01,2024-06-28,XOM,0.017284993086002762,-0.01825003767496447
2024-06-01,2024-06-28,TSLA,0.016113593554562575,0.11118599982126098
2024-06-01,2024-06-28,UNH,0.014962794014882394,0.03240090061256118
2024-06-01,2024-06-28,V,0.01407249437100225,-0.036665839973318404
2024-06-01,2024-06-28,PG,0.012643694942522024,0.0023095992873092275
2024-06-01,2024-06-28,MA,0.012045495181801927,-0.013219503839517976
2024-06-01,2024-06-28,COST,0.011736095305561878,0.049512953746793764
2024-06-01,2024-06-28,JNJ,0.011530395387841846,-0.003477010035630057
2024-06-01,2024-06-28,HD,0.010884095646361742,0.027980946500851145
2024-06-01,2024-06-28,MRK,0.010388895844441663,-0.007960572752638617
2024-06-01,2024-06-28,ABBV,0.009296596281361487,0.06375577195601534
2024-06-01,2024-06-28,CVX,0.00919299632280147,-0.03622935887386025
2024-06-01,2024-06-28,WMT,0.00919279632288147,0.029653439256933645
2024-06-01,2024-06-28,NFLX,0.00906769637292145,0.05183747804061012
2024-06-01,2024-06-28,BAC,0.008991396403441439,0.0005472346266202077
2024-06-01,2024-06-28,AMD,0.008806696477321407,-0.0281005833081458
2024-06-01,2024-06-28,KO,0.00799659680136128,0.01928930373681892
2024-06-01,2024-06-28,PEP,0.007760596895761241,-0.03857436203921272
2024-06-01,2024-06-28,QCOM,0.00743669702532119,-0.023866800635132912
2024-06-01,2024-06-28,CRM,0.007411197035521185,0.0966558881681181
2024-06-01,2024-06-28,TMO,0.007166597133361146,-0.025710426079154858
2024-06-01,2024-06-28,WFC,0.007042297183081127,-0.008845120842744247
2024-06-01,2024-06-28,LIN,0.006896597241361104,0.010789095095424583
2024-06-01,2024-06-28,ADBE,0.006565097373961051,0.2490780776808068
2024-06-01,2024-06-28,DIS,0.006224497510200995,-0.044461663304419585
2024-06-01,2024-06-28,CSCO,0.006170597531760988,0.021720383111105912
2024-06-01,2024-06-28,MCD,0.006132497547000981,-0.009252921244418344
2024-06-01,2024-06-28,ORCL,0.006101497559400975,0.20488092083763165
2024-06-01,2024-06-28,GE,0.005868697652520939,-0.03736223948829054
2024-06-01,2024-06-28,ABT,0.005793197682720926,0.016831338237798033
2024-06-01,2024-06-28,TXN,0.005789097684360926,-0.0024614989210242078
2024-06-01,2024-06-28,ACN,0.005779997688000924,0.07481645883139865
2024-06-01,2024-06-28,VZ,0.005648397740640904,0.0021869235574842882
2024-06-01,2024-06-28,CAT,0.005627097749160901,-0.016011001578930317
2024-06-01,2024-06-28,DHR,0.005513697794520882,-0.026019136288194855
2024-06-01,2024-06-28,NEE,0.005358797856480858,-0.10936427054201359
2024-06-01,2024-06-28,AMGN,0.005342497863000855,0.021579133479962653
2024-06-01,2024-06-28,PFE,0.005282997886800845,-0.02372635418479474
2024-06-01,2024-06-28,INTU,0.005268597892560843,0.14011857391144034
2024-06-01,2024-06-28,CMCSA,0.005177897928840829,-0.02173369547748738
2024-06-01,2024-06-28,PM,0.005137997944800822,0.0125134984815507
2024-06-01,2024-06-28,IBM,0.004983698006520797,0.03655974326246114
2024-06-01,2024-06-28,GS,0.004859598056160778,-0.009200029520747388
2024-06-01,2024-06-28,RTX,0.004669598132160746,-0.06882469425687321
2024-06-01,2024-06-28,UNP,0.004634198146320741,-0.028176338210668672
2024-06-01,2024-06-28,AXP,0.004480098207960716,-0.03520834709913134
2024-06-01,2024-06-28,COP,0.004479098208360717,-0.01802887827717614
2024-06-01,2024-06-28,HON,0.004350598259760695,0.05613528372392129
2024-06-01,2024-06-28,BKNG,0.004298198280720687,0.0514433951945239
2024-06-01,2024-06-28,INTC,0.0042564982974006805,0.003889728738131204
2024-06-01,2024-06-28,T,0.004251998299200681,0.04884752590333785
2024-06-01,2024-06-28,LOW,0.004153498338600664,-0.0037506184050229985
2024-06-01,2024-06-28,MS,0.00400059839976064,-0.00664349674414022
2024-06-01,2024-06-28,C,0.0038700984519606193,0.018456080656417573
2024-06-01,2024-06-28,NKE,0.003776498489400604,-0.20395019975186301
2024-06-01,2024-06-28,SCHW,0.00356459857416057,0.00559486090894179
2024-06-01,2024-06-28,MDT,0.0035386985845205663,-0.024078790877898437
2024-06-01,2024-06-28,BLK,0.003524498590200564,0.026529379343758208
2024-06-01,2024-06-28,BA,0.003323698670520532,0.02477334542741927
2024-06-01,2024-06-28,LMT,0.0033101986759205295,-0.00019264961173670603
2024-06-01,2024-06-28,UPS,0.0032799986880005247,-0.014971437306121493
2024-06-01,2024-06-28,DE,0.003192898722840511,0.0008895757297284757
2024-06-01,2024-06-28,MDLZ,0.0030105987957604816,-0.03895701117519279
2024-06-01,2024-06-28,TMUS,0.002990098803960478,0.0069728521688128264
2024-06-01,2024-06-28,AMT,0.0029829988068004773,0.0012953186601929456
2024-06-01,2024-06-28,SBUX,0.0029722988110804753,-0.029543911520039434
2024-06-01,2024-06-28,SO,0.002855998857600457,-0.03206886313759383
2024-06-01,2024-06-28,BMY,0.0027275989089604363,0.01070823037974078
2024-06-01,2024-06-28,MO,0.0026694989322004273,0.006423366660349261
2024-06-01,2024-06-28,GILD,0.002612998954800418,0.08061882954633326
2024-06-01,2024-06-28,DUK,0.002606398957440417,-0.03224873408568252
2024-06-01,2024-06-28,CL,0.0025026989989204006,0.04389000066273785
2024-06-01,2024-06-28,CVS,0.0024543990182403926,-0.009060222792659611
2024-06-01,2024-06-28,TGT,0.0023531990587203765,-0.05199810668664462
2024-06-01,2024-06-28,GD,0.0022210991115603554,-0.03212460535087647
2024-06-01,2024-06-28,PYPL,0.0022089991164003535,-0.07874270043754461
2024-06-01,2024-06-28,EMR,0.0020928991628403346,-0.017831846671746754
2024-06-01,2024-06-28,USB,0.0020650991739603304,-0.00872073446063204
2024-06-01,2024-06-28,FDX,0.0019100992359603057,0.18711668637219314
2024-06-01,2024-06-28,MMM,0.0018044992782002885,0.020471347599545053
2024-06-01,2024-06-28,AIG,0.0018042992782802887,-0.052995809085112144
2024-06-01,2024-06-28,COF,0.0017105993157602735,0.00595801997672285
2024-06-01,2024-06-28,GM,0.0016995993201602718,0.03539808968965574
2024-06-01,2024-06-28,SPG,0.001606799357280257,0.016457932480103965
2024-06-01,2024-06-28,F,0.0015491993803202478,0.03380047168208056
2024-06-01,2024-06-28,BK,0.001481199407520237,0.004697031410081154
2024-06-01,2024-06-28,MET,0.0014537994184802326,-0.030122795182963458
2024-06-01,2024-06-28,DOW,0.0013219994712002116,-0.07947242871420424
2024-06-01,2024-06-28,CHTR,0.0009279996288001483,0.041237101348717164
2024-06-01,2024-06-28,KHC,0.0009216996313201475,-0.07842577289482477
2024-06-01,2024-06-28,CASHUSD,0.0030349987860004853,0.003992797363694844
2024-06-29,2024-07-31,MSFT,0.10390632078126413,-0.0639892275858357
2024-06-29,2024-07-31,NVDA,0.09504661900932379,-0.05277647703604915
2024-06-29,2024-07-31,AAPL,0.09496161899232378,0.054410744885693196
2024-06-29,2024-07-31,AMZN,0.055356811071362214,-0.032445041513381345
2024-06-29,2024-07-31,META,0.034563006912601384,-0.058287999427739656
2024-06-29,2024-07-31,GOOGL,0.033467606693521335,-0.05824857435492581
2024-06-29,2024-07-31,GOOG,0.02803720560744112,-0.05599165939873496
2024-06-29,2024-07-31,BRKB,0.023036004607200917,0.07792530274893772
2024-06-29,2024-07-31,LLY,0.0226088045217609,-0.11167684307483039
2024-06-29,2024-07-31,AVGO,0.021877004375400872,0.000790974237420139
2024-06-29,2024-07-31,JPM,0.018168003633600726,0.05794106465808224
2024-06-29,2024-07-31,TSLA,0.017173603434720686,0.17278149180183244
2024-06-29,2024-07-31,XOM,0.016153503230700646,0.030142439121604747
2024-06-29,2024-07-31,UNH,0.014669602933920585,0.1313670464991521
2024-06-29,2024-07-31,V,0.012928602585720515,0.012191988105239249
2024-06-29,2024-07-31,PG,0.012175002435000486,-0.019361741214960926
2024-06-29,2024-07-31,COST,0.01179160235832047,-0.03155297893576792
2024-06-29,2024-07-31,MA,0.011335502267100452,0.052672142187052406
2024-06-29,2024-07-31,JNJ,0.011002902200580438,0.07998076983210511
2024-06-29,2024-07-31,HD,0.010670202134040426,0.06948639779427679
2024-06-29,2024-07-31,MRK,0.009808001961600392,-0.08618739280858778
2024-06-29,2024-07-31,ABBV,0.009474001894800377,0.09038254520640909
2024-06-29,2024-07-31,NFLX,0.009096001819200363,-0.06894558957840613
2024-06-29,2024-07-31,WMT,0.009047201809440361,0.01373499067992201
2024-06-29,2024-07-31,BAC,0.008463801692760339,0.013578093668824565
2024-06-29,2024-07-31,CVX,0.008386001677200335,0.025891875356806926
2024-06-29,2024-07-31,AMD,0.008200901640180327,-0.10930281889207516
2024-06-29,2024-07-31,CRM,0.0078107015621403115,0.008179072885250438
2024-06-29,2024-07-31,ADBE,0.00778500155700031,-0.007002112840004848
2024-06-29,2024-07-31,KO,0.007713401542680309,0.0485468658519026
2024-06-29,2024-07-31,PEP,0.0070924014184802825,0.046929020580322556
2024-06-29,2024-07-31,ORCL,0.007040801408160282,-0.009605350653794087
2024-06-29,2024-07-31,QCOM,0.006965401393080278,-0.09152518038062518
2024-06-29,2024-07-31,TMO,0.006602901320580263,0.10911390393379028
2024-06-29,2024-07-31,LIN,0.006598201319640263,0.033476910410843885
2024-06-29,2024-07-31,WFC,0.006476701295340258,-0.0008418438046339238
2024-06-29,2024-07-31,CSCO,0.00601020120204024,0.028522187034923485
2024-06-29,2024-07-31,ACN,0.005966901193380239,0.09445956730855021
2024-06-29,2024-07-31,INTU,0.005755601151120229,-0.013637990443625236
2024-06-29,2024-07-31,MCD,0.005754601150920229,0.04143777426131856
2024-06-29,2024-07-31,DIS,0.005669901133980227,-0.052047117967305656
2024-06-29,2024-07-31,ABT,0.005654201130840226,0.02494511348994899
2024-06-29,2024-07-31,TXN,0.005540101108020221,0.0545253250766593
2024-06-29,2024-07-31,GE,0.005442901088580218,0.07245463996097379
2024-06-29,2024-07-31,VZ,0.005429801085960217,-0.001378994037286696
2024-06-29,2024-07-31,AMGN,0.00524270104854021,0.06407416027216994
2024-06-29,2024-07-31,DHR,0.005151801030360205,0.10898523450383268
2024-06-29,2024-07-31,CAT,0.0050957010191402035,0.043560355806322004
2024-06-29,2024-07-31,IBM,0.004969400993880198,0.1109569099035086
2024-06-29,2024-07-31,PFE,0.004959400991880198,0.10689810815969292
2024-06-29,2024-07-31,PM,0.004927200985440196,0.1364847144418211
2024-06-29,2024-07-31,CMCSA,0.004794600958920191,0.06251308509508569
2024-06-29,2024-07-31,GS,0.004562400912480181,0.12537579119761433
2024-06-29,2024-07-31,NEE,0.004550600910120182,0.07880243264716902
2024-06-29,2024-07-31,HON,0.0043496008699201736,-0.04116331506731863
2024-06-29,2024-07-31,UNP,0.004318000863600172,0.0904711682876913
2024-06-29,2024-07-31,T,0.004286000857200171,0.022445189576745017
2024-06-29,2024-07-31,BKNG,0.004204200840840167,-0.06222130317546426
2024-06-29,2024-07-31,COP,0.004184300836860167,-0.027802089379650008
2024-06-29,2024-07-31,RTX,0.004174800834960167,0.1703354976921705
2024-06-29,2024-07-31,INTC,0.004123800824760165,-0.0074265350905735605
2024-06-29,2024-07-31,AXP,0.0041157008231401645,0.09606423811816978
2024-06-29,2024-07-31,LOW,0.003951300790260157,0.11902595121199178
2024-06-29,2024-07-31,MS,0.0038048007609601513,0.0714927910204406
2024-06-29,2024-07-31,C,0.003786300757260151,0.022376207293875794
2024-06-29,2024-07-31,SCHW,0.0034411006882201375,-0.11534785794540692
2024-06-29,2024-07-31,BLK,0.0034323006864601367,0.11327035149024867
2024-06-29,2024-07-31,BA,0.003285200657040131,0.047195274193347014
2024-06-29,2024-07-31,MDT,0.0032693006538601307,0.020454876645827458
2024-06-29,2024-07-31,LMT,0.003128500625700125,0.16017976473900286
2024-06-29,2024-07-31,UPS,0.0031222006244401245,-0.04735118269002958
2024-06-29,2024-07-31,DE,0.0030298006059601215,-0.004416153520496513
2024-06-29,2024-07-31,NKE,0.0028595005719001137,-0.006766649393098567
2024-06-29,2024-07-31,TMUS,0.002841500568300114,0.034623646158431276
2024-06-29,2024-07-31,AMT,0.0028393005678601134,0.1338612755025106
2024-06-29,2024-07-31,SBUX,0.00275820055164011,0.0012846620872721815
2024-06-29,2024-07-31,MDLZ,0.002745200549040109,0.04446815164764617
2024-06-29,2024-07-31,GILD,0.0026636005327201062,0.10858463294229748
2024-06-29,2024-07-31,SO,0.002653000530600106,0.07670479903272076
2024-06-29,2024-07-31,BMY,0.002632500526500105,0.16260913584676517
2024-06-29,2024-07-31,CL,0.0024846004969200993,0.027370361946871924
2024-06-29,2024-07-31,MO,0.0024473004894600974,0.07596025820613161
2024-06-29,2024-07-31,DUK,0.0024196004839200968,0.09019252049662785
2024-06-29,2024-07-31,CVS,0.002313100462620092,0.03303566981786088
2024-06-29,2024-07-31,TGT,0.0021423004284600857,0.016009490307058005
2024-06-29,2024-07-31,FDX,0.0021234004246800846,0.008037695362798747
2024-06-29,2024-07-31,GD,0.0020633004126600824,0.03469483111685223
2024-06-29,2024-07-31,EMR,0.0019629003925800783,0.06309009425459378
2024-06-29,2024-07-31,USB,0.0019378003875600775,0.13047857669036445
2024-06-29,2024-07-31,PYPL,0.0018988003797600758,0.13355159485046753
2024-06-29,2024-07-31,MMM,0.0017688003537600706,0.24816522208148828
2024-06-29,2024-07-31,GM,0.0016661003332200666,-0.04606113462820827
2024-06-29,2024-07-31,COF,0.0016548003309600659,0.09353542129743331
2024-06-29,2024-07-31,AIG,0.0015413003082600614,0.06721438648935796
2024-06-29,2024-07-31,SPG,0.0015393003078600616,0.010803706935025525
2024-06-29,2024-07-31,F,0.0015293003058600612,-0.13716115604639956
2024-06-29,2024-07-31,BK,0.0014009002801800557,0.0946990864303694
2024-06-29,2024-07-31,MET,0.0013115002623000523,0.09488496229477139
2024-06-29,2024-07-31,DOW,0.0011621002324200462,0.026767202056782624
2024-06-29,2024-07-31,CHTR,0.0009227001845400368,0.2701365134931777
2024-06-29,2024-07-31,KHC,0.000801800160360032,0.0927992234903483
2024-06-29,2024-07-31,CASHUSD,0.0019393003878600775,0.004508392148804052
2024-08-01,2024-08-30,AAPL,0.09962164981082493,0.03235346666165828
2024-08-01,2024-08-30,MSFT,0.0967649483824742,-0.001095181910893528
2024-08-01,2024-08-30,NVDA,0.0895745447872724,0.02008208031891745
2024-08-01,2024-08-30,AMZN,0.05328952664476333,-0.0453524222981363
2024-08-01,2024-08-30,META,0.0323836161918081,0.09788761009040159
2024-08-01,2024-08-30,GOOGL,0.031358615679307845,-0.04756917920413595
2024-08-01,2024-08-30,GOOG,0.02633331316665659,-0.046433745649325564
2024-08-01,2024-08-30,BRKB,0.024705412352706183,0.08533640462425174
2024-08-01,2024-08-30,AVGO,0.02178341089170545,0.013318383554701718
2024-08-01,2024-08-30,TSLA,0.020038910019455014,-0.07739046902676983
2024-08-01,2024-08-30,LLY,0.019982309991155,0.19532171401568998
2024-08-01,2024-08-30,JPM,0.01901790950895476,0.056390937176389544
2024-08-01,2024-08-30,XOM,0.016556108278054142,0.0025257460878072013
2024-08-01,2024-08-30,UNH,0.016512708256354133,0.024368278857869408
2024-08-01,2024-08-30,V,0.013020006510003257,0.042361469472292246
2024-08-01,2024-08-30,MA,0.011854505927252965,0.04233256551128095
2024-08-01,2024-08-30,JNJ,0.011822705911352956,0.058719684787059245
2024-08-01,2024-08-30,PG,0.011807805903902954,0.06705658189015185
2024-08-01,2024-08-30,HD,0.011353805676902841,0.007002965041995379
2024-08-01,2024-08-30,COST,0.011345505672752838,0.08562048767442954
2024-08-01,2024-08-30,ABBV,0.010184405092202548,0.059302913783298106
2024-08-01,2024-08-30,WMT,0.009125004562502282,0.12835268868438332
2024-08-01,2024-08-30,MRK,0.00891730445865223,0.0470254226017075
2024-08-01,2024-08-30,CVX,0.008559604279802142,-0.06770209268809779
2024-08-01,2024-08-30,BAC,0.008535304267652137,0.010915406589583343
2024-08-01,2024-08-30,NFLX,0.008426004213002108,0.11617733998760782
2024-08-01,2024-08-30,KO,0.008046904023452013,0.08585545049414334
2024-08-01,2024-08-30,CRM,0.007822603911301957,-0.022797668642359326
2024-08-01,2024-08-30,ADBE,0.007691303845651924,0.041257949285225415
2024-08-01,2024-08-30,PEP,0.007387703693851849,0.0012161810638713355
2024-08-01,2024-08-30,TMO,0.007286303643151823,0.0028205752795198435
2024-08-01,2024-08-30,AMD,0.007267603633801818,0.028239216166290326
2024-08-01,2024-08-30,ORCL,0.00691830345915173,0.013194673899779907
2024-08-01,2024-08-30,LIN,0.0067846033923016965,0.054575547763617394
2024-08-01,2024-08-30,ACN,0.006469203234601619,0.03426913129466147
2024-08-01,2024-08-30,WFC,0.006438503219251612,-0.007133916765252657
2024-08-01,2024-08-30,QCOM,0.006295903147951575,-0.031224090798776416
2024-08-01,2024-08-30,CSCO,0.0060981030490515255,0.04313718812523648
2024-08-01,2024-08-30,MCD,0.005962702981351492,0.08764131328438451
2024-08-01,2024-08-30,GE,0.00579790289895145,0.025969319583266204
2024-08-01,2024-08-30,TXN,0.005775002887501444,0.05166581420328353
2024-08-01,2024-08-30,ABT,0.005735502867751435,0.06919000916179519
2024-08-01,2024-08-30,DHR,0.005684402842201421,-0.02804232227088288
2024-08-01,2024-08-30,INTU,0.005640602820301411,-0.026400062365962818
2024-08-01,2024-08-30,PM,0.005571402785701393,0.07059747114887949
2024-08-01,2024-08-30,AMGN,0.005550402775201389,0.011082035129580836
2024-08-01,2024-08-30,IBM,0.0054928027464013745,0.06119433957498566
2024-08-01,2024-08-30,PFE,0.0053857026928513475,-0.05009829569941637
2024-08-01,2024-08-30,DIS,0.005323102661551332,-0.03532929239200833
2024-08-01,2024-08-30,VZ,0.005308002654001328,0.03109569767603837
2024-08-01,2024-08-30,CAT,0.0052693026346513185,0.02859616740327664
2024-08-01,2024-08-30,GS,0.005108302554151277,0.00832697463973986
2024-08-01,2024-08-30,CMCSA,0.005027302513651258,-0.041192056404949606
2024-08-01,2024-08-30,NEE,0.004884302442151221,0.060760014795380846
2024-08-01,2024-08-30,RTX,0.0048612024306012155,0.05540927523717176
2024-08-01,2024-08-30,UNP,0.004684802342401173,0.04345839169715204
2024-08-01,2024-08-30,AXP,0.00447490223745112,0.02217030258097097
2024-08-01,2024-08-30,LOW,0.004378002189001095,0.012178718100086972
2024-08-01,2024-08-30,T,0.004295502147751075,0.03376622485691172
2024-08-01,2024-08-30,HON,0.004149402074701038,0.020989657002654205
2024-08-01,2024-08-30,INTC,0.004072502036251018,-0.27847058573763883
2024-08-01,2024-08-30,COP,0.004047402023701012,0.030693534007290024
2024-08-01,2024-08-30,MS,0.004020002010001006,0.0038755740501459357
2024-08-01,2024-08-30,BKNG,0.003922601961300981,0.05227967173561865
2024-08-01,2024-08-30,C,0.0038514019257009633,-0.02523539705283573
2024-08-01,2024-08-30,BLK,0.003801901900950951,0.028876220092815874
2024-08-01,2024-08-30,LMT,0.0036112018056009038,0.048309764867768834
2024-08-01,2024-08-30,BA,0.0034228017114008562,-0.0884575029929161
2024-08-01,2024-08-30,MDT,0.0033193016596508302,0.10283854889511335
2024-08-01,2024-08-30,AMT,0.003203001601500801,0.01660624465786298
2024-08-01,2024-08-30,SCHW,0.0030288015144007575,0.0026117065963995323
2024-08-01,2024-08-30,DE,0.003001101500550751,0.03699126715045087
2024-08-01,2024-08-30,BMY,0.00299940149970075,0.05025237501266311
2024-08-01,2024-08-30,UPS,0.0029593014796507407,-0.0014056845372321103
2024-08-01,2024-08-30,GILD,0.0029379014689507347,0.03865381644751831
2024-08-01,2024-08-30,TMUS,0.0029250014625007313,0.09374409235479586
2024-08-01,2024-08-30,MDLZ,0.0028528014264007136,0.05062180240520986
2024-08-01,2024-08-30,SO,0.0028421014210507113,0.043079659323230324
2024-08-01,2024-08-30,NKE,0.002825801412900707,0.11301092140460534
2024-08-01,2024-08-30,SBUX,0.002747801373900688,0.22054617820229394
2024-08-01,2024-08-30,DUK,0.0026245013122506568,0.05255395480069236
2024-08-01,2024-08-30,MO,0.0026199013099506554,0.0971231077733794
2024-08-01,2024-08-30,CL,0.002526801263400632,0.07369698733976748
2024-08-01,2024-08-30,CVS,0.002350901175450588,-0.05121844066744785
2024-08-01,2024-08-30,MMM,0.0021966010983005494,0.061670621235255796
2024-08-01,2024-08-30,USB,0.0021795010897505455,0.05236179961714016
2024-08-01,2024-08-30,TGT,0.0021655010827505415,0.029329032084049356
2024-08-01,2024-08-30,PYPL,0.002141501070750536,0.10109457460071702
2024-08-01,2024-08-30,FDX,0.002129601064800533,-0.011513848085506262
2024-08-01,2024-08-30,GD,0.0021135010567505286,0.0021761008934684245
2024-08-01,2024-08-30,EMR,0.0020761010380505192,-0.09552370496027895
2024-08-01,2024-08-30,COF,0.0018004009002004504,-0.02518572424939325
2024-08-01,2024-08-30,AIG,0.0016365008182504094,-0.027514572745919175
2024-08-01,2024-08-30,GM,0.0015813007906503955,0.12319489594111177
2024-08-01,2024-08-30,SPG,0.0015481007740503873,0.09065434830315122
2024-08-01,2024-08-30,BK,0.0015144007572003787,0.0484093711137461
2024-08-01,2024-08-30,MET,0.0014287007143503575,0.016348343406667798
2024-08-01,2024-08-30,F,0.0013129006564503284,0.05030484307578997
2024-08-01,2024-08-30,DOW,0.001187100593550297,-0.0033865944991398056
2024-08-01,2024-08-30,CHTR,0.0011661005830502916,-0.08474663586940578
2024-08-01,2024-08-30,KHC,0.0008717004358502181,0.017794429701117664
2024-08-01,2024-08-30,CASHUSD,0.0026937013468506742,0.004617278412460735
2024-08-31,2024-09-30,AAPL,0.10062245975101611,0.017467282327603195
2024-08-31,2024-09-30,MSFT,0.09451036219585512,0.031548167811151995
2024-08-31,2024-09-30,NVDA,0.08951066419573432,0.01742800515149523
2024-08-31,2024-09-30,AMZN,0.04983158006736797,0.043865556476496925
2024-08-31,2024-09-30,META,0.03482578606968557,0.09912731798792818
2024-08-31,2024-09-30,GOOGL,0.02925548829780468,0.016465162583457316
2024-08-31,2024-09-30,BRKB,0.0262647894940842,-0.03290469663026108
2024-08-31,2024-09-30,GOOG,0.024596390161443934,0.013930528577838164
2024-08-31,2024-09-30,LLY,0.02336369065452374,-0.07716510200115345
2024-08-31,2024-09-30,AVGO,0.02162149135140346,0.06293673510638231
2024-08-31,2024-09-30,JPM,0.01967909212836315,-0.06201078245726721
2024-08-31,2024-09-30,TSLA,0.018109692756122897,0.22194201175563166
2024-08-31,2024-09-30,UNH,0.016559293376282647,-0.005840040869467211
2024-08-31,2024-09-30,XOM,0.016128293548682577,-0.006104903356847102
2024-08-31,2024-09-30,V,0.013262094695162123,-0.0051379696561741905
2024-08-31,2024-09-30,PG,0.012341695063321976,0.00967693387947266
2024-08-31,2024-09-30,JNJ,0.012168395132641946,-0.022911036235727766
2024-08-31,2024-09-30,MA,0.012096795161281936,0.02164100032086913
2024-08-31,2024-09-30,COST,0.01206479517408193,-0.006566850230194321
2024-08-31,2024-09-30,HD,0.01113259554696178,0.09959300975121921
2024-08-31,2024-09-30,ABBV,0.01056759577296169,0.005959867325533441
2024-08-31,2024-09-30,WMT,0.010056795977281608,0.04557824153239731
2024-08-31,2024-09-30,NFLX,0.009212696314921475,0.011292504352621968
2024-08-31,2024-09-30,MRK,0.009145596341761464,-0.03486908018958812
2024-08-31,2024-09-30,KO,0.00856539657384137,-0.0016194380703661304
2024-08-31,2024-09-30,BAC,0.008451796619281353,-0.019909275675336624
2024-08-31,2024-09-30,ADBE,0.007844596862161254,-0.09858802335489258
2024-08-31,2024-09-30,CVX,0.007730196907921237,-0.004595959696951701
2024-08-31,2024-09-30,CRM,0.007487797004881198,0.08398471986885259
2024-08-31,2024-09-30,AMD,0.007319897072041172,0.10446960505865421
2024-08-31,2024-09-30,PEP,0.007245297101881158,-0.008879709901390531
2024-08-31,2024-09-30,TMO,0.007157297137081145,0.006329318822849039
2024-08-31,2024-09-30,LIN,0.007009097196361122,2.5799901724576912e-05
2024-08-31,2024-09-30,ORCL,0.0068667972532810975,0.20603010487961426
2024-08-31,2024-09-30,ACN,0.006555197377921048,0.03371827105249414
2024-08-31,2024-09-30,MCD,0.006343697462521015,0.061047223322207245
2024-08-31,2024-09-30,CSCO,0.006238497504600998,0.053027195850102515
2024-08-31,2024-09-30,WFC,0.0062161975135209945,-0.033863511688063896
2024-08-31,2024-09-30,ABT,0.00600859759656096,0.006533141716640323
2024-08-31,2024-09-30,QCOM,0.005976097609560956,-0.024935579868383018
2024-08-31,2024-09-30,TXN,0.005951197619520952,-0.03625091396516311
2024-08-31,2024-09-30,PM,0.005844497662200935,-0.0042835577355020416
2024-08-31,2024-09-30,GE,0.005828597668560933,0.0815447324649079
2024-08-31,2024-09-30,IBM,0.005662397735040905,0.09375151722276165
2024-08-31,2024-09-30,AMGN,0.005461497815400874,-0.03480805730161829
2024-08-31,2024-09-30,DHR,0.0054139978344008655,0.033349297112731824
2024-08-31,2024-09-30,INTU,0.005381397847440861,-0.014692306243052622
2024-08-31,2024-09-30,VZ,0.005363397854640859,0.07491620071706606
2024-08-31,2024-09-30,CAT,0.0053117978752808504,0.09834303552805035
2024-08-31,2024-09-30,NEE,0.005045297981880807,0.049931607371438425
2024-08-31,2024-09-30,DIS,0.005022897990840804,0.0642842336688263
2024-08-31,2024-09-30,GS,0.005018697992520803,-0.02967189790796798
2024-08-31,2024-09-30,PFE,0.005013897994440802,-0.0024128898014742495
2024-08-31,2024-09-30,RTX,0.0050019979992008,-0.017674789238931954
2024-08-31,2024-09-30,UNP,0.0047667980932807625,-0.03752588440983551
2024-08-31,2024-09-30,CMCSA,0.004714998114000754,0.05559751839289495
2024-08-31,2024-09-30,AXP,0.0044743982102407156,0.048521381840830324
2024-08-31,2024-09-30,T,0.004343598262560695,0.10552760328055699
2024-08-31,2024-09-30,LOW,0.004334698266120694,0.0899397444996135
2024-08-31,2024-09-30,HON,0.00412149835140066,-0.005771604227543303
2024-08-31,2024-09-30,COP,0.004051298379480648,-0.0747869879086065
2024-08-31,2024-09-30,BKNG,0.004048298380680648,0.07997954279921515
2024-08-31,2024-09-30,MS,0.0039577984168806335,0.006080537113597462
2024-08-31,2024-09-30,BLK,0.0038399984640006143,0.059124386555382547
2024-08-31,2024-09-30,LMT,0.003702898518840593,0.03471107623667269
2024-08-31,2024-09-30,C,0.003647598540960583,-0.0006386195715661902
2024-08-31,2024-09-30,MDT,0.003580798567680573,0.024385879699568624
2024-08-31,2024-09-30,SBUX,0.0032608986956405212,0.03087631690654602
2024-08-31,2024-09-30,AMT,0.003194798722080511,0.03793639597445386
2024-08-31,2024-09-30,TMUS,0.003119198752320499,0.03844614156878157
2024-08-31,2024-09-30,BMY,0.0030911987635204945,0.03583591755869464
2024-08-31,2024-09-30,NKE,0.0030763987694404924,0.0657022414386752
2024-08-31,2024-09-30,BA,0.0030518987792404885,-0.12489934108978173
2024-08-31,2024-09-30,DE,0.0030441987823204876,0.08571269069456244
2024-08-31,2024-09-30,GILD,0.00300029879988048,0.0711841439191514
2024-08-31,2024-09-30,SCHW,0.0029585988165604735,-0.004454520783608196
2024-08-31,2024-09-30,MDLZ,0.002931798827280469,0.03244140113803273
2024-08-31,2024-09-30,SO,0.0028758988496404604,0.043749925198299344
2024-08-31,2024-09-30,INTC,0.002856198857520457,0.06442822640469648
2024-08-31,2024-09-30,UPS,0.0028542988582804566,0.060599033112823886
2024-08-31,2024-09-30,MO,0.0028115988753604497,-0.03213063713380726
2024-08-31,2024-09-30,DUK,0.0026771989291204286,0.01184738366418392
2024-08-31,2024-09-30,CL,0.0026639989344004263,-0.025258375017318535
2024-08-31,2024-09-30,PYPL,0.002306499077400369,0.07731614172157508
2024-08-31,2024-09-30,MMM,0.002268899092440363,0.014923124275557198
2024-08-31,2024-09-30,USB,0.002243599102560359,-0.020996469844294263
2024-08-31,2024-09-30,CVS,0.0021916991233203505,0.0985325356621114
2024-08-31,2024-09-30,TGT,0.002163499134600346,0.014581465911868818
2024-08-31,2024-09-30,GD,0.0020718991712403317,0.009486837820555039
2024-08-31,2024-09-30,FDX,0.0020592991762803294,-0.07948944085138798
2024-08-31,2024-09-30,EMR,0.001837999264800294,0.03776455294046732
2024-08-31,2024-09-30,GM,0.0017373993050402781,-0.09698615124352483
2024-08-31,2024-09-30,COF,0.0017090993163602734,0.019056737906268273
2024-08-31,2024-09-30,SPG,0.001662799334880266,0.022724485632265257
2024-08-31,2024-09-30,AIG,0.0015566993773202492,-0.04434985577177453
2024-08-31,2024-09-30,BK,0.0015529993788002483,0.053356601480363475
2024-08-31,2024-09-30,MET,0.0014089994364002254,0.06453296093944005
2024-08-31,2024-09-30,F,0.0013387994644802142,-0.056300163958838634
2024-08-31,2024-09-30,DOW,0.0011519995392001844,0.019596815607847207
2024-08-31,2024-09-30,CHTR,0.001043999582400167,-0.06750308279866402
2024-08-31,2024-09-30,KHC,0.0008579996568001373,-0.009031818529825486
2024-08-31,2024-09-30,CASHUSD,0.0025164989934004026,0.004221679113667776
2024-10-01,2024-10-31,AAPL,0.10501186849643945,-0.03042918469660616
2024-10-01,2024-10-31,MSFT,0.09481087155673854,-0.05565888136178465
2024-10-01,2024-10-31,NVDA,0.08855587343323797,0.09321487111885762
2024-10-01,2024-10-31,AMZN,0.051593984521804644,0.00037563497419568215
2024-10-01,2024-10-31,META,0.037072188878343335,-0.008489893787857694
2024-10-01,2024-10-31,GOOGL,0.028804391358682596,0.031715349151240524
2024-10-01,2024-10-31,BRKB,0.02499189250243225,-0.020292869551379766
2024-10-01,2024-10-31,GOOG,0.023804192858742145,0.03289686620237031
2024-10-01,2024-10-31,AVGO,0.023802292859312145,-0.01582606881970361
2024-10-01,2024-10-31,TSLA,0.02151829354451194,-0.045025412068364634
2024-10-01,2024-10-31,LLY,0.020716793784961867,-0.06343539577695889
2024-10-01,2024-10-31,JPM,0.0177836946648916,0.05890136491826681
2024-10-01,2024-10-31,UNH,0.01600429519871144,-0.03451445657499219
2024-10-01,2024-10-31,XOM,0.015437695368691391,-0.0037535752768314
2024-10-01,2024-10-31,V,0.013614595915621225,0.05419165053742936
2024-10-01,2024-10-31,PG,0.012085996374201088,-0.04069763632045953
2024-10-01,2024-10-31,MA,0.012076596377021086,0.013070592350446386
2024-10-01,2024-10-31,HD,0.011910596426821072,-0.028257722098884663
2024-10-01,2024-10-31,COST,0.011650396504881049,-0.01391949451280905
2024-10-01,2024-10-31,JNJ,0.011564196530741042,-0.013575121129613343
2024-10-01,2024-10-31,WMT,0.010396896880930937,0.014860600530039125
2024-10-01,2024-10-31,ABBV,0.010339996898000931,0.04060155661380627
2024-10-01,2024-10-31,NFLX,0.009023197293040812,0.06592686486505084
2024-10-01,2024-10-31,MRK,0.008532797440160769,-0.09897836298091023
2024-10-01,2024-10-31,KO,0.008262597521220744,-0.09114941166386759
2024-10-01,2024-10-31,ORCL,0.008073797577860727,-0.01280856472448244
2024-10-01,2024-10-31,BAC,0.007940497617850715,0.05393148442089202
2024-10-01,2024-10-31,AMD,0.00787199763840071,-0.12195267115756903
2024-10-01,2024-10-31,CRM,0.007862097641370708,0.06452074068887947
2024-10-01,2024-10-31,CVX,0.007425297772410668,0.010524840263604895
2024-10-01,2024-10-31,TMO,0.00700439789868063,-0.11680156387828788
2024-10-01,2024-10-31,PEP,0.006923897922830623,-0.02334601938140546
2024-10-01,2024-10-31,ADBE,0.006805497958350613,-0.0766735688483785
2024-10-01,2024-10-31,LIN,0.006795197961440612,-0.043430001892380554
2024-10-01,2024-10-31,ACN,0.006563398030980591,-0.02052854726997755
2024-10-01,2024-10-31,MCD,0.006475098057470583,-0.040721161193026156
2024-10-01,2024-10-31,CSCO,0.006355798093260572,0.03698934983631674
2024-10-01,2024-10-31,GE,0.006061398181580546,-0.08908702366842658
2024-10-01,2024-10-31,IBM,0.006036698188990545,-0.06495382800874516
2024-10-01,2024-10-31,ABT,0.00588009823597053,-0.0009270600514580396
2024-10-01,2024-10-31,WFC,0.005699698290090513,0.149229836779877
2024-10-01,2024-10-31,CAT,0.005621798313460506,-0.03469106211422779
2024-10-01,2024-10-31,QCOM,0.005615398315380506,-0.04281086897955855
2024-10-01,2024-10-31,VZ,0.005603998318800505,-0.04725723218154754
2024-10-01,2024-10-31,PM,0.005595198321440504,0.09308087424831579
2024-10-01,2024-10-31,TXN,0.0055908983227305024,-0.010032617812432032
2024-10-01,2024-10-31,DHR,0.005297298410810477,-0.11639446763516925
2024-10-01,2024-10-31,DIS,0.005171198448640465,0.00010382686157983656
2024-10-01,2024-10-31,NEE,0.0051480984555704636,-0.06246311223241374
2024-10-01,2024-10-31,INTU,0.0051459984562004625,-0.015583222058275226
2024-10-01,2024-10-31,AMGN,0.005132098460370463,-0.006362397318746105
2024-10-01,2024-10-31,PFE,0.004861298541610438,-0.022114807363531663
2024-10-01,2024-10-31,CMCSA,0.004783198565040431,0.053317633397317765
2024-10-01,2024-10-31,RTX,0.00477759856672043,-0.0014031980154863843
2024-10-01,2024-10-31,T,0.004675998597200422,0.03770014988819592
2024-10-01,2024-10-31,GS,0.004634898609530418,0.04580794673415611
2024-10-01,2024-10-31,LOW,0.004575098627470411,-0.02920144408941372
2024-10-01,2024-10-31,AXP,0.004514898645530406,-0.001527623045370019
2024-10-01,2024-10-31,UNP,0.004450998664700401,-0.058463050747449286
2024-10-01,2024-10-31,BKNG,0.0041860987441703764,0.11018906949554652
2024-10-01,2024-10-31,HON,0.0039900988029703596,-0.004982843185258545
2024-10-01,2024-10-31,BLK,0.003918998824300354,0.033196088196960405
2024-10-01,2024-10-31,MS,0.0038493988451803467,0.12403203645959593
2024-10-01,2024-10-31,LMT,0.0036758988972303308,-0.06587864053124237
2024-10-01,2024-10-31,COP,0.0036239989128003264,0.04046361562175149
2024-10-01,2024-10-31,C,0.0035401989379403188,0.02507988962574248
2024-10-01,2024-10-31,MDT,0.0034228989731303083,-0.008663769321008319
2024-10-01,2024-10-31,SBUX,0.003274799017560295,0.0021542001420093992
2024-10-01,2024-10-31,AMT,0.0032199990340002903,-0.07510482753815995
2024-10-01,2024-10-31,DE,0.0031699990490002853,-0.030287794948198332
2024-10-01,2024-10-31,NKE,0.003147899055630284,-0.1274886416254164
2024-10-01,2024-10-31,BMY,0.00310879906736028,0.08995524282045908
2024-10-01,2024-10-31,GILD,0.0030937990718602785,0.059398973685165446
2024-10-01,2024-10-31,TMUS,0.00299699910090027,0.08141102576884363
2024-10-01,2024-10-31,INTC,0.0029661991101402672,-0.08269389183365317
2024-10-01,2024-10-31,UPS,0.0029589991123002662,-0.01672285081133995
2024-10-01,2024-10-31,SO,0.0029220991233702637,0.009425642042751203
2024-10-01,2024-10-31,MDLZ,0.0029162991251102627,-0.07044920107876906
2024-10-01,2024-10-31,SCHW,0.0028689991393002585,0.09288696692045417
2024-10-01,2024-10-31,DUK,0.0026369992089002375,-0.0002603036815262971
2024-10-01,2024-10-31,BA,0.0026365992090202376,-0.017955773796972774
2024-10-01,2024-10-31,MO,0.0025794992261502325,0.06700607438646067
2024-10-01,2024-10-31,CL,0.002512199246340226,-0.09278094790265035
2024-10-01,2024-10-31,PYPL,0.002362099291370213,0.016275772125777577
2024-10-01,2024-10-31,CVS,0.002340199297940211,-0.09209318036310254
2024-10-01,2024-10-31,GD,0.002307199307840208,-0.03039238616631068
2024-10-01,2024-10-31,MMM,0.0022229993331002004,-0.06020477286952841
2024-10-01,2024-10-31,TGT,0.0021330993600701923,-0.037341224283675256
2024-10-01,2024-10-31,USB,0.0021109993667001903,0.05641821858722995
2024-10-01,2024-10-31,EMR,0.0018567994429601672,-0.010057702964501813
2024-10-01,2024-10-31,FDX,0.0018339994498001652,0.0006210799617853979
2024-10-01,2024-10-31,COF,0.0016981994905401528,0.08722357645160717
2024-10-01,2024-10-31,BK,0.001576799526960142,0.05517444665068094
2024-10-01,2024-10-31,SPG,0.0015402995379101387,0.0005913924579259433
2024-10-01,2024-10-31,GM,0.001498499550450135,0.13202498009163133
2024-10-01,2024-10-31,MET,0.00144269956719013,-0.04922423459171632
2024-10-01,2024-10-31,AIG,0.0014021995793401265,0.03618748231239666
2024-10-01,2024-10-31,F,0.0012258996322301104,-0.025568246717886378
2024-10-01,2024-10-31,DOW,0.0011384996584501024,-0.09610104201329661
2024-10-01,2024-10-31,CHTR,0.0009353997193800842,0.010892368938400177
2024-10-01,2024-10-31,KHC,0.000921299723610083,-0.046995088776193406
2024-10-01,2024-10-31,CASHUSD,0.001897999430600171,0.003948225471815503
2024-11-01,2024-11-29,AAPL,0.10234217953156409,0.051706901337515765
2024-11-01,2024-11-29,NVDA,0.09731058053788388,0.04135289270640019
2024-11-01,2024-11-29,MSFT,0.08999618200076359,0.04419250517955575
2024-11-01,2024-11-29,AMZN,0.05187988962402207,0.1152897328156477
2024-11-01,2024-11-29,META,0.03694719261056147,0.011875036164150421
2024-11-01,2024-11-29,GOOGL,0.029871394025721195,-0.01262345835787082
2024-11-01,2024-11-29,GOOG,0.02471419505716099,-0.012739580722232025
2024-11-01,2024-11-29,BRKB,0.024611095077780983,0.07118773758105079
2024-11-01,2024-11-29,AVGO,0.023546495290700936,-0.04529651260799106
2024-11-01,2024-11-29,TSLA,0.020655595868880824,0.3814688622385134
2024-11-01,2024-11-29,LLY,0.019502996099400777,-0.03985932310304019
2024-11-01,2024-11-29,JPM,0.018813196237360753,0.12527033500166485
2024-11-01,2024-11-29,UNH,0.01553179689364062,0.08095661956577982
2024-11-01,2024-11-29,XOM,0.015459096908180614,0.01840458911211873
2024-11-01,2024-11-29,V,0.014426497114700575,0.08911159893161202
2024-11-01,2024-11-29,MA,0.01228119754376049,0.06675486936654607
2024-11-01,2024-11-29,HD,0.011633897673220463,0.09559309662647908
2024-11-01,2024-11-29,PG,0.011585997682800463,0.08524035996629964
2024-11-01,2024-11-29,COST,0.01154759769048046,0.11323914550583769
2024-11-01,2024-11-29,JNJ,0.011466097706780457,-0.022558678924234687
2024-11-01,2024-11-29,ABBV,0.010729597854080427,-0.10271246526560962
2024-11-01,2024-11-29,WMT,0.010605897878820422,0.1287371507551731
2024-11-01,2024-11-29,NFLX,0.009667698066460385,0.1729825996151546
2024-11-01,2024-11-29,CRM,0.008412498317500336,0.13254635189955222
2024-11-01,2024-11-29,BAC,0.008411998317600335,0.13605920785248582
2024-11-01,2024-11-29,ORCL,0.007993598401280319,0.1012869160989458
2024-11-01,2024-11-29,MRK,0.007727998454400309,-0.006645818776869317
2024-11-01,2024-11-29,KO,0.007548198490360302,-0.011391337732810092
2024-11-01,2024-11-29,CVX,0.0075421984915603,0.09919249313272371
2024-11-01,2024-11-29,AMD,0.006947698610460277,-0.04782407370141961
2024-11-01,2024-11-29,PEP,0.006797098640580272,-0.01583581377349441
2024-11-01,2024-11-29,WFC,0.006584098683180263,0.18005069467943868
2024-11-01,2024-11-29,CSCO,0.006574698685060262,0.08106636246927068
2024-11-01,2024-11-29,LIN,0.006533598693280261,0.010610522614992401
2024-11-01,2024-11-29,ACN,0.006435698712860256,0.05089605261037633
2024-11-01,2024-11-29,ADBE,0.006316198736760251,0.07917086505731463
2024-11-01,2024-11-29,MCD,0.006243498751300249,0.01335130697247977
2024-11-01,2024-11-29,TMO,0.006218298756340248,-0.030549903204264872
2024-11-01,2024-11-29,PM,0.0061475987704802445,0.0027127474659456308
2024-11-01,2024-11-29,ABT,0.005877298824540233,0.047631577085833765
2024-11-01,2024-11-29,IBM,0.005673798865240226,0.10875685421892056
2024-11-01,2024-11-29,GE,0.005549898890020222,0.06042624406314179
2024-11-01,2024-11-29,TXN,0.0055268988946202205,-0.010484406948152447
2024-11-01,2024-11-29,CAT,0.005435298912940216,0.07950562353763457
2024-11-01,2024-11-29,QCOM,0.005402798919440215,-0.026049227290828925
2024-11-01,2024-11-29,VZ,0.005284198943160211,0.05245663159910374
2024-11-01,2024-11-29,DIS,0.005198398960320207,0.22110191952634728
2024-11-01,2024-11-29,AMGN,0.005125798974840205,-0.10940750881177363
2024-11-01,2024-11-29,INTU,0.005083498983300202,0.0514993358429332
2024-11-01,2024-11-29,CMCSA,0.0050265989946802,-0.010991514238568367
2024-11-01,2024-11-29,GS,0.004872399025520194,0.17532227475368267
2024-11-01,2024-11-29,NEE,0.004851399029720194,-0.0006658121621148094
2024-11-01,2024-11-29,T,0.004815499036900191,0.027506565494422208
2024-11-01,2024-11-29,RTX,0.004795599040880191,0.012305677443993801
2024-11-01,2024-11-29,PFE,0.004778299044340191,-0.05946620712914796
2024-11-01,2024-11-29,DHR,0.004704899059020188,-0.02430191292717565
2024-11-01,2024-11-29,BKNG,0.004671999065600186,0.11242548440564404
2024-11-01,2024-11-29,AXP,0.0045194990961001805,0.1281100570083582
2024-11-01,2024-11-29,LOW,0.004445599110880177,0.04048437396690319
2024-11-01,2024-11-29,MS,0.004314999137000172,0.13212918894103942
2024-11-01,2024-11-29,UNP,0.004212499157500168,0.05425079338190941
2024-11-01,2024-11-29,BLK,0.004065899186820162,0.04257767274187585
2024-11-01,2024-11-29,HON,0.003990699201860159,0.1380624122967966
2024-11-01,2024-11-29,COP,0.0037900992419801515,-0.004043551928151867
2024-11-01,2024-11-29,C,0.0036476992704601455,0.11420381179879957
2024-11-01,2024-11-29,LMT,0.0034514993097001377,-0.030473483636895393
2024-11-01,2024-11-29,MDT,0.003410799317840136,-0.030364298592656103
2024-11-01,2024-11-29,BMY,0.0033681993263601343,0.06186126652146062
2024-11-01,2024-11-29,SBUX,0.003298799340240132,0.055207314856534406
2024-11-01,2024-11-29,GILD,0.0032944993411001314,0.042332707886658216
2024-11-01,2024-11-29,TMUS,0.00325769934846013,0.11055071596419741
2024-11-01,2024-11-29,BA,0.00324779935044013,0.04105555544200512
2024-11-01,2024-11-29,SCHW,0.0031515993696801256,0.17243719864908869
2024-11-01,2024-11-29,DE,0.003089799382040123,0.15125156601111533
2024-11-01,2024-11-29,AMT,0.0029718994056201183,-0.021260616022826473
2024-11-01,2024-11-29,SO,0.0029647994070401184,-0.01278870975528712
2024-11-01,2024-11-29,UPS,0.0029244994151001167,0.02484239928265919
2024-11-01,2024-11-29,MO,0.0027665994466801107,0.06022783549175359
2024-11-01,2024-11-29,NKE,0.00276079944784011,0.021262799830549906
2024-11-01,2024-11-29,INTC,0.002734999453000109,0.11756499653716967
2024-11-01,2024-11-29,MDLZ,0.0027248994550201086,-0.05154794028028631
2024-11-01,2024-11-29,DUK,0.002649899470020106,0.025120950887548288
2024-11-01,2024-11-29,PYPL,0.0024128995174200964,0.09419913077114028
2024-11-01,2024-11-29,CL,0.0022794995441000913,0.031159952413299496
2024-11-01,2024-11-29,USB,0.002241599551680089,0.10308431262549345
2024-11-01,2024-11-29,GD,0.002237899552420089,-0.026061986126188152
2024-11-01,2024-11-29,CVS,0.002112099577580084,0.06004250408660061
2024-11-01,2024-11-29,MMM,0.0020998995800200837,0.044914595341045915
2024-11-01,2024-11-29,TGT,0.0020639995872000824,-0.11179151953405575
2024-11-01,2024-11-29,COF,0.001855899628820074,0.18332182159318267
2024-11-01,2024-11-29,EMR,0.0018475996304800736,0.22974950779531111
2024-11-01,2024-11-29,FDX,0.0018445996310800736,0.10524025850942142
2024-11-01,2024-11-29,GM,0.001705099658980068,0.09515360732919809
2024-11-01,2024-11-29,BK,0.0016621996675600663,0.08638529232646941
2024-11-01,2024-11-29,SPG,0.0015491996901600617,0.0856200248126231
2024-11-01,2024-11-29,AIG,0.001460399707920058,0.01317858029774266
2024-11-01,2024-11-29,MET,0.001378799724240055,0.13295554064119042
2024-11-01,2024-11-29,F,0.001200799759840048,0.0963290017823728
2024-11-01,2024-11-29,DOW,0.0010343997931200413,-0.0904353165501195
2024-11-01,2024-11-29,CHTR,0.0009503998099200379,0.21171520701577373
2024-11-01,2024-11-29,KHC,0.0008825998234800353,-0.032409340015721155
2024-11-01,2024-11-29,CASHUSD,0.0018880996223800755,0.0037074240315007057
2024-11-30,2024-12-31,AAPL,0.10195818980418102,0.05515533051101662
2024-11-30,2024-12-31,NVDA,0.09609659039034096,-0.028576914684125487
2024-11-30,2024-12-31,MSFT,0.08893779110622088,-0.004628513515898214
2024-11-30,2024-12-31,AMZN,0.054870194512980544,0.05531771626226978
2024-11-30,2024-12-31,META,0.03545349645465035,0.020306157699283123
2024-11-30,2024-12-31,GOOGL,0.02796979720302028,0.12173385874507425
2024-11-30,2024-12-31,TSLA,0.02705999729400027,0.17000808915631316
2024-11-30,2024-12-31,BRKB,0.025000397499960247,-0.06157093062567476
2024-11-30,2024-12-31,GOOG,0.023138097686190233,0.11828295662447874
2024-11-30,2024-12-31,AVGO,0.02131799786820021,0.4342371835268781
2024-11-30,2024-12-31,JPM,0.0200755979924402,-0.040084832370766654
2024-11-30,2024-12-31,LLY,0.017728298227170175,-0.029358082985423528
2024-11-30,2024-12-31,UNH,0.015921398407860162,-0.16781353282603728
2024-11-30,2024-12-31,V,0.014871698512830149,0.003047074454929799
2024-11-30,2024-12-31,XOM,0.014808198519180148,-0.08808071074493051
2024-11-30,2024-12-31,MA,0.012423898757610125,-0.01195274046486472
2024-11-30,2024-12-31,COST,0.01217449878255012,-0.0572190260730312
2024-11-30,2024-12-31,HD,0.01202379879762012,-0.09353812216287227
2024-11-30,2024-12-31,PG,0.01192359880764012,-0.06476619285584284
2024-11-30,2024-12-31,WMT,0.011352498864750114,-0.021079248684997665
2024-11-30,2024-12-31,NFLX,0.010753898924610107,0.005085689488863787
2024-11-30,2024-12-31,JNJ,0.010543498945650103,-0.06702794134466594
2024-11-30,2024-12-31,ABBV,0.00912989908701009,-0.028590156166709457
2024-11-30,2024-12-31,BAC,0.00906249909375009,-0.06978578249964174
2024-11-30,2024-12-31,CRM,0.00903499909650009,0.014307902058445121
2024-11-30,2024-12-31,ORCL,0.008348199165180084,-0.09846359196038423
2024-11-30,2024-12-31,CVX,0.007782399221760077,-0.10553933323272391
2024-11-30,2024-12-31,WFC,0.0073256992674300735,-0.07785203953558584
2024-11-30,2024-12-31,MRK,0.007279799272020072,-0.013416806978533535
2024-11-30,2024-12-31,KO,0.00702319929768007,-0.02840217628186159
2024-11-30,2024-12-31,CSCO,0.006740299325970068,-0.00016894140806011926
2024-11-30,2024-12-31,ADBE,0.006463899353610064,-0.13810013182306824
2024-11-30,2024-12-31,ACN,0.006413599358640064,-0.029196662150743458
2024-11-30,2024-12-31,PEP,0.006343699365630063,-0.06176352265297058
2024-11-30,2024-12-31,AMD,0.006273199372680062,-0.11947800433982314
2024-11-30,2024-12-31,LIN,0.006261599373840063,-0.08904772784215909
2024-11-30,2024-12-31,DIS,0.00601969939803006,-0.047898183225580704
2024-11-30,2024-12-31,MCD,0.005999799400020059,-0.014783640052969838
2024-11-30,2024-12-31,IBM,0.005918999408100058,-0.033331817786871665
2024-11-30,2024-12-31,PM,0.005845599415440057,-0.08547598297543935
2024-11-30,2024-12-31,ABT,0.005838999416100057,-0.04765506887985682
2024-11-30,2024-12-31,TMO,0.005716699428330057,-0.017018122342802866
2024-11-30,2024-12-31,GE,0.005581099441890056,-0.08288477545346606
2024-11-30,2024-12-31,CAT,0.005564199443580055,-0.10674442678190499
2024-11-30,2024-12-31,GS,0.005430499456950054,-0.054411570152157585
2024-11-30,2024-12-31,VZ,0.0052739994726000525,-0.09810557502207784
2024-11-30,2024-12-31,TXN,0.0051862994813700524,-0.06725360601745634
2024-11-30,2024-12-31,INTU,0.005068999493100051,-0.020616203982271708
2024-11-30,2024-12-31,QCOM,0.004989999501000049,-0.025902880137351425
2024-11-30,2024-12-31,BKNG,0.004928399507160049,-0.04331513092218431
2024-11-30,2024-12-31,AXP,0.0048348995165100475,-0.02589583606038759
2024-11-30,2024-12-31,CMCSA,0.004714299528570047,-0.13104885832805557
2024-11-30,2024-12-31,T,0.004692199530780047,-0.016839466886413468
2024-11-30,2024-12-31,MS,0.004632699536730046,-0.04475354428867562
2024-11-30,2024-12-31,RTX,0.004579199542080046,-0.05015177838299467
2024-11-30,2024-12-31,NEE,0.004566999543300045,-0.08872500311118825
2024-11-30,2024-12-31,LOW,0.004386399561360043,-0.09407930397396358
2024-11-30,2024-12-31,DHR,0.004353299564670043,-0.04118525052364019
2024-11-30,2024-12-31,AMGN,0.004294699570530043,-0.07858731380022266
2024-11-30,2024-12-31,HON,0.004285899571410043,-0.030223684980126064
2024-11-30,2024-12-31,UNP,0.004211499578850042,-0.0625527718256419
2024-11-30,2024-12-31,PFE,0.004196699580330042,0.012209187252704146
2024-11-30,2024-12-31,BLK,0.0040198995980100394,0.0072215193590547955
2024-11-30,2024-12-31,COP,0.003989599601040039,-0.08464080739281621
2024-11-30,2024-12-31,C,0.003820299617970038,-0.006772957203943775
2024-11-30,2024-12-31,SCHW,0.003492099650790035,-0.10572721210138791
2024-11-30,2024-12-31,TMUS,0.003418499658150034,-0.10613920117862075
2024-11-30,2024-12-31,BMY,0.0033916996608300337,-0.04491729984282311
2024-11-30,2024-12-31,DE,0.0033732996626700336,-0.08709461177627609
2024-11-30,2024-12-31,SBUX,0.003280699671930032,-0.1094085140754184
2024-11-30,2024-12-31,GILD,0.0032563996743600323,0.006117969964018144
2024-11-30,2024-12-31,BA,0.003206299679370032,0.1387030186564806
2024-11-30,2024-12-31,LMT,0.0031732996826700317,-0.07635273791124797
2024-11-30,2024-12-31,MDT,0.0031362996863700315,-0.0689718311786841
2024-11-30,2024-12-31,INTC,0.0028984997101500288,-0.16632017159635015
2024-11-30,2024-12-31,UPS,0.0028076997192300283,-0.07088131671303899
2024-11-30,2024-12-31,MO,0.002781599721840028,-0.07677718220606311
2024-11-30,2024-12-31,AMT,0.0027583997241600274,-0.11464432199518038
2024-11-30,2024-12-31,SO,0.0027528997247100273,-0.07640525496316064
2024-11-30,2024-12-31,NKE,0.0026736997326300264,-0.03445200878468235
2024-11-30,2024-12-31,DUK,0.0025516997448300255,-0.07953867491602562
2024-11-30,2024-12-31,PYPL,0.002503799749620025,-0.016365088591460464
2024-11-30,2024-12-31,MDLZ,0.002450799754920024,-0.0730548055028799
2024-11-30,2024-12-31,USB,0.002344799765520023,-0.09305999576202284
2024-11-30,2024-12-31,CL,0.002228999777100022,-0.059194814238184845
2024-11-30,2024-12-31,EMR,0.002145799785420021,-0.06538468978920575
2024-11-30,2024-12-31,CVS,0.002123199787680021,-0.2499582411715482
2024-11-30,2024-12-31,COF,0.0020758997924100204,-0.07129816109490805
2024-11-30,2024-12-31,MMM,0.0020697997930200205,-0.03325102377533429
2024-11-30,2024-12-31,GD,0.0020668997933100206,-0.07225110237319698
2024-11-30,2024-12-31,FDX,0.0019333998066600193,-0.06591341424077002
2024-11-30,2024-12-31,GM,0.0017707998229200175,-0.0395754277016267
2024-11-30,2024-12-31,TGT,0.0017259998274000172,0.021691510119373092
2024-11-30,2024-12-31,BK,0.001712399828760017,-0.06156104768355064
2024-11-30,2024-12-31,SPG,0.0015948998405100159,-0.05119908049598587
2024-11-30,2024-12-31,MET,0.0014710998528900145,-0.07197095505004125
2024-11-30,2024-12-31,AIG,0.001403199859680014,-0.04784316477564743
2024-11-30,2024-12-31,F,0.0012316998768300124,-0.11051233251435921
2024-11-30,2024-12-31,CHTR,0.0010920998907900108,-0.13653427725108558
2024-11-30,2024-12-31,DOW,0.0008782999121700088,-0.09228679945216012
2024-11-30,2024-12-31,KHC,0.000799699920030008,-0.039412114360581896
2024-11-30,2024-12-31,CASHUSD,0.002594999740500026,0.00403101305254272
2025-01-01,2025-01-31,AAPL,0.10769701076970108,-0.057583344233335
2025-01-01,2025-01-31,NVDA,0.09372220937222094,-0.10589021820828082
2025-01-01,2025-01-31,MSFT,0.08916030891603088,-0.015278774333898015
2025-01-01,2025-01-31,AMZN,0.05841390584139058,0.08336748865953902
2025-01-01,2025-01-31,META,0.036315603631560354,0.1770593033825405
2025-01-01,2025-01-31,TSLA,0.03208780320878032,0.0018819576379678349
2025-01-01,2025-01-31,GOOGL,0.03146930314693031,0.077760395595317
2025-01-01,2025-01-31,AVGO,0.030807603080760308,-0.045591831353290035
2025-01-01,2025-01-31,GOOG,0.025786902578690256,0.07960508867028837
2025-01-01,2025-01-31,BRKB,0.023638302363830237,0.033952556234299935
2025-01-01,2025-01-31,JPM,0.01920090192009019,0.12085650950796323
2025-01-01,2025-01-31,LLY,0.01730630173063017,0.050621765943953845
2025-01-01,2025-01-31,V,0.015538101553810154,0.08150861465382708
2025-01-01,2025-01-31,XOM,0.013451301345130133,-0.006879057918342535
2025-01-01,2025-01-31,UNH,0.013245101324510133,0.07241140894152842
2025-01-01,2025-01-31,MA,0.012280301228030121,0.05636235265003342
2025-01-01,2025-01-31,COST,0.011550501155050113,0.06942273013724254
2025-01-01,2025-01-31,PG,0.011233201123320113,-0.0038642011739247195
2025-01-01,2025-01-31,WMT,0.011157901115790111,0.08644175261508469
2025-01-01,2025-01-31,HD,0.010993001099300109,0.05910198376177078
2025-01-01,2025-01-31,NFLX,0.010839901083990107,0.09585781038817198
2025-01-01,2025-01-31,JNJ,0.009906400990640097,0.05206746903809978
2025-01-01,2025-01-31,CRM,0.00909370090937009,0.022044174227652924
2025-01-01,2025-01-31,ABBV,0.008934300893430088,0.04464941889580443
2025-01-01,2025-01-31,BAC,0.008347200834720084,0.05346974823803241
2025-01-01,2025-01-31,ORCL,0.007620000762000076,0.023031693200566083
2025-01-01,2025-01-31,MRK,0.00715980071598007,-0.006634556179115791
2025-01-01,2025-01-31,CVX,0.0068873006887300685,0.0300329836887836
2025-01-01,2025-01-31,KO,0.006867600686760069,0.01959532071276482
2025-01-01,2025-01-31,CSCO,0.006713800671380067,0.030623983524460607
2025-01-01,2025-01-31,WFC,0.006653800665380066,0.12186781179884543
2025-01-01,2025-01-31,ACN,0.006255600625560062,0.09891121459087082
2025-01-01,2025-01-31,PEP,0.005928800592880059,-0.009009721199773946
2025-01-01,2025-01-31,MCD,0.00591260059126006,-0.004105202690020238
2025-01-01,2025-01-31,IBM,0.005783100578310058,0.16317148519994018
2025-01-01,2025-01-31,DIS,0.005741900574190057,0.015356946957394424
2025-01-01,2025-01-31,LIN,0.005671800567180057,0.06556472469085306
2025-01-01,2025-01-31,TMO,0.005661400566140056,0.14901104532682385
2025-01-01,2025-01-31,ABT,0.005585500558550055,0.13695812668089924
2025-01-01,2025-01-31,AMD,0.005577000557700055,-0.040069574721420365
2025-01-01,2025-01-31,ADBE,0.005569300556930055,-0.016258839137881842
2025-01-01,2025-01-31,PM,0.005323900532390053,0.08184448101059782
2025-01-01,2025-01-31,GE,0.005132000513200051,0.22051691863377187
2025-01-01,2025-01-31,GS,0.0051141005114100505,0.1183683554792192
2025-01-01,2025-01-31,INTU,0.00501200050120005,-0.041351007310192256
2025-01-01,2025-01-31,CAT,0.004991600499160049,0.027681279582647544
2025-01-01,2025-01-31,TXN,0.004868000486800048,-0.008185283777384922
2025-01-01,2025-01-31,QCOM,0.004856000485600048,0.12569976961316787
2025-01-01,2025-01-31,VZ,0.004789600478960048,0.002450261956503441
2025-01-01,2025-01-31,AXP,0.004699200469920046,0.07212632577243827
2025-01-01,2025-01-31,BKNG,0.004679100467910047,-0.046465561213882456
2025-01-01,2025-01-31,T,0.004642200464220046,0.055388756655639915
2025-01-01,2025-01-31,MS,0.004437100443710045,0.10842432216627795
2025-01-01,2025-01-31,RTX,0.004376900437690044,0.1143275781690336
2025-01-01,2025-01-31,PFE,0.004277500427750043,0.01614901556503101
2025-01-01,2025-01-31,BLK,0.004245900424590042,0.04915577074321664
2025-01-01,2025-01-31,DHR,0.004195400419540042,-0.029666763305587374
2025-01-01,2025-01-31,NEE,0.004194400419440042,-0.0018133987832320564
2025-01-01,2025-01-31,HON,0.004182400418240042,-0.009606551929942864
2025-01-01,2025-01-31,CMCSA,0.004075800407580041,-0.09557652436938235
2025-01-01,2025-01-31,AMGN,0.00398610039861004,0.0950736290646974
2025-01-01,2025-01-31,LOW,0.00398340039834004,0.058250385987139275
2025-01-01,2025-01-31,UNP,0.003940100394010039,0.08660751506653175
2025-01-01,2025-01-31,C,0.0037876003787600376,0.15684051326055104
2025-01-01,2025-01-31,BA,0.003764600376460038,-0.0027118402685822884
2025-01-01,2025-01-31,COP,0.0036498003649800366,-0.00342841765991464
2025-01-01,2025-01-31,GILD,0.003269500326950033,0.05228958547828477
2025-01-01,2025-01-31,BMY,0.003259700325970032,0.05376050547580946
2025-01-01,2025-01-31,SCHW,0.0031425003142500313,0.11768672214430209
2025-01-01,2025-01-31,DE,0.003067300306730031,0.12475802702950478
2025-01-01,2025-01-31,TMUS,0.00306090030609003,0.05545228492650267
2025-01-01,2025-01-31,SBUX,0.002940100294010029,0.18005490367267574
2025-01-01,2025-01-31,LMT,0.0029167002916700288,-0.04731043714444605
2025-01-01,2025-01-31,MDT,0.002913100291310029,0.1369555751032412
2025-01-01,2025-01-31,UPS,0.0026250002625000262,-0.09413164424537024
2025-01-01,2025-01-31,SO,0.0025686002568600253,0.019800796785604424
2025-01-01,2025-01-31,NKE,0.0025633002563300255,0.016254808045025326
2025-01-01,2025-01-31,MO,0.0025214002521400246,-0.0011474334144518927
2025-01-01,2025-01-31,INTC,0.0024603002460300244,-0.030922641170916143
2025-01-01,2025-01-31,AMT,0.002435900243590024,0.008396476370477135
2025-01-01,2025-01-31,PYPL,0.002434500243450024,0.03784412541333282
2025-01-01,2025-01-31,DUK,0.0023634002363400234,0.039446778972824115
2025-01-01,2025-01-31,MDLZ,0.002268000226800023,-0.029131177619455495
2025-01-01,2025-01-31,USB,0.002117800211780021,-0.0010454554365154634
2025-01-01,2025-01-31,CL,0.002110200211020021,-0.040902486040327646
2025-01-01,2025-01-31,EMR,0.00201810020181002,0.04857580321624111
2025-01-01,2025-01-31,MMM,0.00200000020000002,0.1790222230869365
2025-01-01,2025-01-31,GD,0.0019397001939700192,-0.019527681837687383
2025-01-01,2025-01-31,COF,0.0019301001930100191,0.1423844426955707
2025-01-01,2025-01-31,FDX,0.0017982001798200178,-0.05850785843852846
2025-01-01,2025-01-31,TGT,0.0017745001774500176,0.020195138934833157
2025-01-01,2025-01-31,GM,0.0016666001666600166,-0.07152246451546318
2025-01-01,2025-01-31,CVS,0.001602500160250016,0.2741769986364837
2025-01-01,2025-01-31,BK,0.0015893001589300157,0.12460456119919217
2025-01-01,2025-01-31,SPG,0.0015055001505500148,0.009581353918674651
2025-01-01,2025-01-31,MET,0.0013637001363700134,0.05654609140348432
2025-01-01,2025-01-31,AIG,0.001292000129200013,0.011813256253254467
2025-01-01,2025-01-31,F,0.001102900110290011,0.01818190483351856
2025-01-01,2025-01-31,CHTR,0.0009398000939800093,0.007935354050481402
2025-01-01,2025-01-31,DOW,0.0008022000802200079,-0.02691258214383796
2025-01-01,2025-01-31,KHC,0.0007730000773000076,-0.028329458755714132
2025-01-01,2025-01-31,CASHUSD,0.0018926001892600188,0.00350008490855247
2025-02-01,2025-02-28,AAPL,0.09933660000000001,0.025872467661692822
2025-02-01,2025-02-28,MSFT,0.08593030000000002,-0.04161812821650157
2025-02-01,2025-02-28,NVDA,0.08201540000000002,0.040393090491961825
2025-02-01,2025-02-28,AMZN,0.06193760000000001,-0.10686635257151178
2025-02-01,2025-02-28,META,0.041836500000000006,-0.030441915744302994
2025-02-01,2025-02-28,GOOGL,0.03319500000000001,-0.16537614216361685
2025-02-01,2025-02-28,TSLA,0.031464200000000005,-0.2758773935575025
2025-02-01,2025-02-28,AVGO,0.028777600000000004,-0.09870307316925653
2025-02-01,2025-02-28,GOOG,0.0272475,-0.1623541135716734
2025-02-01,2025-02-28,BRKB,0.023920900000000005,0.09635778344729262
2025-02-01,2025-02-28,JPM,0.020955300000000003,-0.009913931007087817
2025-02-01,2025-02-28,LLY,0.017795400000000003,0.1370229995385579
2025-02-01,2025-02-28,V,0.016447100000000003,0.06296163099966234
2025-02-01,2025-02-28,UNH,0.013902200000000002,-0.12448159662921987
2025-02-01,2025-02-28,XOM,0.013074600000000002,0.0514442939626345
2025-02-01,2025-02-28,MA,0.012677600000000002,0.037592436651955996
2025-02-01,2025-02-28,COST,0.012089800000000001,0.07132385573481947
2025-02-01,2025-02-28,WMT,0.011864500000000002,0.004584315577881304
2025-02-01,2025-02-28,NFLX,0.011625900000000002,0.0038903849838498594
2025-02-01,2025-02-28,HD,0.011395200000000003,-0.03733199286459121
2025-02-01,2025-02-28,PG,0.010885400000000002,0.04729187447198191
2025-02-01,2025-02-28,JNJ,0.010200500000000001,0.09326932070358862
2025-02-01,2025-02-28,CRM,0.009096300000000002,-0.12832903486077063
2025-02-01,2025-02-28,ABBV,0.009049300000000001,0.13665044350401634
2025-02-01,2025-02-28,BAC,0.008606500000000001,-0.004319606574085033
2025-02-01,2025-02-28,ORCL,0.007611000000000001,-0.023521103061888038
2025-02-01,2025-02-28,WFC,0.007305900000000001,-0.0011844414364344802
2025-02-01,2025-02-28,MRK,0.006961000000000001,-0.06648460243466137
2025-02-01,2025-02-28,CVX,0.006943300000000001,0.07500086426502417
2025-02-01,2025-02-28,KO,0.0068533000000000005,0.1217705768977464
2025-02-01,2025-02-28,CSCO,0.0067263,0.0579209947780015
2025-02-01,2025-02-28,ACN,0.006699800000000001,-0.09468760239767826
2025-02-01,2025-02-28,IBM,0.006583500000000001,-0.006171963972420813
2025-02-01,2025-02-28,TMO,0.0063667,-0.11508157092749594
2025-02-01,2025-02-28,ABT,0.006182900000000001,0.0787929513425476
2025-02-01,2025-02-28,GE,0.0061305000000000005,0.016750897893936134
2025-02-01,2025-02-28,LIN,0.005915000000000001,0.046915579589849266
2025-02-01,2025-02-28,MCD,0.005763000000000002,0.06799436175675666
2025-02-01,2025-02-28,PEP,0.005750400000000001,0.018448673870044008
2025-02-01,2025-02-28,DIS,0.0057061,0.0065452417757716486
2025-02-01,2025-02-28,PM,0.005637100000000002,0.19262674153717474
2025-02-01,2025-02-28,GS,0.005597900000000001,-0.023460892032370007
2025-02-01,2025-02-28,ADBE,0.0053624000000000015,0.002537399292692699
2025-02-01,2025-02-28,QCOM,0.005350100000000001,-0.09113524201419809
2025-02-01,2025-02-28,AMD,0.0052396000000000005,-0.13876668185746377
2025-02-01,2025-02-28,CAT,0.005002200000000001,-0.07400913819371258
2025-02-01,2025-02-28,AXP,0.004919300000000001,-0.05194530144777387
2025-02-01,2025-02-28,MS,0.004781800000000001,-0.038430884172972024
2025-02-01,2025-02-28,RTX,0.004773600000000001,0.03654976947704758
2025-02-01,2025-02-28,T,0.0047350000000000005,0.15507811718476328
2025-02-01,2025-02-28,INTU,0.0046947000000000004,0.02049852877793157
2025-02-01,2025-02-28,TXN,0.0046906000000000005,0.06164354506687353
2025-02-01,2025-02-28,VZ,0.004617400000000001,0.09418632349938538
2025-02-01,2025-02-28,BKNG,0.004368400000000001,0.05877495062651139
2025-02-01,2025-02-28,BLK,0.004360100000000001,-0.0908600299146951
2025-02-01,2025-02-28,C,0.004288500000000001,-0.011376419450945474
2025-02-01,2025-02-28,AMGN,0.004272300000000001,0.08804155260209479
2025-02-01,2025-02-28,UNP,0.004190200000000001,0.0010342944254939646
2025-02-01,2025-02-28,PFE,0.004184900000000001,-0.0033937230825785702
2025-02-01,2025-02-28,LOW,0.004107900000000001,-0.04383933526702921
2025-02-01,2025-02-28,NEE,0.004097700000000001,-0.011344492324407263
2025-02-01,2025-02-28,HON,0.004054100000000001,-0.04331587954765814
2025-02-01,2025-02-28,DHR,0.003984400000000001,-0.06725334053999088
2025-02-01,2025-02-28,BA,0.0036746000000000005,-0.010706998322587813
2025-02-01,2025-02-28,CMCSA,0.0035778000000000003,0.0659535267070217
2025-02-01,2025-02-28,COP,0.0035599,0.011378907508437841
2025-02-01,2025-02-28,SCHW,0.0034376000000000007,-0.035371002221798786
2025-02-01,2025-02-28,SBUX,0.0033957,0.08133860879611143
2025-02-01,2025-02-28,DE,0.0033764000000000003,0.008876098290130807
2025-02-01,2025-02-28,GILD,0.0033673,0.17602882303752065
2025-02-01,2025-02-28,BMY,0.0033251,0.011365409572872354
2025-02-01,2025-02-28,MDT,0.0032416000000000003,0.013212843665765917
2025-02-01,2025-02-28,TMUS,0.003161900000000001,0.1614860947672263
2025-02-01,2025-02-28,LMT,0.0027198000000000005,-0.02717354619625767
2025-02-01,2025-02-28,SO,0.0025637000000000004,0.07864001454550307
2025-02-01,2025-02-28,NKE,0.002549600000000001,0.03289986625953234
2025-02-01,2025-02-28,PYPL,0.0024729000000000005,-0.19790013942716966
2025-02-01,2025-02-28,MO,0.0024650000000000006,0.06930876287731325
2025-02-01,2025-02-28,DUK,0.0024044,0.05882171736508579
2025-02-01,2025-02-28,AMT,0.0024042000000000004,0.11175989170052625
2025-02-01,2025-02-28,INTC,0.0023335000000000005,0.22130721407735177
2025-02-01,2025-02-28,UPS,0.0023273000000000005,0.056935049619468714
2025-02-01,2025-02-28,MMM,0.0023079000000000003,0.02421267524983839
2025-02-01,2025-02-28,COF,0.002158,-0.012581675428626315
2025-02-01,2025-02-28,MDLZ,0.0021551000000000005,0.10760493266734672
2025-02-01,2025-02-28,EMR,0.0020711,-0.06021833542887012
2025-02-01,2025-02-28,USB,0.0020706000000000006,-0.0184177056712862
2025-02-01,2025-02-28,CVS,0.0019733000000000003,0.1635978451701825
2025-02-01,2025-02-28,CL,0.0019697000000000004,0.05155699645196288
2025-02-01,2025-02-28,GD,0.0018515000000000003,-0.017044215313848587
2025-02-01,2025-02-28,TGT,0.0017718000000000002,-0.09143976159727096
2025-02-01,2025-02-28,BK,0.0017397000000000003,0.03514468186191033
2025-02-01,2025-02-28,FDX,0.0016569000000000002,-0.007437448665540081
2025-02-01,2025-02-28,GM,0.0015144000000000002,-0.00667199175623534
2025-02-01,2025-02-28,SPG,0.0014876000000000002,0.0703438762357882
2025-02-01,2025-02-28,MET,0.0014102000000000003,0.002576904196817331
2025-02-01,2025-02-28,AIG,0.0012795000000000003,0.12598443331841458
2025-02-01,2025-02-28,F,0.0010990000000000002,-0.021617835986289413
2025-02-01,2025-02-28,CHTR,0.0009273000000000002,0.05233152218846793
2025-02-01,2025-02-28,DOW,0.000764,-0.0059655716013465865
2025-02-01,2025-02-28,KHC,0.0007351000000000001,0.029155415908190818
2025-02-01,2025-02-28,CASHUSD,0.0025629000000000003,0.0032378638783809865
2025-03-01,2025-03-31,AAPL,0.10342191034219105,-0.08150008607171844
2025-03-01,2025-03-31,NVDA,0.08669130866913086,-0.13232504523032684
2025-03-01,2025-03-31,MSFT,0.08350140835014085,-0.05440932910567475
2025-03-01,2025-03-31,AMZN,0.05620300562030057,-0.1037309421475675
2025-03-01,2025-03-31,META,0.04121290412129042,-0.13667659175378466
2025-03-01,2025-03-31,GOOGL,0.02814800281480028,-0.0908027332924799
2025-03-01,2025-03-31,BRKB,0.02664370266437027,0.03649066690613667
2025-03-01,2025-03-31,AVGO,0.026351902635190265,-0.15791673114297533
2025-03-01,2025-03-31,GOOG,0.023188102318810234,-0.09181292159033227
2025-03-01,2025-03-31,TSLA,0.023147602314760235,-0.11543452131892018
2025-03-01,2025-03-31,JPM,0.02107800210780021,-0.07311545904513539
2025-03-01,2025-03-31,LLY,0.020518602051860207,-0.10288612218188642
2025-03-01,2025-03-31,V,0.017731401773140178,-0.033773548139720555
2025-03-01,2025-03-31,XOM,0.013843301384330141,0.06826554914314542
2025-03-01,2025-03-31,MA,0.013362201336220134,-0.04891456977159081
2025-03-01,2025-03-31,COST,0.013146001314600132,-0.09806319623904025
2025-03-01,2025-03-31,UNH,0.012367401236740124,0.10743693071428284
2025-03-01,2025-03-31,WMT,0.012109001210900123,-0.10728033796981595
2025-03-01,2025-03-31,NFLX,0.011853901185390118,-0.04898222868327429
2025-03-01,2025-03-31,PG,0.011583101158310115,-0.01967315387511115
2025-03-01,2025-03-31,JNJ,0.011240001124000115,0.004969204030728536
2025-03-01,2025-03-31,HD,0.011146301114630112,-0.07005620840062421
2025-03-01,2025-03-31,ABBV,0.010449701044970105,0.002344259747266264
2025-03-01,2025-03-31,BAC,0.008706400870640087,-0.08908134292750669
2025-03-01,2025-03-31,CRM,0.008054700805470081,-0.09900955205848028
2025-03-01,2025-03-31,KO,0.007810500781050079,0.013179707194370671
2025-03-01,2025-03-31,ORCL,0.007551300755130075,-0.1580755607247566
2025-03-01,2025-03-31,CVX,0.007500200750020076,0.05465878735224772
2025-03-01,2025-03-31,WFC,0.007377100737710075,-0.08337587444506367
2025-03-01,2025-03-31,CSCO,0.007229700722970073,-0.0374358116776099
2025-03-01,2025-03-31,PM,0.006830200683020068,0.031241133921866338
2025-03-01,2025-03-31,ABT,0.006776300677630068,-0.03883760128858704
2025-03-01,2025-03-31,IBM,0.006602300660230067,-0.014973960486586835
2025-03-01,2025-03-31,MRK,0.0066019006601900675,-0.018585941258290717
2025-03-01,2025-03-31,GE,0.0063331006333100645,-0.031199134670343298
2025-03-01,2025-03-31,LIN,0.006289700628970064,0.0003068726952888401
2025-03-01,2025-03-31,MCD,0.006252600625260063,0.018952256768912212
2025-03-01,2025-03-31,ACN,0.006163800616380062,-0.10461989035891428
2025-03-01,2025-03-31,PEP,0.00594940059494006,-0.014363229424253277
2025-03-01,2025-03-31,DIS,0.0058354005835400576,-0.1326889602273189
2025-03-01,2025-03-31,TMO,0.005724100572410057,-0.05849047387382722
2025-03-01,2025-03-31,T,0.005556700555670056,0.0317402033548404
2025-03-01,2025-03-31,GS,0.005527500552750055,-0.12212951525796911
2025-03-01,2025-03-31,ADBE,0.005463200546320056,-0.12547883775456425
2025-03-01,2025-03-31,VZ,0.005133100513310052,0.052436204516834284
2025-03-01,2025-03-31,TXN,0.005058500505850052,-0.08311657595589372
2025-03-01,2025-03-31,RTX,0.0050023005002300495,-0.003985286681485012
2025-03-01,2025-03-31,QCOM,0.00494020049402005,-0.017380678970340013
2025-03-01,2025-03-31,INTU,0.004867300486730048,0.0002442112789060591
2025-03-01,2025-03-31,AXP,0.004737200473720047,-0.10602734746378839
2025-03-01,2025-03-31,BKNG,0.004717800471780047,-0.07967729200949913
2025-03-01,2025-03-31,CAT,0.0047045004704500465,-0.04113971534152128
2025-03-01,2025-03-31,AMGN,0.004686000468600047,0.011328896551063838
2025-03-01,2025-03-31,MS,0.004671300467130047,-0.12350694145302832
2025-03-01,2025-03-31,AMD,0.004584600458460045,0.02884034884653741
2025-03-01,2025-03-31,C,0.004277700427770043,-0.11206985594365948
2025-03-01,2025-03-31,UNP,0.004237700423770042,-0.042360792636584654
2025-03-01,2025-03-31,PFE,0.004237400423740043,-0.04124095097621583
2025-03-01,2025-03-31,NEE,0.0040823004082300406,0.010260805819494179
2025-03-01,2025-03-31,BLK,0.004029500402950041,-0.026727343527810477
2025-03-01,2025-03-31,GILD,0.00402370040237004,-0.012891059156523221
2025-03-01,2025-03-31,LOW,0.00399100039910004,-0.06197720123709072
2025-03-01,2025-03-31,HON,0.003919300391930039,-0.00535488523443961
2025-03-01,2025-03-31,CMCSA,0.003874800387480039,0.02842811152868774
2025-03-01,2025-03-31,SCHW,0.0038327003832700386,-0.0157173431676777
2025-03-01,2025-03-31,DHR,0.003776500377650038,-0.011779385213040672
2025-03-01,2025-03-31,TMUS,0.003718700371870037,-0.011049821571955776
2025-03-01,2025-03-31,SBUX,0.003710700371070037,-0.15300919583183303
2025-03-01,2025-03-31,BA,0.0036936003693600374,-0.023363693048011003
2025-03-01,2025-03-31,COP,0.0036286003628600363,0.05920318185914408
2025-03-01,2025-03-31,DE,0.0034590003459000346,-0.020383531100638397
2025-03-01,2025-03-31,BMY,0.0034165003416500345,0.022978921235674354
2025-03-01,2025-03-31,MDT,0.0033369003336900334,-0.015729940837687972
2025-03-01,2025-03-31,INTC,0.0028955002895500286,-0.04298358522713841
2025-03-01,2025-03-31,SO,0.0027858002785800277,0.024056106966447555
2025-03-01,2025-03-31,AMT,0.002716400271640027,0.058262750361216975
2025-03-01,2025-03-31,LMT,0.002689900268990027,-0.0008052369198586762
2025-03-01,2025-03-31,MO,0.002678100267810027,0.09402085604020471
2025-03-01,2025-03-31,NKE,0.0026758002675800266,-0.19676064924802816
2025-03-01,2025-03-31,DUK,0.002562300256230026,0.03813088655250496
2025-03-01,2025-03-31,UPS,0.0024635002463500246,-0.07594722437924961
2025-03-01,2025-03-31,MDLZ,0.0024253002425300243,0.06374256277647605
2025-03-01,2025-03-31,MMM,0.002389000238900024,-0.05324906211939118
2025-03-01,2025-03-31,CVS,0.0023329002332900237,0.03088835923679767
2025-03-01,2025-03-31,COF,0.002158200215820022,-0.10595859790078876
2025-03-01,2025-03-31,CL,0.002104500210450021,0.027750418017638667
2025-03-01,2025-03-31,USB,0.0020651002065100207,-0.08900827688649582
2025-03-01,2025-03-31,PYPL,0.0020149002014900204,-0.0816326221153365
2025-03-01,2025-03-31,EMR,0.0019693001969300194,-0.09842937194345369
2025-03-01,2025-03-31,GD,0.0018486001848600185,0.07909717682491402
2025-03-01,2025-03-31,BK,0.0018293001829300184,-0.057110603804401694
2025-03-01,2025-03-31,FDX,0.0016704001670400166,-0.06766027316314271
2025-03-01,2025-03-31,TGT,0.0016213001621300162,-0.16001290094633946
2025-03-01,2025-03-31,SPG,0.0016175001617500164,-0.0964386927976506
2025-03-01,2025-03-31,GM,0.0015283001528300154,-0.0403039107962615
2025-03-01,2025-03-31,AIG,0.0014637001463700147,0.05329574654088387
2025-03-01,2025-03-31,MET,0.0014270001427000142,-0.06834531052354542
2025-03-01,2025-03-31,F,0.0010579001057900105,0.050261661766975996
2025-03-01,2025-03-31,CHTR,0.0009928000992800098,0.013642465976724472
2025-03-01,2025-03-31,KHC,0.0007686000768600077,0.0037178500687011784
2025-03-01,2025-03-31,DOW,0.0007574000757400076,-0.08370496001243677
2025-03-01,2025-03-31,CASHUSD,0.00306640030664003,0.0032699122073656106
2025-04-01,2025-04-30,AAPL,0.10059181054985687,-0.04335295122615168
2025-04-01,2025-04-30,MSFT,0.08412587870909426,0.05293153411849971
2025-04-01,2025-04-30,NVDA,0.08001354226267567,0.004982481656530036
2025-04-01,2025-04-30,AMZN,0.05409727831882941,-0.030694820280155133
2025-04-01,2025-04-30,META,0.03804911402319796,-0.04747019562794075
2025-04-01,2025-04-30,BRKB,0.029428084674525307,0.0012579948339352942
2025-04-01,2025-04-30,GOOGL,0.02719188236244933,0.02690133926616478
2025-04-01,2025-04-30,AVGO,0.023658449499382596,0.1495549814990862
2025-04-01,2025-04-30,GOOG,0.022264517221150217,0.029827763840507338
2025-04-01,2025-04-30,TSLA,0.021862431037193375,0.08874826236685496
2025-04-01,2025-04-30,JPM,0.02067647783761267,0.0033702417372099003
2025-04-01,2025-04-30,LLY,0.019617784915254302,0.08843604127354321
2025-04-01,2025-04-30,V,0.018207065538841726,-0.014152811116042052
2025-04-01,2025-04-30,XOM,0.015606472622554865,-0.11183055461973124
2025-04-01,2025-04-30,UNH,0.0145300879081024,-0.21443421561528864
2025-04-01,2025-04-30,MA,0.013456618318483621,0.0014764077115601015
2025-04-01,2025-04-30,COST,0.012656064726225548,0.05151294074789492
2025-04-01,2025-04-30,PG,0.012046502071346976,-0.04011644353389521
2025-04-01,2025-04-30,JNJ,0.012036550438294045,-0.057465226107700995
2025-04-01,2025-04-30,NFLX,0.012025191503597264,0.21360169721367117
2025-04-01,2025-04-30,WMT,0.01148056576742772,0.1077572064847141
2025-04-01,2025-04-30,ABBV,0.011150151445761187,-0.06021849988126249
2025-04-01,2025-04-30,HD,0.010974741348010015,-0.016371507368610483
2025-04-01,2025-04-30,CVX,0.008428430066557326,-0.18668174145771455
2025-04-01,2025-04-30,KO,0.008359371764462739,0.012985315177751033
2025-04-01,2025-04-30,BAC,0.008329617386849933,-0.04433254131952835
2025-04-01,2025-04-30,CRM,0.007741968428997008,0.00287747139612593
2025-04-01,2025-04-30,PM,0.00744000170484542,0.07956914541267679
2025-04-01,2025-04-30,CSCO,0.007409041068680743,-0.05824933557990841
2025-04-01,2025-04-30,WFC,0.007117729628404012,-0.010865003680636698
2025-04-01,2025-04-30,ABT,0.006935785630163541,-0.009757624821123967
2025-04-01,2025-04-30,IBM,0.0069311616390480375,-0.027507467342492764
2025-04-01,2025-04-30,MRK,0.006844914152589294,-0.050802173433768916
2025-04-01,2025-04-30,ORCL,0.006837173993548126,0.010124567683825303
2025-04-01,2025-04-30,MCD,0.006748212425347674,0.02330563994353163
2025-04-01,2025-04-30,LIN,0.00668377811436859,-0.026651486769875055
2025-04-01,2025-04-30,GE,0.006475799035716914,0.006944836693716372
2025-04-01,2025-04-30,PEP,0.006199264262700596,-0.09577169861388257
2025-04-01,2025-04-30,T,0.006119550676731152,-0.01011281146288412
2025-04-01,2025-04-30,ACN,0.005883727129840464,-0.03655489963898739
2025-04-01,2025-04-30,VZ,0.005756366331072135,-0.013058128509423339
2025-04-01,2025-04-30,TMO,0.005737669323518142,-0.13786180681741866
2025-04-01,2025-04-30,DIS,0.00537890792588265,-0.07852077883904407
2025-04-01,2025-04-30,ISRG,0.005325028377232433,0.04145213567287276
2025-04-01,2025-04-30,RTX,0.005319298649111047,-0.04778812381048725
2025-04-01,2025-04-30,INTU,0.005181081523375884,0.023739732730235996
2025-04-01,2025-04-30,GS,0.005138862474060415,0.0023063412184582965
2025-04-01,2025-04-30,QCOM,0.00512157276815027,-0.033526279571507556
2025-04-01,2025-04-30,AMGN,0.00504537743629045,-0.06621714842011217
2025-04-01,2025-04-30,ADBE,0.005033013286133777,-0.02229287883654929
2025-04-01,2025-04-30,AMD,0.0050189402696952864,-0.05246252191668754
2025-04-01,2025-04-30,NOW,0.004944152239479314,0.19955034735432098
2025-04-01,2025-04-30,TXN,0.004931386003138685,-0.10175044398061595
2025-04-01,2025-04-30,CAT,0.0047516534789099766,-0.05773485777658727
2025-04-01,2025-04-30,BKNG,0.004595543517988733,0.10687630020669481
2025-04-01,2025-04-30,AXP,0.004501455350942831,-0.006525138030439193
2025-04-01,2025-04-30,NEE,0.004394600947556301,-0.05656645154520179
2025-04-01,2025-04-30,MS,0.0043519798120568755,-0.0027763610335980182
2025-04-01,2025-04-30,PFE,0.004328960378025346,-0.0367009745811222
2025-04-01,2025-04-30,UNP,0.0043034279053440865,-0.08711488309475035
2025-04-01,2025-04-30,GILD,0.004209641302936154,-0.049174484609596725
2025-04-01,2025-04-30,CMCSA,0.004195367243405686,-0.06476585150599967
2025-04-01,2025-04-30,BLK,0.004153952366458131,-0.034041822888509876
2025-04-01,2025-04-30,HON,0.004150735676986477,-0.005903153604491895
2025-04-01,2025-04-30,COP,0.004039257282484442,-0.1513996680980858
2025-04-01,2025-04-30,SCHW,0.004021364447298364,0.03985704058768014
2025-04-01,2025-04-30,C,0.004017042020820827,-0.036765810491685036
2025-04-01,2025-04-30,LOW,0.003969997937297877,-0.036402899736859395
2025-04-01,2025-04-30,DHR,0.003955120748491473,-0.02765868643723235
2025-04-01,2025-04-30,BA,0.0038564085903300682,0.07440634543732694
2025-04-01,2025-04-30,TMUS,0.003855604417962155,-0.07408790494394812
2025-04-01,2025-04-30,BMY,0.003731058222481523,-0.16799264206298392
2025-04-01,2025-04-30,DE,0.00358379415760733,-0.012336252653368351
2025-04-01,2025-04-30,MDT,0.0034735220216571662,-0.05675503005915816
2025-04-01,2025-04-30,SBUX,0.003358826937683477,-0.1839127550382178
2025-04-01,2025-04-30,MO,0.003066510281946853,-0.014495180229672222
2025-04-01,2025-04-30,AMT,0.003065304023394982,0.04441465001678524
2025-04-01,2025-04-30,SO,0.0030371579905180035,-0.0006524511069937455
2025-04-01,2025-04-30,INTC,0.002964380391221815,-0.11492729230391929
2025-04-01,2025-04-30,DUK,0.0028533040829037378,0.00040985531532489183
2025-04-01,2025-04-30,LMT,0.0028211371881871903,0.0694858260375868
2025-04-01,2025-04-30,MDLZ,0.002645727090436018,0.004126705677709008
2025-04-01,2025-04-30,CVS,0.0025750604436056033,-0.005199317591777275
2025-04-01,2025-04-30,UPS,0.002425082296989701,-0.13355753779494184
2025-04-01,2025-04-30,MMM,0.002403470164602021,-0.05413313864799629
2025-04-01,2025-04-30,CL,0.0022922933347379543,-0.01061227114472818
2025-04-01,2025-04-30,NKE,0.0022604280046593745,-0.11153122558583128
2025-04-01,2025-04-30,GD,0.0020851184284541914,0.003852311805551123
2025-04-01,2025-04-30,COF,0.002060490649686835,0.005354033435961858
2025-04-01,2025-04-30,USB,0.001985501576378884,-0.0445287892382088
2025-04-01,2025-04-30,PYPL,0.001945795565713146,0.009042204897360628
2025-04-01,2025-04-30,EMR,0.0018637699841859503,-0.04131696393056594
2025-04-01,2025-04-30,BK,0.0018145144266512373,-0.035314957468952524
2025-04-01,2025-04-30,FDX,0.0016283485234792193,-0.1372138399482704
2025-04-01,2025-04-30,AIG,0.001555068316453085,-0.06234196806203551
2025-04-01,2025-04-30,SPG,0.0015354666149851892,-0.052384312710636705
2025-04-01,2025-04-30,TGT,0.0014415794910312666,-0.07339968619254933
2025-04-01,2025-04-30,GM,0.001410719376412579,-0.03806069201735973
2025-04-01,2025-04-30,MET,0.0014012703510895932,-0.061277868736482555
2025-04-01,2025-04-30,CHTR,0.0010723638526128967,0.06330552912800291
2025-04-01,2025-04-30,CASHUSD,0.001826375969077964,0.0034025791406648853
2025-05-01,2025-05-30,AAPL,0.0968996988166025,-0.05358413836972298
2025-05-01,2025-05-30,MSFT,0.08919432786378588,0.16683987360065133
2025-05-01,2025-05-30,NVDA,0.08097116887727235,0.2406355273027898
2025-05-01,2025-05-30,AMZN,0.05280128363078611,0.1116473080052216
2025-05-01,2025-05-30,META,0.03649499004819458,0.17939889528861785
2025-05-01,2025-05-30,BRKB,0.0296700602266058,-0.054927348419919086
2025-05-01,2025-05-30,GOOGL,0.028117502021287336,0.08148604457419784
2025-05-01,2025-05-30,AVGO,0.02738574866004717,0.25770250453069665
2025-05-01,2025-05-30,TSLA,0.023968045426732892,0.2278848417863253
2025-05-01,2025-05-30,GOOG,0.023088007243391204,0.07433647195051352
2025-05-01,2025-05-30,LLY,0.021501299204721904,-0.1777274105388651
2025-05-01,2025-05-30,JPM,0.020762594992445732,0.07922503863767472
2025-05-01,2025-05-30,V,0.01807402595911167,0.058745250132067106
2025-05-01,2025-05-30,NFLX,0.01469561014469657,0.06672147437453146
2025-05-01,2025-05-30,XOM,0.01395751035424962,-0.022605135108057284
2025-05-01,2025-05-30,MA,0.013548518249811974,0.06849607250707912
2025-05-01,2025-05-30,COST,0.013400434901653517,0.04729539364995916
2025-05-01,2025-05-30,WMT,0.012806086769588958,0.017570017034910457
2025-05-01,2025-05-30,PG,0.011571454446439259,0.045026723902191756
2025-05-01,2025-05-30,UNH,0.01149358476744165,-0.2662113106471409
2025-05-01,2025-05-30,JNJ,0.011423774046166948,0.0014754881367060602
2025-05-01,2025-05-30,HD,0.01087012365060308,0.021637376682649645
2025-05-01,2025-05-30,ABBV,0.010454885853930184,-0.04607899216574518
2025-05-01,2025-05-30,KO,0.008526780218724142,-0.006202613629544551
2025-05-01,2025-05-30,PM,0.008087869233740197,0.0538631045349689
2025-05-01,2025-05-30,BAC,0.00801574156212016,0.10656966872198725
2025-05-01,2025-05-30,CRM,0.007805906450409909,-0.012429671990369595
2025-05-01,2025-05-30,WFC,0.007089263634900203,0.05886857951875757
2025-05-01,2025-05-30,CSCO,0.006979460335925564,0.09197986219903576
2025-05-01,2025-05-30,MCD,0.006953470197269182,-0.01814467314432211
2025-05-01,2025-05-30,ORCL,0.0069294947980435275,0.17630765230703416
2025-05-01,2025-05-30,CVX,0.006902698763614853,0.016941382952176065
2025-05-01,2025-05-30,ABT,0.006883961686909089,0.021644363836428093
2025-05-01,2025-05-30,IBM,0.006787354931205715,0.07842163666749302
2025-05-01,2025-05-30,GE,0.006566035804740319,0.22015479142613792
2025-05-01,2025-05-30,LIN,0.006550824522038329,0.03166147690030274
2025-05-01,2025-05-30,MRK,0.006542261879457736,-0.09812201109548657
2025-05-01,2025-05-30,T,0.006035756386572891,0.003609943823599915
2025-05-01,2025-05-30,NOW,0.00597229209450498,0.058721916432721066
2025-05-01,2025-05-30,ACN,0.005679953403106446,0.05906752090755085
2025-05-01,2025-05-30,PEP,0.0056443932521541085,-0.030461687135758364
2025-05-01,2025-05-30,VZ,0.005630290076139018,-0.0022696855949450034
2025-05-01,2025-05-30,ISRG,0.00558445475408997,0.07084148880818963
2025-05-01,2025-05-30,INTU,0.005331907166448303,0.20080629613510936
2025-05-01,2025-05-30,GS,0.005186644453492864,0.10207838190037433
2025-05-01,2025-05-30,BKNG,0.005120359526221935,0.08229597722821924
2025-05-01,2025-05-30,RTX,0.005100413605857734,0.08757429635032987
2025-05-01,2025-05-30,DIS,0.00499101325476924,0.2428806870284168
2025-05-01,2025-05-30,QCOM,0.004984263877676304,-0.021958997202627062
2025-05-01,2025-05-30,TMO,0.004980939557615604,-0.06102562995697225
2025-05-01,2025-05-30,ADBE,0.004955150892902295,0.10696566263908114
2025-05-01,2025-05-30,AMD,0.0047887334159242186,0.13744227110973561
2025-05-01,2025-05-30,AMGN,0.004744006200562072,-0.0006642961012119919
2025-05-01,2025-05-30,AXP,0.004488235029831239,0.10374994530722059
2025-05-01,2025-05-30,CAT,0.00448682471222973,0.12532758461443017
2025-05-01,2025-05-30,TXN,0.004422655261361065,0.14245563082747092
2025-05-01,2025-05-30,MS,0.004335316307039036,0.10925318524384564
2025-05-01,2025-05-30,SCHW,0.004210704673248551,0.0887421239259445
2025-05-01,2025-05-30,PFE,0.004199019184550333,-0.01933127591737116
2025-05-01,2025-05-30,NEE,0.004174842311381605,0.056220057619059904
2025-05-01,2025-05-30,BA,0.004172021676178588,0.13141236143410295
2025-05-01,2025-05-30,HON,0.004154997127988941,0.08231893426959469
2025-05-01,2025-05-30,BLK,0.0040403584543805575,0.07178473732920221
2025-05-01,2025-05-30,GILD,0.0040304862311699935,0.033226949121312854
2025-05-01,2025-05-30,UNP,0.003955840135261546,0.03404892480010702
2025-05-01,2025-05-30,CMCSA,0.0039154446096754635,0.010818698121233261
2025-05-01,2025-05-30,C,0.0038963045850835543,0.11029966460355856
2025-05-01,2025-05-30,DHR,0.0038725306598009716,-0.04730834287493679
2025-05-01,2025-05-30,LOW,0.0038318329233002803,0.009706649978428628
2025-05-01,2025-05-30,TMUS,0.0035947988292752116,-0.015614634586791909
2025-05-01,2025-05-30,DE,0.0035642755268996927,0.09211327280593751
2025-05-01,2025-05-30,COP,0.0034515508557504994,-0.0341519927221291
2025-05-01,2025-05-30,MDT,0.003299135817815978,-0.021000244626255826
2025-05-01,2025-05-30,AMT,0.0031974922135357855,-0.047735284622163365
2025-05-01,2025-05-30,BMY,0.0030923228152518194,-0.0382470371280238
2025-05-01,2025-05-30,SO,0.0030562589794418003,-0.012329182853136
2025-05-01,2025-05-30,MO,0.0030430624361705363,0.024682932509356936
2025-05-01,2025-05-30,LMT,0.003038126324565255,0.009691216647967238
2025-05-01,2025-05-30,DUK,0.0028743280088471233,-0.026465257705064915
2025-05-01,2025-05-30,SBUX,0.0027601930200964217,0.0561022842486576
2025-05-01,2025-05-30,MDLZ,0.002675171016119729,-0.00939362241296715
2025-05-01,2025-05-30,INTC,0.002641927815512728,-0.02736324049606631
2025-05-01,2025-05-30,CVS,0.00255317854358919,-0.04002397070878971
2025-05-01,2025-05-30,MMM,0.002289146941192375,0.07318826833175773
2025-05-01,2025-05-30,CL,0.0022710142863158296,0.008135405402080353
2025-05-01,2025-05-30,UPS,0.0021157786131782894,0.04034393806422254
2025-05-01,2025-05-30,GD,0.002096034166757162,0.023408797911715684
2025-05-01,2025-05-30,COF,0.0020859604696035253,0.05266727117293546
2025-05-01,2025-05-30,NKE,0.0020222947035925423,0.0742907769790162
2025-05-01,2025-05-30,PYPL,0.001977063803372714,0.0674360965837335
2025-05-01,2025-05-30,USB,0.0019102751912441034,0.08056519735044398
2025-05-01,2025-05-30,EMR,0.0017992630486110283,0.14077133643201156
2025-05-01,2025-05-30,BK,0.0017517151980458638,0.10197724488361737
2025-05-01,2025-05-30,AIG,0.0014682413601425305,0.03827300479552842
2025-05-01,2025-05-30,SPG,0.0014651185140249037,0.036154527264841585
2025-05-01,2025-05-30,FDX,0.0014147500282567205,0.03694189542556714
2025-05-01,2025-05-30,GM,0.001366396281919265,0.09659586310039558
2025-05-01,2025-05-30,TGT,0.0013450400439535552,-0.016704049516777175
2025-05-01,2025-05-30,MET,0.0013244897017601369,0.05029648168208212
2025-05-01,2025-05-30,CHTR,0.0011480992645999603,0.011254029058753945
2025-05-01,2025-05-30,CASHUSD,0.0026176502053724634,0.003631890233266155
2025-05-31,2025-06-30,MSFT,0.09695038973484124,0.08048057346689252
2025-05-31,2025-06-30,NVDA,0.09374948042911894,0.16925156332564284
2025-05-31,2025-06-30,AAPL,0.08547312565276996,0.021508528939144567
2025-05-31,2025-06-30,AMZN,0.05477770931338046,0.07014294555445688
2025-05-31,2025-06-30,META,0.040167250181503425,0.14080205449884908
2025-05-31,2025-06-30,AVGO,0.03214432003853264,0.14140037846415243
2025-05-31,2025-06-30,GOOGL,0.028378419910006544,0.027386432925809334
2025-05-31,2025-06-30,TSLA,0.02746508357722725,-0.08312644606383923
2025-05-31,2025-06-30,BRKB,0.026169242310728827,-0.03609413991155619
2025-05-31,2025-06-30,GOOG,0.023148602058332003,0.02749918454753031
2025-05-31,2025-06-30,JPM,0.02091110942049394,0.09814391751226359
2025-05-31,2025-06-30,V,0.01782859929736383,-0.027766320650665643
2025-05-31,2025-06-30,LLY,0.01646695831492268,0.05674635026871311
2025-05-31,2025-06-30,NFLX,0.014631720602112744,0.10925834231001486
2025-05-31,2025-06-30,MA,0.013509296351138723,-0.04040299303951611
2025-05-31,2025-06-30,COST,0.013079935570691616,-0.048299359788969265
2025-05-31,2025-06-30,XOM,0.012615206183359524,0.05376340196851692
2025-05-31,2025-06-30,WMT,0.0121319359878598,-0.009521948868707941
2025-05-31,2025-06-30,PG,0.0112851047278557,-0.06221676696159628
2025-05-31,2025-06-30,JNJ,0.010586297637407288,-0.01584943959441687
2025-05-31,2025-06-30,HD,0.0103640094699193,0.001706586449628178
2025-05-31,2025-06-30,ABBV,0.009307284169626227,-0.00263298027698744
2025-05-31,2025-06-30,BAC,0.00827776549001391,0.07860532386995511
2025-05-31,2025-06-30,PM,0.00795471206074533,0.01612071807369575
2025-05-31,2025-06-30,KO,0.007908259275064477,-0.01174732146692703
2025-05-31,2025-06-30,UNH,0.007870472301896754,0.04065639165835333
2025-05-31,2025-06-30,ORCL,0.007606971142340505,0.32078773105364533
2025-05-31,2025-06-30,GE,0.007476379363072856,0.046683931020350844
2025-05-31,2025-06-30,CRM,0.0071940350995636365,0.029213572939612575
2025-05-31,2025-06-30,CSCO,0.007112717533306698,0.10057113708651988
2025-05-31,2025-06-30,WFC,0.006967212495295521,0.07140964766028723
2025-05-31,2025-06-30,IBM,0.0067857342588286745,0.13788305042276505
2025-05-31,2025-06-30,ABT,0.006563647621864247,0.018191304299173705
2025-05-31,2025-06-30,CVX,0.006472152764167469,0.04747625088444263
2025-05-31,2025-06-30,MCD,0.006371891328695779,-0.06379784034238811
2025-05-31,2025-06-30,LIN,0.006307804622203324,0.006622122811194453
2025-05-31,2025-06-30,INTU,0.005976387676206953,0.04533697448350238
2025-05-31,2025-06-30,NOW,0.005902526739321779,0.016803622606018864
2025-05-31,2025-06-30,DIS,0.00578886352403327,0.10172362896004539
2025-05-31,2025-06-30,T,0.005653132716414811,0.041007294593333965
2025-05-31,2025-06-30,ACN,0.005615244977985308,-0.05659369770529832
2025-05-31,2025-06-30,ISRG,0.00558148861528881,-0.01616767439755773
2025-05-31,2025-06-30,MRK,0.005506418495262268,0.04050732795648271
2025-05-31,2025-06-30,GS,0.0053090193474340875,0.17869920707334508
2025-05-31,2025-06-30,VZ,0.0052425142746588965,-0.015695993505936534
2025-05-31,2025-06-30,BKNG,0.005161700534710861,0.05078950872537735
2025-05-31,2025-06-30,RTX,0.0051501125296060934,0.06990053088133763
2025-05-31,2025-06-30,ADBE,0.005109101068061392,-0.06796114506241846
2025-05-31,2025-06-30,PEP,0.0051069849975639995,0.015510303225799715
2025-05-31,2025-06-30,AMD,0.005083002865260218,0.28149543569574
2025-05-31,2025-06-30,TXN,0.004715209659761055,0.13546612840626482
2025-05-31,2025-06-30,CAT,0.004713093589263662,0.11544976597978485
2025-05-31,2025-06-30,AXP,0.004623009445231812,0.084781477679307
2025-05-31,2025-06-30,QCOM,0.0045503576914880045,0.10342070827873884
2025-05-31,2025-06-30,MS,0.004487983994445819,0.10021095282495285
2025-05-31,2025-06-30,BA,0.004405658775571074,0.010659807915316177
2025-05-31,2025-06-30,AMGN,0.0043865133758327615,-0.031126391133223907
2025-05-31,2025-06-30,TMO,0.004365251905597057,0.007597021869999887
2025-05-31,2025-06-30,SCHW,0.004265192000648928,0.032827578293318505
2025-05-31,2025-06-30,HON,0.004176417805020226,0.027396746394609872
2025-05-31,2025-06-30,NEE,0.004115051760595846,-0.009319033759273343
2025-05-31,2025-06-30,BLK,0.004041694650019573,0.07645433467839258
2025-05-31,2025-06-30,C,0.004006124512611024,0.1301115472690384
2025-05-31,2025-06-30,GILD,0.003886616912139241,0.01432800379519028
2025-05-31,2025-06-30,UNP,0.003794416697609999,0.0379860690313647
2025-05-31,2025-06-30,PFE,0.0037710391568769016,0.03192853445808974
2025-05-31,2025-06-30,CMCSA,0.003693651435829406,0.032398029083692714
2025-05-31,2025-06-30,DE,0.0036331922787610506,0.007584525352643867
2025-05-31,2025-06-30,LOW,0.003610721625383978,-0.017100133346438673
2025-05-31,2025-06-30,DHR,0.0034432497603046337,0.04188659455513033
2025-05-31,2025-06-30,COF,0.00341201252915265,0.12482156992273419
2025-05-31,2025-06-30,TMUS,0.003290691153968816,-0.01626753743184528
2025-05-31,2025-06-30,COP,0.003085029254674626,0.05143536803430049
2025-05-31,2025-06-30,MDT,0.003014695101951773,0.05922034294164291
2025-05-31,2025-06-30,MO,0.002910705351794201,-0.015884691479172597
2025-05-31,2025-06-30,LMT,0.002862841852448419,-0.03327203186245997
2025-05-31,2025-06-30,AMT,0.0028424872695687396,0.03778020681583061
2025-05-31,2025-06-30,SO,0.0027943214744376166,0.020333386617017668
2025-05-31,2025-06-30,BMY,0.002775881431531768,-0.04121793937431051
2025-05-31,2025-06-30,SBUX,0.0027019197293848126,0.09148308445538822
2025-05-31,2025-06-30,DUK,0.0025884580446198656,0.002378457373865217
2025-05-31,2025-06-30,MDLZ,0.00247358564618999,0.006236567655562908
2025-05-31,2025-06-30,INTC,0.0023985155261634482,0.1457800763524859
2025-05-31,2025-06-30,CVS,0.0022878752687283573,0.0771392451740196
2025-05-31,2025-06-30,MMM,0.002281426291974399,0.026221685372467052
2025-05-31,2025-06-30,CL,0.0021369289065810296,-0.021949705786950213
2025-05-31,2025-06-30,NKE,0.0020278001280726477,0.18026246602941254
2025-05-31,2025-06-30,UPS,0.0020214519165804704,0.03485754235642413
2025-05-31,2025-06-30,GD,0.0020023065168421578,0.04729065655632869
2025-05-31,2025-06-30,PYPL,0.001969759337287026,0.05748431971585011
2025-05-31,2025-06-30,USB,0.001926732570506713,0.049550141696813155
2025-05-31,2025-06-30,EMR,0.0019075871707684006,0.1168537603624622
2025-05-31,2025-06-30,BK,0.0018017836458987782,0.028213518394234027
2025-05-31,2025-06-30,AIG,0.0014230070268655304,0.016555447789041278
2025-05-31,2025-06-30,SPG,0.0014166588153733527,-0.0012266569476878653
2025-05-31,2025-06-30,GM,0.0013987225987764074,-0.004903882089488443
2025-05-31,2025-06-30,FDX,0.0013693999075982549,0.04895701522980844
2025-05-31,2025-06-30,MET,0.001288989228697342,0.02341555947626106
2025-05-31,2025-06-30,TGT,0.0012205696159483194,0.04935655309691667
2025-05-31,2025-06-30,CHTR,0.0010834280946649328,0.031645112909343354
2025-05-31,2025-06-30,CASHUSD,0.0024026469018964525,0.003346940170246393
2025-07-01,2025-07-31,NVDA,0.10378488093480424,0.12583067293949357
2025-07-01,2025-07-31,MSFT,0.09958301860266132,0.07255584610783483
2025-07-01,2025-07-31,AAPL,0.08254306750160369,0.01169777571499142
2025-07-01,2025-07-31,AMZN,0.05583600109045044,0.06709513314943583
2025-07-01,2025-07-31,META,0.043165611909492606,0.047893857332087064
2025-07-01,2025-07-31,AVGO,0.03491134547173319,0.06548168030550028
2025-07-01,2025-07-31,GOOGL,0.027627297743866085,0.08891790991316406
2025-07-01,2025-07-31,BRKB,0.023993941046137036,-0.028593746927557562
2025-07-01,2025-07-31,TSLA,0.023977312180744677,-0.02955995259140498
2025-07-01,2025-07-31,GOOG,0.022432540976295802,0.08720897131275107
2025-07-01,2025-07-31,JPM,0.02170218105206296,0.026757077071267732
2025-07-01,2025-07-31,LLY,0.016517099260720956,-0.05062029519227362
2025-07-01,2025-07-31,V,0.016363408232094614,-0.026982175155343846
2025-07-01,2025-07-31,NFLX,0.015350659939198819,-0.1342139500795454
2025-07-01,2025-07-31,XOM,0.01251518643729582,0.035621425977313104
2025-07-01,2025-07-31,MA,0.012277746395693423,0.009425243377380932
2025-07-01,2025-07-31,COST,0.011830681869144936,-0.05081109474865653
2025-07-01,2025-07-31,WMT,0.011379384540496576,0.0020454045667352982
2025-07-01,2025-07-31,PG,0.010061471372400415,-0.049089709717037744
2025-07-01,2025-07-31,JNJ,0.009899717863583842,0.07849418569171895
2025-07-01,2025-07-31,HD,0.009815868069605405,0.002372828841102681
2025-07-01,2025-07-31,ORCL,0.009578125684995874,0.16319461749490394
2025-07-01,2025-07-31,ABBV,0.00883174158138494,0.02711232478020298
2025-07-01,2025-07-31,BAC,0.00835232635307314,-0.001056654924408984
2025-07-01,2025-07-31,PM,0.007636075769173207,-0.09926971677739993
2025-07-01,2025-07-31,UNH,0.007623075019866453,-0.20005131582555347
2025-07-01,2025-07-31,CSCO,0.007434715326422107,-0.012836519045085204
2025-07-01,2025-07-31,GE,0.007393395115447157,0.05472558777079173
2025-07-01,2025-07-31,KO,0.007382006862178451,-0.040424052123609444
2025-07-01,2025-07-31,IBM,0.00737958811812138,-0.1412238906249602
2025-07-01,2025-07-31,CRM,0.0070475147152861085,-0.05266061374331421
2025-07-01,2025-07-31,WFC,0.007023024931708272,0.006365213116256818
2025-07-01,2025-07-31,ABT,0.006373995276394418,-0.06803585027225767
2025-07-01,2025-07-31,CVX,0.006264547107811988,0.05901264002232964
2025-07-01,2025-07-31,AMD,0.0061973261792259106,0.24249475082579197
2025-07-01,2025-07-31,DIS,0.006005136807691202,-0.03951296636408386
2025-07-01,2025-07-31,LIN,0.005949001789366696,-0.01901180812936787
2025-07-01,2025-07-31,INTU,0.005931163551945803,-0.0018251026376100432
2025-07-01,2025-07-31,GS,0.005849732502024437,0.022381021754996455
2025-07-01,2025-07-31,NOW,0.005732221853251774,-0.082639505760561
2025-07-01,2025-07-31,MCD,0.005626704143762084,0.027039061486142213
2025-07-01,2025-07-31,T,0.0056091682493483236,-0.04340414520709013
2025-07-01,2025-07-31,MRK,0.005354192313332167,-0.013138042574485032
2025-07-01,2025-07-31,RTX,0.005254519901980396,0.07909881324230739
2025-07-01,2025-07-31,ISRG,0.005246255859785407,-0.11468316719697991
2025-07-01,2025-07-31,TXN,0.005078455490826156,-0.12162268143680655
2025-07-01,2025-07-31,BKNG,0.005073819564716772,-0.04926026735672007
2025-07-01,2025-07-31,ACN,0.005040057928920166,-0.10189085761237837
2025-07-01,2025-07-31,CAT,0.004918112916042873,0.13244006634741035
2025-07-01,2025-07-31,VZ,0.004913779332940623,0.004191829705530115
2025-07-01,2025-07-31,PEP,0.00487649036206079,0.044531812251680014
2025-07-01,2025-07-31,AXP,0.0047568633122381885,-0.05929623717760135
2025-07-01,2025-07-31,QCOM,0.004706775154056359,-0.07848799499267156
2025-07-01,2025-07-31,MS,0.0046810759984499874,0.018385065274082013
2025-07-01,2025-07-31,ADBE,0.004441519555797653,-0.07544975721929081
2025-07-01,2025-07-31,C,0.0042838980680785736,0.10079878887386018
2025-07-01,2025-07-31,BA,0.0042554778254079995,0.058750525606408255
2025-07-01,2025-07-31,SCHW,0.0041975287490406896,0.07113110379629184
2025-07-01,2025-07-31,TMO,0.0041229508072810235,0.15345524685913947
2025-07-01,2025-07-31,BLK,0.00411579535611219,0.05409588967876422
2025-07-01,2025-07-31,AMGN,0.004043938501416728,0.05691061670262254
2025-07-01,2025-07-31,HON,0.004031542438124243,-0.04521641754572203
2025-07-01,2025-07-31,NEE,0.003849431166827328,0.02362433742468717
2025-07-01,2025-07-31,GILD,0.0037131752516123694,0.012807741186416921
2025-07-01,2025-07-31,PFE,0.00371216744158859,-0.022612339603997
2025-07-01,2025-07-31,UNP,0.003702895589369821,-0.03524858207638193
2025-07-01,2025-07-31,COF,0.003665606618489987,0.010528323592742472
2025-07-01,2025-07-31,CMCSA,0.003580345890478261,-0.06039202250604503
2025-07-01,2025-07-31,DE,0.0034518501124464027,0.031229820401803332
2025-07-01,2025-07-31,DHR,0.0033882572999459305,-0.001923615266075429
2025-07-01,2025-07-31,LOW,0.0033450222499257993,0.013021403109568785
2025-07-01,2025-07-31,TMUS,0.0030707971424554586,0.0006294609381871652
2025-07-01,2025-07-31,COP,0.003051547971001274,0.06240249815525467
2025-07-01,2025-07-31,MDT,0.0030039793378788923,0.035218566187468214
2025-07-01,2025-07-31,SBUX,0.0027974790640065183,-0.02695606954249241
2025-07-01,2025-07-31,AMT,0.0027869978397592134,-0.05714419495260159
2025-07-01,2025-07-31,SO,0.0027185675391446004,0.02885777027911085
2025-07-01,2025-07-31,MO,0.0026602153387677804,0.056455663873635986
2025-07-01,2025-07-31,INTC,0.002631895877099583,-0.11607144757801202
2025-07-01,2025-07-31,LMT,0.0026072045315169903,-0.09103082307213772
2025-07-01,2025-07-31,BMY,0.0025374640778714646,-0.05203710116275995
2025-07-01,2025-07-31,DUK,0.00247104939730441,0.030847448485818996
2025-07-01,2025-07-31,MDLZ,0.002344670020322489,-0.040777075461294277
2025-07-01,2025-07-31,CVS,0.0023347934820894516,-0.08992081244346406
2025-07-01,2025-07-31,NKE,0.002255176490210889,0.05137958300570711
2025-07-01,2025-07-31,MMM,0.0022070031710742393,-0.019837155318131128
2025-07-01,2025-07-31,EMR,0.002020860659682207,0.09135229902022024
2025-07-01,2025-07-31,UPS,0.0019949599420710793,-0.14642364174353084
2025-07-01,2025-07-31,CL,0.0019824630977762162,-0.07202645616927683
2025-07-01,2025-07-31,GD,0.001979036543695367,0.07388200659248434
2025-07-01,2025-07-31,PYPL,0.001946887403936808,-0.07481161788020274
2025-07-01,2025-07-31,USB,0.0018972023697644896,-0.006408897462594987
2025-07-01,2025-07-31,BK,0.0017573183384639258,0.11942394377335774
2025-07-01,2025-07-31,FDX,0.001353891985945081,-0.016805101200979444
2025-07-01,2025-07-31,AIG,0.0013287975163529771,-0.09300158950242077
2025-07-01,2025-07-31,SPG,0.0013246654952554823,0.01884791464263791
2025-07-01,2025-07-31,GM,0.001274476556071274,0.08392600792621341
2025-07-01,2025-07-31,MET,0.0012215665298228621,-0.05558327504423233
2025-07-01,2025-07-31,TGT,0.0012149149836659188,0.018753112367641878
2025-07-01,2025-07-31,CHTR,0.001060115364013422,-0.3411120399203158
2025-07-01,2025-07-31,CASHUSD,0.0015731914471194517,0.003565963143704165
2025-08-01,2025-08-29,NVDA,0.11369522416764624,-0.020745559183131368
2025-08-01,2025-08-29,MSFT,0.10392966773642794,-0.04869171187459198
2025-08-01,2025-08-29,AAPL,0.0812580731464903,0.11963883684740928
2025-08-01,2025-08-29,AMZN,0.05797654111599788,-0.021827348669553603
2025-08-01,2025-08-29,META,0.0440140582206775,-0.044916157877618934
2025-08-01,2025-08-29,AVGO,0.03619493463399516,0.012563901519778264
2025-08-01,2025-08-29,GOOGL,0.029273062717225896,0.10948414439743348
2025-08-01,2025-08-29,GOOG,0.0237315702247225,0.10717620162936914
2025-08-01,2025-08-29,BRKB,0.022679766097163056,0.06590659867276871
2025-08-01,2025-08-29,TSLA,0.022641531513972468,0.08304410748975077
2025-08-01,2025-08-29,JPM,0.02157832762941952,0.017485898915339693
2025-08-01,2025-08-29,V,0.015492875050996257,0.020056814478806473
2025-08-01,2025-08-29,LLY,0.01525842341159014,-0.007946505583201535
2025-08-01,2025-08-29,NFLX,0.012932166805279642,0.04213381407598904
2025-08-01,2025-08-29,XOM,0.012611662132993398,0.033263248187026306
2025-08-01,2025-08-29,MA,0.012043288408202497,0.050876564071458574
2025-08-01,2025-08-29,WMT,0.011095393570052818,-0.007894345079189957
2025-08-01,2025-08-29,COST,0.010926616636865887,0.005307179111530447
2025-08-01,2025-08-29,ORCL,0.010817965855609265,-0.10891754180797497
2025-08-01,2025-08-29,JNJ,0.010389012167676907,0.08334604708134274
2025-08-01,2025-08-29,HD,0.009573879101239122,0.10682698817578995
2025-08-01,2025-08-29,PG,0.009246413515390479,0.043663089425233226
2025-08-01,2025-08-29,ABBV,0.008751078941602172,0.11310974125729234
2025-08-01,2025-08-29,BAC,0.008118644635476124,0.07340816681605333
2025-08-01,2025-08-29,CVX,0.007612818249941588,0.07087708549433835
2025-08-01,2025-08-29,GE,0.007576903971271804,0.015198526729472306
2025-08-01,2025-08-29,AMD,0.007492565946080965,-0.07759056698548772
2025-08-01,2025-08-29,CSCO,0.007098820357181624,0.014835333394719319
2025-08-01,2025-08-29,KO,0.006892716786051378,0.01620275299691243
2025-08-01,2025-08-29,WFC,0.006877180834042539,0.025211334613621794
2025-08-01,2025-08-29,PM,0.006692666183236264,0.018774757585953816
2025-08-01,2025-08-29,CRM,0.00649634824421548,-0.00805154974224176
2025-08-01,2025-08-29,IBM,0.006166562353846035,-0.031655981538868616
2025-08-01,2025-08-29,UNH,0.005933724839323956,0.2416653676379048
2025-08-01,2025-08-29,GS,0.005819626386583716,0.035447412505046794
2025-08-01,2025-08-29,ABT,0.0057544560943907945,0.05127187935594835
2025-08-01,2025-08-29,INTU,0.005753144617922516,-0.150459176142407
2025-08-01,2025-08-29,LIN,0.005678491342035888,0.03917345323358612
2025-08-01,2025-08-29,MCD,0.0056231066819524295,0.04488952233012289
2025-08-01,2025-08-29,DIS,0.005612413104595696,-0.006128818557371241
2025-08-01,2025-08-29,RTX,0.005517280619242871,0.010969635239779896
2025-08-01,2025-08-29,CAT,0.005399550385513552,-0.04333131247640576
2025-08-01,2025-08-29,T,0.005169436706733281,0.06858809601106763
2025-08-01,2025-08-29,MRK,0.005141492169678422,0.07680495287793887
2025-08-01,2025-08-29,NOW,0.0051166749995863806,-0.027207506563437844
2025-08-01,2025-08-29,PEP,0.004956372222040633,0.07779871569205676
2025-08-01,2025-08-29,VZ,0.004725047949597336,0.034378028243505554
2025-08-01,2025-08-29,BKNG,0.004693068100332388,0.01725813557032141
2025-08-01,2025-08-29,TMO,0.00462759515972371,0.05354099747132657
2025-08-01,2025-08-29,MS,0.004606611536231252,0.05629650142196385
2025-08-01,2025-08-29,C,0.00458865439689636,0.03740804327888436
2025-08-01,2025-08-29,ISRG,0.004519549675298603,-0.01619241431794527
2025-08-01,2025-08-29,BA,0.004384164950650149,0.05787953727845219
2025-08-01,2025-08-29,ACN,0.004382752591376618,-0.026694100775527807
2025-08-01,2025-08-29,SCHW,0.004374984615372199,-0.016572813638163986
2025-08-01,2025-08-29,AXP,0.004343206531717756,0.1068122931515938
2025-08-01,2025-08-29,TXN,0.004309410791958268,0.11830323561736389
2025-08-01,2025-08-29,BLK,0.004221340102973097,0.01910454306874776
2025-08-01,2025-08-29,QCOM,0.004220432157725827,0.09518937679255268
2025-08-01,2025-08-29,AMGN,0.0041589945293272375,-0.017133335833067753
2025-08-01,2025-08-29,ADBE,0.003995665267623924,-0.0027677324711841145
2025-08-01,2025-08-29,NEE,0.003834151896415149,0.02177263781854477
2025-08-01,2025-08-29,HON,0.0037454759105984645,-0.007678686617001662
2025-08-01,2025-08-29,GILD,0.0036594228777183375,0.006055815676550447
2025-08-01,2025-08-29,COF,0.0036043408660506354,0.05971325372439962
2025-08-01,2025-08-29,UNP,0.003476118820575088,0.013498409664873146
2025-08-01,2025-08-29,PFE,0.003470570266286217,0.06311707889453988
2025-08-01,2025-08-29,DE,0.003463508469918563,-0.08720945199738805
2025-08-01,2025-08-29,DHR,0.003290595341716291,0.04392361571712522
2025-08-01,2025-08-29,LOW,0.0032799017643595574,0.1542693522882188
2025-08-01,2025-08-29,CMCSA,0.003243785720079269,0.022269057415343463
2025-08-01,2025-08-29,COP,0.0031546053202363236,0.046637938617812846
2025-08-01,2025-08-29,MDT,0.0030259797435397678,0.0284796273392518
2025-08-01,2025-08-29,TMUS,0.002989964582064732,0.06068608706136547
2025-08-01,2025-08-29,MO,0.002734630201971411,0.08508242652927334
2025-08-01,2025-08-29,SO,0.0027216163200938777,-0.015327782741373808
2025-08-01,2025-08-29,SBUX,0.0026486780518965363,-0.004353010601784835
2025-08-01,2025-08-29,AMT,0.0025568746991170336,-0.021786052141511414
2025-08-01,2025-08-29,DUK,0.002478589642241325,0.01569306515508062
2025-08-01,2025-08-29,BMY,0.0023101153574701496,0.08935576062886397
2025-08-01,2025-08-29,NKE,0.0023071897561178357,0.03588162927665395
2025-08-01,2025-08-29,LMT,0.0023059791624548097,0.08230788850406423
2025-08-01,2025-08-29,INTC,0.002263709267054137,0.22979804645106938
2025-08-01,2025-08-29,MDLZ,0.0021884506943359956,-0.050239547423104325
2025-08-01,2025-08-29,EMR,0.002146079916130071,-0.08926727387396571
2025-08-01,2025-08-29,MMM,0.0021049197315871726,0.04710246455361666
2025-08-01,2025-08-29,GD,0.002057303047508134,0.04159047332992594
2025-08-01,2025-08-29,CVS,0.0020514518448035064,0.17793890686218505
2025-08-01,2025-08-29,BK,0.0019039611835247887,0.04090681325498391
2025-08-01,2025-08-29,USB,0.0018342511650955178,0.08607663458869497
2025-08-01,2025-08-29,CL,0.0017794718018435726,0.0026237674719229442
2025-08-01,2025-08-29,PYPL,0.0017527378584517395,0.02079701600245687
2025-08-01,2025-08-29,UPS,0.0016568991934621485,0.03402206370020866
2025-08-01,2025-08-29,GM,0.0013441624971803256,0.09842521560347328
2025-08-01,2025-08-29,SPG,0.0013131914759678999,0.10299777922038889
2025-08-01,2025-08-29,FDX,0.0012952343366330083,0.03391638337653058
2025-08-01,2025-08-29,TGT,0.0012043389291007752,-0.034618100610503966
2025-08-01,2025-08-29,AIG,0.001172661728251584,0.047533377340036376
2025-08-01,2025-08-29,MET,0.00112252297404124,0.07942459251558054
2025-08-01,2025-08-29,CHTR,0.0006796474589840778,-0.014033260264561198
2025-08-01,2025-08-29,CASHUSD,0.0010629012361371892,0.003707468631993782
2025-08-30,2025-09-30,NVDA,0.10896155231360133,0.07125121360969189
2025-08-30,2025-09-30,MSFT,0.09660125304418574,0.02222268286379414
2025-08-30,2025-09-30,AAPL,0.0889380792929007,0.0968812192629327
2025-08-30,2025-09-30,AMZN,0.055501278691642834,-0.04117900731782209
2025-08-30,2025-09-30,META,0.041140417255786633,-0.005177262916920777
2025-08-30,2025-09-30,AVGO,0.035867913276295724,0.11125198134296954
2025-08-30,2025-09-30,GOOGL,0.03178529800620521,0.14281825997597464
2025-08-30,2025-09-30,GOOG,0.02571452574947205,0.1416086578417528
2025-08-30,2025-09-30,TSLA,0.02399877844278282,0.33201547825406585
2025-08-30,2025-09-30,BRKB,0.023658896687342973,-0.0004771973969351917
2025-08-30,2025-09-30,JPM,0.021487284236859056,0.04647996380962094
2025-08-30,2025-09-30,V,0.015439406092435937,-0.029564066766664454
2025-08-30,2025-09-30,LLY,0.014781830708024123,0.041524529618673256
2025-08-30,2025-09-30,NFLX,0.013189530068592576,-0.007721900937653126
2025-08-30,2025-09-30,XOM,0.012635633747857962,-0.013474380938685915
2025-08-30,2025-09-30,MA,0.012386017325094277,-0.044482493600319195
2025-08-30,2025-09-30,JNJ,0.010934510433613476,0.04656545953118174
2025-08-30,2025-09-30,WMT,0.010747827605922331,0.06269325649108337
2025-08-30,2025-09-30,COST,0.010735220715883762,-0.0187529243574438
2025-08-30,2025-09-30,HD,0.010370629455968318,0.0017670439487389444
2025-08-30,2025-09-30,ABBV,0.009533128536926035,0.10047522204944781
2025-08-30,2025-09-30,PG,0.009444275175934193,-0.021586900050186597
2025-08-30,2025-09-30,ORCL,0.00943398795366272,0.24370927280114452
2025-08-30,2025-09-30,BAC,0.008528712393773083,0.022407478849049145
2025-08-30,2025-09-30,CVX,0.00789070290270113,-0.033063685631682715
2025-08-30,2025-09-30,GE,0.007528027890071549,0.09443155767532341
2025-08-30,2025-09-30,UNH,0.007210535971340202,0.12136849370131886
2025-08-30,2025-09-30,CSCO,0.007050478895410516,-0.00969743112064858
2025-08-30,2025-09-30,WFC,0.0068598627180273385,0.019956157911878325
2025-08-30,2025-09-30,KO,0.006854920817132218,-0.031328981312008786
2025-08-30,2025-09-30,AMD,0.00676374778837328,-0.00516516984233617
2025-08-30,2025-09-30,PM,0.006672877324975268,-0.029498066730338057
2025-08-30,2025-09-30,CRM,0.006306571528014577,-0.07351145667093584
2025-08-30,2025-09-30,ABT,0.005920498127473408,0.009648755661527897
2025-08-30,2025-09-30,GS,0.005866036362506786,0.0685674581617366
2025-08-30,2025-09-30,IBM,0.00580481730447949,0.15881547190381684
2025-08-30,2025-09-30,LIN,0.005774964188868156,-0.0037110299500013877
2025-08-30,2025-09-30,MCD,0.00575025468439256,-0.025275013291698456
2025-08-30,2025-09-30,DIS,0.005458985096941437,-0.03277576661395676
2025-08-30,2025-09-30,RTX,0.005434880723187692,0.05504400830905842
2025-08-30,2025-09-30,MRK,0.0054182396283367785,0.007596993520252671
2025-08-30,2025-09-30,T,0.005406137013899752,-0.03584850356302849
2025-08-30,2025-09-30,PEP,0.005228026871434834,-0.045988179587292954
2025-08-30,2025-09-30,CAT,0.005055262050346271,0.13867411909872263
2025-08-30,2025-09-30,NOW,0.0048712014557831486,0.0030736781321296647
2025-08-30,2025-09-30,INTU,0.004783356645994392,0.02385303182661347
2025-08-30,2025-09-30,VZ,0.004783154935753776,-0.0063304298290919325
2025-08-30,2025-09-30,TMO,0.004771455741797982,-0.01474394881319796
2025-08-30,2025-09-30,MS,0.004762177070729594,0.0563529416011308
2025-08-30,2025-09-30,TXN,0.004716388846109508,-0.0926016901952722
2025-08-30,2025-09-30,AXP,0.004704588797033407,0.0026563851713001796
2025-08-30,2025-09-30,BKNG,0.004671609172692507,-0.03402090337327446
2025-08-30,2025-09-30,C,0.004628241470959826,0.05105100790453232
2025-08-30,2025-09-30,BA,0.004538984689486751,-0.08032210428252606
2025-08-30,2025-09-30,QCOM,0.004523553856079541,0.04091791069299289
2025-08-30,2025-09-30,ISRG,0.004351495020833138,-0.05508129617371593
2025-08-30,2025-09-30,BLK,0.004210096142160536,0.03924467734457737
2025-08-30,2025-09-30,SCHW,0.0041989012238062865,-0.003860581432953869
2025-08-30,2025-09-30,ACN,0.00417479685005254,-0.0514289996416506
2025-08-30,2025-09-30,AMGN,0.003968447273901225,-0.019151122672573462
2025-08-30,2025-09-30,ADBE,0.00389956322673048,-0.011073765270124603
2025-08-30,2025-09-30,NEE,0.003804658558520125,0.04774445182906728
2025-08-30,2025-09-30,COF,0.00372790781196531,-0.06443095567837387
2025-08-30,2025-09-30,LOW,0.003705114554775575,-0.026156708153731945
2025-08-30,2025-09-30,HON,0.0036184800064305222,-0.04100235253930218
2025-08-30,2025-09-30,PFE,0.0036109158724073804,0.0290791378155828
2025-08-30,2025-09-30,GILD,0.003603049173023313,-0.010614942839364039
2025-08-30,2025-09-30,UNP,0.003426451857363024,0.05725272279892524
2025-08-30,2025-09-30,DHR,0.0033618037252452367,-0.03502947170346804
2025-08-30,2025-09-30,CMCSA,0.0032453160612888497,-0.07506618482076344
2025-08-30,2025-09-30,COP,0.003204873158045117,-0.04425580418978314
2025-08-30,2025-09-30,DE,0.003093932525705701,-0.04133188059309767
2025-08-30,2025-09-30,TMUS,0.003092923974502615,-0.05004171864591089
2025-08-30,2025-09-30,MDT,0.0030457237781982087,0.03396731918659257
2025-08-30,2025-09-30,MO,0.0029040223341646816,-0.001226095605517008
2025-08-30,2025-09-30,INTC,0.002724500220015445,0.37782335570688486
2025-08-30,2025-09-30,SO,0.002602062103960853,0.02676045209213762
2025-08-30,2025-09-30,SBUX,0.0025639388684842172,-0.04070763517357878
2025-08-30,2025-09-30,BMY,0.0024628820379350397,-0.044086508293409876
2025-08-30,2025-09-30,AMT,0.0024477537698887556,-0.04824462858851464
2025-08-30,2025-09-30,DUK,0.0024427110138733276,0.010286551468674743
2025-08-30,2025-09-30,LMT,0.002442610158753019,0.10364120225013496
2025-08-30,2025-09-30,CVS,0.002364951716115428,0.0306219180766103
2025-08-30,2025-09-30,NKE,0.0023389310950758194,-0.09406249705552872
2025-08-30,2025-09-30,MMM,0.002147104656248938,-0.0022504247961575574
2025-08-30,2025-09-30,GD,0.002097080516575892,0.050620888816361065
2025-08-30,2025-09-30,MDLZ,0.0020341469215033508,0.024946901728521764
2025-08-30,2025-09-30,USB,0.001949630330684777,0.0003787302452347152
2025-08-30,2025-09-30,BK,0.001939544818653921,0.03181819779246586
2025-08-30,2025-09-30,EMR,0.0019052540777490102,-0.0062121264246362
2025-08-30,2025-09-30,PYPL,0.0017509457436769133,-0.04459326175600964
2025-08-30,2025-09-30,CL,0.0017460038427817939,-0.049125677116513944
2025-08-30,2025-09-30,UPS,0.0016456529980747765,-0.044716405561418204
2025-08-30,2025-09-30,GM,0.0014450521637810502,0.04331254392723771
2025-08-30,2025-09-30,SPG,0.0014175187159368135,0.051182529504067986
2025-08-30,2025-09-30,FDX,0.0013106122884097397,0.02705305283712045
2025-08-30,2025-09-30,AIG,0.0012021930340780373,-0.028510716494043686
2025-08-30,2025-09-30,MET,0.0011768783988805888,0.012413973710051485
2025-08-30,2025-09-30,TGT,0.0011256439977638403,-0.06543030581200904
2025-08-30,2025-09-30,CHTR,0.0006557599922462583,0.0358837234021161
2025-08-30,2025-09-30,CASHUSD,0.001985635608634933,0.0033025484501063573
2025-10-01,2025-10-31,NVDA,0.11167321833616219,0.0852717678839181
2025-10-01,2025-10-31,MSFT,0.09443990650612401,-0.00027037645296212887
2025-10-01,2025-10-31,AAPL,0.09269361400622148,0.06181508747860254
2025-10-01,2025-10-31,AMZN,0.05227149347961232,0.11226484981660545
2025-10-01,2025-10-31,META,0.039072524425568064,-0.11714643331245433
2025-10-01,2025-10-31,AVGO,0.038063458897626475,0.1203965118934498
2025-10-01,2025-10-31,GOOGL,0.0346879533799402,0.15668444849346486
2025-10-01,2025-10-31,TSLA,0.030611890305313794,0.026623485126352042
2025-10-01,2025-10-31,GOOG,0.027898353593774405,0.1571340238931782
2025-10-01,2025-10-31,BRKB,0.022613816106217256,-0.05012527783537768
2025-10-01,2025-10-31,JPM,0.021275938055155246,-0.008868559313091606
2025-10-01,2025-10-31,LLY,0.01487949904932269,0.13087810517404286
2025-10-01,2025-10-31,V,0.014224500462559924,-0.001874673620788636
2025-10-01,2025-10-31,NFLX,0.012497199285037324,-0.06677673921714511
2025-10-01,2025-10-31,XOM,0.011790984738452115,0.014279307259652763
2025-10-01,2025-10-31,MA,0.011518237023421352,-0.028289372842693616
2025-10-01,2025-10-31,ORCL,0.011432776072711714,-0.0646219540443842
2025-10-01,2025-10-31,WMT,0.011096185188829306,-0.01824172886148756
2025-10-01,2025-10-31,JNJ,0.01095385128865214,0.018606432179974597
2025-10-01,2025-10-31,COST,0.010069037497557899,-0.013926211283457945
2025-10-01,2025-10-31,ABBV,0.010033378259259432,-0.05151649060407304
2025-10-01,2025-10-31,HD,0.009888720952620896,-0.06318023208521961
2025-10-01,2025-10-31,PG,0.008828439464856863,-0.01450354049676239
2025-10-01,2025-10-31,BAC,0.00862357562556709,0.03605348436545541
2025-10-01,2025-10-31,GE,0.007825232961904823,0.02702608138093887
2025-10-01,2025-10-31,UNH,0.007671181011748558,-0.010831183716386694
2025-10-01,2025-10-31,CVX,0.007331054509337974,0.015648223821854934
2025-10-01,2025-10-31,CSCO,0.006646154691594058,0.07499948689670255
2025-10-01,2025-10-31,WFC,0.006586554264976225,0.03758059553794579
2025-10-01,2025-10-31,IBM,0.006447149877293835,0.08948820050173034
2025-10-01,2025-10-31,AMD,0.006440583728598649,0.5830397783886911
2025-10-01,2025-10-31,KO,0.006301078323244025,0.03890248082910319
2025-10-01,2025-10-31,PM,0.0061931914492985235,-0.10181124023719323
2025-10-01,2025-10-31,GS,0.005913069444194707,-0.008764934599929886
2025-10-01,2025-10-31,ABT,0.005718206354456062,-0.07294528339924944
2025-10-01,2025-10-31,CRM,0.0055576892732768475,0.0987763874571046
2025-10-01,2025-10-31,RTX,0.005494149157441903,0.06675443315946361
2025-10-01,2025-10-31,CAT,0.005483037213496204,0.21328407703147612
2025-10-01,2025-10-31,LIN,0.005463944873444051,-0.1193683982742707
2025-10-01,2025-10-31,MCD,0.005319287566805513,-0.01796716043935409
2025-10-01,2025-10-31,MRK,0.005142304605052218,0.02442525875472157
2025-10-01,2025-10-31,DIS,0.005049873434958459,-0.016419190433199837
2025-10-01,2025-10-31,UBER,0.0050116887548541525,-0.015004605515841152
2025-10-01,2025-10-31,T,0.004953199522630889,-0.11414803844175803
2025-10-01,2025-10-31,MS,0.0047305565730279995,0.037986958973525775
2025-10-01,2025-10-31,PEP,0.004716414098915293,0.04023061855890364
2025-10-01,2025-10-31,NOW,0.004696109546796336,-0.0010866092303835062
2025-10-01,2025-10-31,INTU,0.004673077517527072,-0.020705519678301476
2025-10-01,2025-10-31,C,0.004583474842255855,-0.0026600609098351713
2025-10-01,2025-10-31,VZ,0.004545593215168248,-0.08024748199234999
2025-10-01,2025-10-31,TMO,0.004492861990262301,0.16982817253662863
2025-10-01,2025-10-31,AXP,0.004422351655043237,0.08876457747681443
2025-10-01,2025-10-31,QCOM,0.004401238961546412,0.0874007511256687
2025-10-01,2025-10-31,BKNG,0.004291836822517405,-0.05955060751090946
2025-10-01,2025-10-31,BLK,0.004118288461620053,-0.07124288977109061
2025-10-01,2025-10-31,TXN,0.004097276785795462,-0.11336653931866136
2025-10-01,2025-10-31,BA,0.004003431368290432,-0.06861880847402568
2025-10-01,2025-10-31,SCHW,0.003995956060545144,-0.009950730146576436
2025-10-01,2025-10-31,ISRG,0.003932718997726901,0.19464261380528858
2025-10-01,2025-10-31,NEE,0.003813316109146767,0.07828855682374614
2025-10-01,2025-10-31,ACN,0.003767757138969406,0.01419301431151454
2025-10-01,2025-10-31,AMGN,0.0037247236105978857,0.05751239928584351
2025-10-01,2025-10-31,ADBE,0.0036703761029362007,-0.03526577587925228
2025-10-01,2025-10-31,INTC,0.003598754573322567,0.19195238711935314
2025-10-01,2025-10-31,PFE,0.00355359967383414,-0.0325745562384534
2025-10-01,2025-10-31,LOW,0.0034547033727174306,-0.04778639998113077
2025-10-01,2025-10-31,UNP,0.003438641562832285,-0.06769047422527819
2025-10-01,2025-10-31,GILD,0.0033784350301810503,0.0791892575419666
2025-10-01,2025-10-31,COF,0.0033345933604316614,0.03485747151384255
2025-10-01,2025-10-31,HON,0.0032784275346697707,0.014779799031072294
2025-10-01,2025-10-31,DHR,0.003099424219471803,0.08635134346092133
2025-10-01,2025-10-31,MDT,0.0029933556636265062,-0.04766902278661933
2025-10-01,2025-10-31,COP,0.0028978939633657395,-0.060577251130309206
2025-10-01,2025-10-31,TMUS,0.0028417281376038493,-0.122524838656485
2025-10-01,2025-10-31,CMCSA,0.0028383945544201397,-0.10453527646429916
2025-10-01,2025-10-31,DE,0.0028252622570297697,0.009556901026772868
2025-10-01,2025-10-31,MO,0.002722123213679248,-0.14653347815340934
2025-10-01,2025-10-31,SO,0.0025573633902662204,-0.007702863418991179
2025-10-01,2025-10-31,LMT,0.0025158451269782045,-0.014683223238867726
2025-10-01,2025-10-31,DUK,0.0023604799470829025,0.004444462438162544
2025-10-01,2025-10-31,SBUX,0.0023564392401935583,-0.04408979818984571
2025-10-01,2025-10-31,CVS,0.0023456303492645613,0.045084053643410726
2025-10-01,2025-10-31,BMY,0.002251784931759532,0.03554761570635101
2025-10-01,2025-10-31,AMT,0.002208953438732479,-0.0693636155486963
2025-10-01,2025-10-31,GD,0.0021186436397556264,0.015882481965140638
2025-10-01,2025-10-31,NKE,0.00202823282310654,-0.0737130803292142
2025-10-01,2025-10-31,MMM,0.0020274246817286712,0.07294766243448292
2025-10-01,2025-10-31,MDLZ,0.001980148411123339,-0.08019854717907315
2025-10-01,2025-10-31,BK,0.0018849897638792727,-0.004567619479852958
2025-10-01,2025-10-31,USB,0.0018448857480025272,-0.034140209668844346
2025-10-01,2025-10-31,EMR,0.0018109438101320326,0.06395810652297751
2025-10-01,2025-10-31,CL,0.0015848662596732,-0.029690076993439063
2025-10-01,2025-10-31,PYPL,0.0015715319269383628,0.03295544901958514
2025-10-01,2025-10-31,UPS,0.0015124365886816974,0.15431573648619445
2025-10-01,2025-10-31,SPG,0.0015029409274917376,-0.06346249848388985
2025-10-01,2025-10-31,GM,0.0014239451078050499,0.13318023363972165
2025-10-01,2025-10-31,FDX,0.0012554476305193785,0.0763751324307651
2025-10-01,2025-10-31,MET,0.0011287714695384244,-0.030957938726627776
2025-10-01,2025-10-31,AIG,0.0010673527248203857,0.005347528545382563
2025-10-01,2025-10-31,TGT,0.001002297343901937,0.033667833914498235
2025-10-01,2025-10-31,CASHUSD,0.0010387647235782723,0.003510552484359053
2025-11-01,2025-11-28,NVDA,0.11703724416868527,-0.125882777513319
2025-11-01,2025-11-28,AAPL,0.0950463331817925,0.03236429041178379
2025-11-01,2025-11-28,MSFT,0.09117471243381967,-0.04804679062351325
2025-11-01,2025-11-28,AMZN,0.05614481925949604,-0.04504135592915348
2025-11-01,2025-11-28,AVGO,0.04118291626241454,0.09017108752291603
2025-11-01,2025-11-28,GOOGL,0.038746333677156145,0.13866064755474672
2025-11-01,2025-11-28,META,0.033311992258578206,-0.0006168941794297833
2025-11-01,2025-11-28,GOOG,0.031174447565909393,0.13590231031724986
2025-11-01,2025-11-28,TSLA,0.030348504502198455,-0.05780178787448975
2025-11-01,2025-11-28,BRKB,0.020743201159191378,0.07595172836761388
2025-11-01,2025-11-28,JPM,0.020265023595990306,0.006299787319908878
2025-11-01,2025-11-28,LLY,0.016249343011323712,0.24823188160210075
2025-11-01,2025-11-28,V,0.013710553762979411,-0.016545017602836887
2025-11-01,2025-11-28,XOM,0.011549049644839427,0.0225070084811112
2025-11-01,2025-11-28,NFLX,0.01126274967465223,-0.03848559868782542
2025-11-01,2025-11-28,MA,0.010794277195186316,-0.0026448881322028717
2025-11-01,2025-11-28,JNJ,0.01077466483847152,0.10252443753190588
2025-11-01,2025-11-28,WMT,0.010520007485045831,0.09221192170935932
2025-11-01,2025-11-28,ORCL,0.010309225197672842,-0.23098892436329066
2025-11-01,2025-11-28,AMD,0.009845908543941231,-0.15067154878022626
2025-11-01,2025-11-28,COST,0.009574469483223498,0.002347961375350316
2025-11-01,2025-11-28,ABBV,0.00912419403576101,0.04430383483406786
2025-11-01,2025-11-28,HD,0.008946065311371942,-0.05972234885785421
2025-11-01,2025-11-28,BAC,0.008627920535178756,0.003741853109657134
2025-11-01,2025-11-28,PG,0.008343642457436384,-0.014697013737895004
2025-11-01,2025-11-28,GE,0.00776103414946011,-0.033985976588032596
2025-11-01,2025-11-28,UNH,0.007327742598534148,-0.03451803962339217
2025-11-01,2025-11-28,CVX,0.007190355006908302,-0.031081025174791055
2025-11-01,2025-11-28,CSCO,0.00685805698360134,0.052386849824040294
2025-11-01,2025-11-28,IBM,0.006782943679276098,0.009340638725990447
2025-11-01,2025-11-28,WFC,0.006599659129152727,-0.007688163346064925
2025-11-01,2025-11-28,CAT,0.006405658549071785,-0.0025984779281746917
2025-11-01,2025-11-28,KO,0.006321648917989312,0.061248233797721374
2025-11-01,2025-11-28,CRM,0.005896950409953857,-0.11470378409843152
2025-11-01,2025-11-28,GS,0.005659883520798147,0.04645475142073474
2025-11-01,2025-11-28,RTX,0.005659782426175904,-0.016239248619262292
2025-11-01,2025-11-28,PM,0.005321823104023435,0.0911105504358054
2025-11-01,2025-11-28,ABT,0.005096483191047707,0.042711392609226406
2025-11-01,2025-11-28,MRK,0.005087182485801514,0.21923699664669494
2025-11-01,2025-11-28,TMO,0.005075758793488252,0.04131191869063122
2025-11-01,2025-11-28,MCD,0.0050444194605934675,0.0448682878086899
2025-11-01,2025-11-28,DIS,0.004796535446857943,-0.0723672629489569
2025-11-01,2025-11-28,UBER,0.0047671169117857425,-0.0928497314453125
2025-11-01,2025-11-28,PEP,0.004737698376713542,0.01813945671095918
2025-11-01,2025-11-28,MS,0.004713031288886679,0.03451236065092389
2025-11-01,2025-11-28,LIN,0.004646814311318665,-0.019077183147090282
2025-11-01,2025-11-28,AXP,0.004637816889939195,0.012585488192471628
2025-11-01,2025-11-28,QCOM,0.0046217428450028375,-0.07081261956918572
2025-11-01,2025-11-28,ISRG,0.004537025551564677,0.07336967324693577
2025-11-01,2025-11-28,NOW,0.004529948928007789,-0.11625406759808776
2025-11-01,2025-11-28,C,0.004414397774786051,0.029514062638188454
2025-11-01,2025-11-28,INTU,0.0044113649361188145,-0.05013856424817287
2025-11-01,2025-11-28,T,0.0041921917950998025,0.05131320131162953
2025-11-01,2025-11-28,INTC,0.004142352146334871,0.014253555161292786
2025-11-01,2025-11-28,NEE,0.0039706934777692425,0.06725208348625578
2025-11-01,2025-11-28,VZ,0.003969075963813382,0.03447401163814234
2025-11-01,2025-11-28,BKNG,0.0038972987820221007,-0.03211072315776908
2025-11-01,2025-11-28,SCHW,0.0038204668691187572,-0.016152102565908377
2025-11-01,2025-11-28,AMGN,0.0038036851618267107,0.16584770127552972
2025-11-01,2025-11-28,BLK,0.003693390928961516,-0.03279419429854458
2025-11-01,2025-11-28,ACN,0.003690155901049797,-0.00039980987803578394
2025-11-01,2025-11-28,BA,0.0036008893496107808,-0.059795065252158275
2025-11-01,2025-11-28,GILD,0.0035208224087957176,0.050504963318552365
2025-11-01,2025-11-28,TXN,0.0034770484373652603,0.042177593055693796
2025-11-01,2025-11-28,ADBE,0.00341922231344327,-0.05929885345876951
2025-11-01,2025-11-28,COF,0.0033322809383158026,-0.0003946867844853985
2025-11-01,2025-11-28,PFE,0.0033198462997801295,0.0626062011718751
2025-11-01,2025-11-28,DHR,0.0032516074297672913,0.05292966615755401
2025-11-01,2025-11-28,LOW,0.00316112774286138,0.018267319954678785
2025-11-01,2025-11-28,UNP,0.0030959217115157796,0.05200346129561573
2025-11-01,2025-11-28,HON,0.0030443634541727463,-0.039680494360529894
2025-11-01,2025-11-28,DE,0.0027544240775848653,0.0061954341763810206
2025-11-01,2025-11-28,MDT,0.0027528065636290054,0.16130107262333127
2025-11-01,2025-11-28,COP,0.002628965651383485,0.007347797662214717
2025-11-01,2025-11-28,SO,0.0024506347377499346,-0.02307925560140922
2025-11-01,2025-11-28,CMCSA,0.0024281917316123793,-0.041307542078357296
2025-11-01,2025-11-28,TMUS,0.0024080739017863723,-2.138823669106671e-05
2025-11-01,2025-11-28,LMT,0.0023938195600503574,-0.06916318797797572
2025-11-01,2025-11-28,CVS,0.0023465072768414563,0.028278902531741368
2025-11-01,2025-11-28,DUK,0.0022895910045196374,0.005770726284342276
2025-11-01,2025-11-28,MO,0.0022435929513998725,0.04664770170066124
2025-11-01,2025-11-28,BMY,0.0022213521345067996,0.06794015017981891
2025-11-01,2025-11-28,SBUX,0.002175252986764793,0.08494273863168167
2025-11-01,2025-11-28,MMM,0.002100645155550757,0.03777352574652415
2025-11-01,2025-11-28,GD,0.002069204728033731,-0.009480917089348395
2025-11-01,2025-11-28,AMT,0.001985195096951259,0.012794781603953087
2025-11-01,2025-11-28,EMR,0.0018605454277278084,-0.04020391856537653
2025-11-01,2025-11-28,NKE,0.0018142440907413199,0.0006193668404756991
2025-11-01,2025-11-28,BK,0.0018030225876725422,0.038636199036705676
2025-11-01,2025-11-28,MDLZ,0.0017588442377531194,0.0019144071845684785
2025-11-01,2025-11-28,USB,0.0017208326597904127,0.0507711247569369
2025-11-01,2025-11-28,UPS,0.001685853920494943,0.010736485166886078
2025-11-01,2025-11-28,PYPL,0.001567674307094932,-0.09289838247383742
2025-11-01,2025-11-28,GM,0.001558171412604255,0.06411917386398303
2025-11-01,2025-11-28,CL,0.0014751727277441957,0.043348514320289855
2025-11-01,2025-11-28,SPG,0.0013593182906557332,0.060082043708712174
2025-11-01,2025-11-28,FDX,0.0013050304785121867,0.08612396872094186
2025-11-01,2025-11-28,MET,0.001056236613176491,-0.03391425596427722
2025-11-01,2025-11-28,AIG,0.0010362198779727252,-0.035460891765450864
2025-11-01,2025-11-28,TGT,0.001000533476321567,-0.010329336878374229
2025-11-01,2025-11-28,CASHUSD,0.0016371263125746648,0.0028756501834070747
2025-11-29,2025-12-31,NVDA,0.10246126079107998,0.05373101785259271
2025-11-29,2025-12-31,AAPL,0.09817767467571133,-0.025067288626873463
2025-11-29,2025-12-31,MSFT,0.08676497017483793,-0.01705252092960896
2025-11-29,2025-12-31,AMZN,0.05369840990659764,-0.010290686407351424
2025-11-29,2025-12-31,AVGO,0.04496524240707872,-0.13946226091925995
2025-11-29,2025-12-31,GOOGL,0.04418652782398568,-0.021785435629447347
2025-11-29,2025-12-31,GOOG,0.03546567121978066,-0.01910303890317211
2025-11-29,2025-12-31,META,0.03334183996017728,0.019566842209746138
2025-11-29,2025-12-31,TSLA,0.028638270678444357,0.045447119005781245
2025-11-29,2025-12-31,BRKB,0.022353054075809484,-0.02172009831481858
2025-11-29,2025-12-31,JPM,0.020424279870646805,0.029193865604507208
2025-11-29,2025-12-31,LLY,0.020285126390008557,-0.0007344721885141903
2025-11-29,2025-12-31,V,0.013478008553246794,0.04864843468603319
2025-11-29,2025-12-31,JNJ,0.011823101314329346,0.0001449462520806133
2025-11-29,2025-12-31,XOM,0.011724513242840183,0.03812978399972944
2025-11-29,2025-12-31,WMT,0.011508164394045119,0.010199039908966423
2025-11-29,2025-12-31,NFLX,0.01084610058950016,-0.12846253448226708
2025-11-29,2025-12-31,MA,0.010782628842348997,0.03696435453383162
2025-11-29,2025-12-31,COST,0.009612791060594733,-0.05609734037777914
2025-11-29,2025-12-31,ABBV,0.009544778409434344,0.003469503170660637
2025-11-29,2025-12-31,BAC,0.008675649382068738,0.030490463164073223
2025-11-29,2025-12-31,HD,0.008426606024407257,-0.02968294585646203
2025-11-29,2025-12-31,AMD,0.008376857898261753,-0.015492093670292584
2025-11-29,2025-12-31,PG,0.008236089873975786,-0.03273488152689907
2025-11-29,2025-12-31,ORCL,0.007941334749288112,-0.03486007733371632
2025-11-29,2025-12-31,GE,0.007511462503081509,0.03327940801067841
2025-11-29,2025-12-31,CSCO,0.007222761917072801,0.0011696970875445523
2025-11-29,2025-12-31,UNH,0.007089057521245629,0.007761430232629429
2025-11-29,2025-12-31,CVX,0.006903687728691279,0.008469483407707923
2025-11-29,2025-12-31,IBM,0.006822859637327079,-0.040086899133102705
2025-11-29,2025-12-31,KO,0.0067138779411056865,-0.037185066685747725
2025-11-29,2025-12-31,WFC,0.006528306330595371,0.08561446393666583
2025-11-29,2025-12-31,CAT,0.0063938955719223195,-0.00501940255812916
2025-11-29,2025-12-31,MRK,0.006217809405342383,0.01268388913416385
2025-11-29,2025-12-31,GS,0.005936576083704401,0.06938847669752812
2025-11-29,2025-12-31,PM,0.005811146224071816,0.027832057261259813
2025-11-29,2025-12-31,RTX,0.005550195607008371,0.048539221319997994
2025-11-29,2025-12-31,ABT,0.005327186765666446,-0.028006087915607214
2025-11-29,2025-12-31,TMO,0.005289547716878874,-0.01852355403212569
2025-11-29,2025-12-31,MCD,0.005283795905133856,-0.013969569907457013
2025-11-29,2025-12-31,CRM,0.00523293778023054,0.15093956178170598
2025-11-29,2025-12-31,MS,0.0048885354383753415,0.04638681060150973
2025-11-29,2025-12-31,ISRG,0.004873701818611875,-0.012415420519767406
2025-11-29,2025-12-31,PEP,0.004827384597717782,-0.02565706836502024
2025-11-29,2025-12-31,AXP,0.004708513821654078,0.012812514673455233
2025-11-29,2025-12-31,LIN,0.004561590349711164,0.04299171889785458
2025-11-29,2025-12-31,C,0.004521226758518055,0.12635136195507535
2025-11-29,2025-12-31,DIS,0.004461085007640324,0.09638889413765939
2025-11-29,2025-12-31,AMGN,0.004415877785504042,-0.052538673130979374
2025-11-29,2025-12-31,T,0.004410630518648938,-0.04534972314244956
2025-11-29,2025-12-31,UBER,0.004327784247725083,-0.06659814679097853
2025-11-29,2025-12-31,QCOM,0.004297713372286217,0.022809319599692124
2025-11-29,2025-12-31,INTC,0.004213858011582534,-0.09023667957324677
2025-11-29,2025-12-31,NEE,0.004212445285890776,-0.06964888477081488
2025-11-29,2025-12-31,INTU,0.004193373489052032,0.04469466722887949
2025-11-29,2025-12-31,VZ,0.0041091144924364185,-0.009243493836568861
2025-11-29,2025-12-31,NOW,0.004006389152849957,-0.05718782692643598
2025-11-29,2025-12-31,BKNG,0.0037750048663354636,0.09174244109582763
2025-11-29,2025-12-31,SCHW,0.0037509885295755638,0.07742908296458428
2025-11-29,2025-12-31,GILD,0.0037014422213860233,-0.01819242043024627
2025-11-29,2025-12-31,ACN,0.0036915531415437114,0.07319994974833244
2025-11-29,2025-12-31,TXN,0.0036264668507448245,0.031021551456442698
2025-11-29,2025-12-31,BLK,0.0035750032719736114,0.02697381215713035
2025-11-29,2025-12-31,PFE,0.0034693515720256502,-0.032633993002384454
2025-11-29,2025-12-31,DHR,0.0034263643474049896,0.010833930840747685
2025-11-29,2025-12-31,BA,0.0033881198447495197,0.1487830429480821
2025-11-29,2025-12-31,COF,0.003320914465412994,0.106313009014672
2025-11-29,2025-12-31,UNP,0.0032594608978214865,0.003636981022114183
2025-11-29,2025-12-31,ADBE,0.003227573660778931,0.09327456001037171
2025-11-29,2025-12-31,LOW,0.0032213173041439995,-0.0054437270460167
2025-11-29,2025-12-31,MDT,0.003199319146943755,-0.08130335835874092
2025-11-29,2025-12-31,HON,0.0029082976544414435,0.015089248086406437
2025-11-29,2025-12-31,DE,0.0027735841688344438,0.0057923633268195385
2025-11-29,2025-12-31,COP,0.0026259543340456503,0.05547420125403524
2025-11-29,2025-12-31,CVS,0.0024235309242122117,-0.012443977430100617
2025-11-29,2025-12-31,TMUS,0.0023980009527825702,-0.028563273473262152
2025-11-29,2025-12-31,SO,0.0023763055225162746,-0.043020149600676905
2025-11-29,2025-12-31,BMY,0.002374085525000654,0.09634140503311617
2025-11-29,2025-12-31,SBUX,0.0023537019114481337,-0.033291374135217766
2025-11-29,2025-12-31,MO,0.0023499682792627713,-0.0049950382484201805
2025-11-29,2025-12-31,CMCSA,0.0023300892106001654,0.11989513653212902
2025-11-29,2025-12-31,DUK,0.0022846801705079184,-0.054300494437244384
2025-11-29,2025-12-31,LMT,0.0022299875044412562,0.06439118903479257
2025-11-29,2025-12-31,MMM,0.0021722675690351114,-0.06945652082419584
2025-11-29,2025-12-31,GD,0.0020510758864778033,-0.014547947175574283
2025-11-29,2025-12-31,AMT,0.002012125020976454,-0.022020339213373874
2025-11-29,2025-12-31,BK,0.0018741824480740061,0.03559312879134113
2025-11-29,2025-12-31,NKE,0.0018259479565982412,-0.007941509561906868
2025-11-29,2025-12-31,USB,0.0018094997931870497,0.09838620656717789
2025-11-29,2025-12-31,EMR,0.001779428917748184,-0.004948297982664829
2025-11-29,2025-12-31,MDLZ,0.0017723652892893899,-0.05635604041064646
2025-11-29,2025-12-31,UPS,0.0016760981242938263,0.03549426804389211
2025-11-29,2025-12-31,GM,0.0016593472339486866,0.10830172605409127
2025-11-29,2025-12-31,CL,0.0015403755489069996,-0.017041976582582885
2025-11-29,2025-12-31,SPG,0.0014420902043517805,0.005726617533977629
2025-11-29,2025-12-31,PYPL,0.001419789320217588,-0.06875098780682787
2025-11-29,2025-12-31,FDX,0.001418477503503812,0.053179808615729574
2025-11-29,2025-12-31,MET,0.001013933410770883,0.03108678909817808
2025-11-29,2025-12-31,AIG,0.0010002097897652263,0.12918103609578835
2025-11-29,2025-12-31,TGT,0.0009786152684769132,0.07868015990236343
2025-11-29,2025-12-31,CASHUSD,0.0018898233396613356,0.0033519201726273096
2026-01-01,2026-01-30,NVDA,0.10807628398631391,0.024825733202540334
2026-01-01,2026-01-30,AAPL,0.09579833476994418,-0.045537972790174464
2026-01-01,2026-01-30,MSFT,0.08571866773921942,-0.11027254165731493
2026-01-01,2026-01-30,AMZN,0.05354804178513194,0.036738564502459825
2026-01-01,2026-01-30,GOOGL,0.04342707871298109,0.07987219823468616
2026-01-01,2026-01-30,AVGO,0.03897649629239293,-0.04276233868365542
2026-01-01,2026-01-30,GOOG,0.034797922516308144,0.07880824747528492
2026-01-01,2026-01-30,META,0.03428318603907049,0.0854580689253095
2026-01-01,2026-01-30,TSLA,0.030135811472767275,-0.04293782243658151
2026-01-01,2026-01-30,BRKB,0.021980802490121003,-0.04400675497022466
2026-01-01,2026-01-30,JPM,0.020918514832801008,-0.04639747673767136
2026-01-01,2026-01-30,LLY,0.02035198160922697,-0.03492213248999376
2026-01-01,2026-01-30,V,0.014114663860824462,-0.08234727196630054
2026-01-01,2026-01-30,XOM,0.01210256725070443,0.1750041058573557
2026-01-01,2026-01-30,JNJ,0.011890432817853054,0.0980912808379899
2026-01-01,2026-01-30,WMT,0.011650532097979248,0.06938332215199305
2026-01-01,2026-01-30,MA,0.011163057066181802,-0.05479388728048418
2026-01-01,2026-01-30,ABBV,0.009630358022543598,-0.016130780632501618
2026-01-01,2026-01-30,NFLX,0.009478804579559345,-0.1095350260075606
2026-01-01,2026-01-30,COST,0.009113703147293489,0.09183666444008498
2026-01-01,2026-01-30,BAC,0.008812009817755217,-0.03272724468221977
2026-01-01,2026-01-30,AMD,0.008314639890946138,0.10538845573162892
2026-01-01,2026-01-30,HD,0.008168033895467703,0.08860792285827368
2026-01-01,2026-01-30,PG,0.007986492862499224,0.06655201736636562
2026-01-01,2026-01-30,ORCL,0.007817875774035733,-0.15337820870909336
2026-01-01,2026-01-30,GE,0.007748409572321434,-0.004025560468486233
2026-01-01,2026-01-30,CSCO,0.007239024415855377,0.022187366973509537
2026-01-01,2026-01-30,UNH,0.007131089285575453,-0.13080491222323398
2026-01-01,2026-01-30,WFC,0.006977112602996516,-0.029077291824704088
2026-01-01,2026-01-30,CVX,0.0068793752726775586,0.16068494344203232
2026-01-01,2026-01-30,IBM,0.0066028230539341435,0.03541412400324018
2026-01-01,2026-01-30,KO,0.006454399628759692,0.07009011436043622
2026-01-01,2026-01-30,CAT,0.006393919607209016,0.15017022961203486
2026-01-01,2026-01-30,GS,0.006286994160093543,0.06417521075096322
2026-01-01,2026-01-30,MRK,0.00623045190288423,0.04759638225486884
2026-01-01,2026-01-30,CRM,0.006014177769058601,-0.1986335169853406
2026-01-01,2026-01-30,PM,0.00595440452572304,0.11870324931507104
2026-01-01,2026-01-30,RTX,0.005864037882504582,0.09558333654656992
2026-01-01,2026-01-30,TMO,0.005191689863295967,-0.0014496294658429276
2026-01-01,2026-01-30,MCD,0.0051888627504355,0.03065801914425359
2026-01-01,2026-01-30,ABT,0.005188055003903939,-0.12320487477749642
2026-01-01,2026-01-30,MS,0.005113742323000269,0.03536145846574823
2026-01-01,2026-01-30,C,0.004979353493811701,-0.008398394410614407
2026-01-01,2026-01-30,DIS,0.004843753044825792,-0.008525917376545067
2026-01-01,2026-01-30,ISRG,0.004788119502464484,-0.10971817525612548
2026-01-01,2026-01-30,LIN,0.004748136049152184,0.0717183193277795
2026-01-01,2026-01-30,AXP,0.004740462457102347,-0.04594587914908632
2026-01-01,2026-01-30,PEP,0.004674833051412966,0.07044318400828664
2026-01-01,2026-01-30,INTU,0.0044050457098713785,-0.2454350382906586
2026-01-01,2026-01-30,QCOM,0.0043687980842675505,-0.11376795224047798
2026-01-01,2026-01-30,AMGN,0.004203109076980969,0.044514501796123485
2026-01-01,2026-01-30,T,0.004199676154221833,0.06752353193757465
2026-01-01,2026-01-30,BKNG,0.00411657922978743,-0.0660071191565117
2026-01-01,2026-01-30,VZ,0.004088308101182773,0.11201608507316196
2026-01-01,2026-01-30,BA,0.004054382746857183,0.07645544619027844
2026-01-01,2026-01-30,UBER,0.0040540798419078485,-0.020315702500482535
2026-01-01,2026-01-30,NEE,0.003987036879788232,0.0949177481233141
2026-01-01,2026-01-30,SCHW,0.003979767161004177,0.040136055781824664
2026-01-01,2026-01-30,ACN,0.00397593036497926,-0.01736852217751761
2026-01-01,2026-01-30,INTC,0.003945538901729253,0.2593495745010346
2026-01-01,2026-01-30,NOW,0.00379317771221344,-0.2361772943963122
2026-01-01,2026-01-30,TXN,0.0037611707559003105,0.250544398871003
2026-01-01,2026-01-30,BLK,0.0036828193423388317,0.045406201489593734
2026-01-01,2026-01-30,COF,0.0036743380037574346,-0.09667439811520473
2026-01-01,2026-01-30,GILD,0.0036321332474833386,0.156509798564491
2026-01-01,2026-01-30,ADBE,0.0034938066539534087,-0.16211889430431536
2026-01-01,2026-01-30,DHR,0.0034320140442889438,-0.04381444176979277
2026-01-01,2026-01-30,PFE,0.003376784375193417,0.07963444149733134
2026-01-01,2026-01-30,UNP,0.0032722821676726297,0.016340965791576734
2026-01-01,2026-01-30,LOW,0.0032253319005256104,0.11237087561111658
2026-01-01,2026-01-30,HON,0.002955342622351134,0.1662309895604257
2026-01-01,2026-01-30,MDT,0.0029385818818212298,0.07183014809498656
2026-01-01,2026-01-30,DE,0.0027918749180263474,0.13409366242534837
2026-01-01,2026-01-30,COP,0.0027585553735994302,0.11344936389396132
2026-01-01,2026-01-30,BMY,0.002613766807817007,0.03263932346038301
2026-01-01,2026-01-30,CMCSA,0.002590645063351055,0.07445213570766751
2026-01-01,2026-01-30,CVS,0.0024035507729780916,-0.0532620634164328
2026-01-01,2026-01-30,LMT,0.0023487249771483453,0.31126582691444216
2026-01-01,2026-01-30,TMUS,0.00232883421880864,-0.02871351685575474
2026-01-01,2026-01-30,MO,0.0023059144109755787,0.07509538762611911
2026-01-01,2026-01-30,SBUX,0.0022850139694714213,0.09191316509679992
2026-01-01,2026-01-30,SO,0.002283701381357634,0.024197145673570564
2026-01-01,2026-01-30,DUK,0.002169708152090998,0.03532123161280887
2026-01-01,2026-01-30,GD,0.0020355212595353214,0.04712236113451751
2026-01-01,2026-01-30,MMM,0.002029968002130835,-0.04334795622006449
2026-01-01,2026-01-30,USB,0.0019768586676806575,0.05153670500890395
2026-01-01,2026-01-30,AMT,0.0019569679093409524,0.02113108029431232
2026-01-01,2026-01-30,BK,0.0019306151787487538,0.037567396118057816
2026-01-01,2026-01-30,GM,0.001809150294065173,0.03295620406655719
2026-01-01,2026-01-30,NKE,0.001807837705951385,-0.02982261721027868
2026-01-01,2026-01-30,EMR,0.00177805205260005,0.1072935482360815
2026-01-01,2026-01-30,UPS,0.0017480644626158242,0.070874075906884
2026-01-01,2026-01-30,MDLZ,0.0016554765164355717,0.08619725425562064
2026-01-01,2026-01-30,CL,0.0015204818773483335,0.14961892603344196
2026-01-01,2026-01-30,FDX,0.0014927155903259022,0.11559217201322491
2026-01-01,2026-01-30,SPG,0.001438798509344163,0.03349364657652565
2026-01-01,2026-01-30,PYPL,0.0013026932187760276,-0.09746489264606473
2026-01-01,2026-01-30,AIG,0.0011008575542020638,-0.12472247722701357
2026-01-01,2026-01-30,TGT,0.001059864417725311,0.07897699430215877
2026-01-01,2026-01-30,MET,0.0010498685543972356,-0.0007601704429646139
2026-01-01,2026-01-30,CASHUSD,0.0013203626741539382,0.0029548113093276207
2026-01-31,2026-02-27,NVDA,0.1103473377452257,-0.07293465552553402
2026-01-31,2026-02-27,AAPL,0.09109567280283647,0.019065677185734042
2026-01-31,2026-02-27,MSFT,0.07598247526676573,-0.08518346673927357
2026-01-31,2026-02-27,AMZN,0.055308684633019196,-0.12244046250772744
2026-01-31,2026-02-27,GOOGL,0.0467211984521015,-0.07763308563837545
2026-01-31,2026-02-27,GOOG,0.037400726373703466,-0.08005208298073518
2026-01-31,2026-02-27,AVGO,0.03717101310907781,-0.035466264750798615
2026-01-31,2026-02-27,META,0.03707455168115033,-0.09535243069496913
2026-01-31,2026-02-27,TSLA,0.028734619593221048,-0.06482189925675397
2026-01-31,2026-02-27,BRKB,0.020935254525119483,0.050818915551098076
2026-01-31,2026-02-27,JPM,0.01978447069790095,-0.018274596364674878
2026-01-31,2026-02-27,LLY,0.019567961662176555,0.016001348197995702
2026-01-31,2026-02-27,XOM,0.014167734428484685,0.08568939336603609
2026-01-31,2026-02-27,JNJ,0.013008181380545472,0.09901293926035959
2026-01-31,2026-02-27,V,0.012904160279582914,-0.0031998854340845595
2026-01-31,2026-02-27,WMT,0.012412479145381985,0.07394660147891408
2026-01-31,2026-02-27,MA,0.010496354020093005,-0.04005258050851357
2026-01-31,2026-02-27,COST,0.009899946215446246,0.07502261463907423
2026-01-31,2026-02-27,ABBV,0.009364418977641915,0.040670838653871444
2026-01-31,2026-02-27,AMD,0.009156779958278669,-0.15426853239039473
2026-01-31,2026-02-27,HD,0.008858727249415988,0.016364613189986166
2026-01-31,2026-02-27,BAC,0.008491831118113944,-0.06334582585772786
2026-01-31,2026-02-27,PG,0.008426515543090941,0.10166690606278617
2026-01-31,2026-02-27,NFLX,0.008409178692930517,0.15271290365588652
2026-01-31,2026-02-27,CVX,0.007955094332624,0.06606539059651562
2026-01-31,2026-02-27,GE,0.007688489863587212,0.11561651248342342
2026-01-31,2026-02-27,CSCO,0.007332882844017537,0.014555691334370069
2026-01-31,2026-02-27,CAT,0.007309498255429055,0.13002011866168428
2026-01-31,2026-02-27,KO,0.006881116783441775,0.09022843278304404
2026-01-31,2026-02-27,IBM,0.006811164608957265,-0.21232615857322001
2026-01-31,2026-02-27,WFC,0.006748973698788758,-0.09547673821930902
2026-01-31,2026-02-27,GS,0.006665414112841122,-0.08107675601004549
2026-01-31,2026-02-27,PM,0.006636384968386455,0.04118369248429743
2026-01-31,2026-02-27,ORCL,0.006576713949229639,-0.11653910474839224
2026-01-31,2026-02-27,MRK,0.006502629153485957,0.12288025054813723
2026-01-31,2026-02-27,RTX,0.006400623965332751,0.01176034298711448
2026-01-31,2026-02-27,UNH,0.006175244913247208,0.022095899708169275
2026-01-31,2026-02-27,MCD,0.005328057555117072,0.08273008120400571
2026-01-31,2026-02-27,MS,0.005245909108135982,-0.08911387221072264
2026-01-31,2026-02-27,TMO,0.005164869413200036,-0.09937618247349678
2026-01-31,2026-02-27,LIN,0.005069718328598627,0.11184540030427192
2026-01-31,2026-02-27,PEP,0.004985553968808184,0.1048623309826402
2026-01-31,2026-02-27,INTC,0.0049502754946445255,-0.018506576022391363
2026-01-31,2026-02-27,C,0.004919129641740039,-0.042741653055675566
2026-01-31,2026-02-27,CRM,0.004801601924954823,-0.08243435545876299
2026-01-31,2026-02-27,DIS,0.004784668257356267,-0.05992909533104063
2026-01-31,2026-02-27,TXN,0.004655649837557746,-0.01595916461986735
2026-01-31,2026-02-27,ABT,0.004509092976317863,0.0645013332651534
2026-01-31,2026-02-27,AXP,0.004495888747416607,-0.1228668740231268
2026-01-31,2026-02-27,VZ,0.004452042643813204,0.1262353213250944
2026-01-31,2026-02-27,T,0.004414748256840194,0.06867610487837683
2026-01-31,2026-02-27,AMGN,0.0043739260224508174,0.1432362323324019
2026-01-31,2026-02-27,NEE,0.004349231090536257,0.07405443400283196
2026-01-31,2026-02-27,BA,0.004348223134131581,-0.026484692833631307
2026-01-31,2026-02-27,ISRG,0.004247024311102116,-0.0014080985549149716
2026-01-31,2026-02-27,GILD,0.004185034992214545,0.0493131321814535
2026-01-31,2026-02-27,SCHW,0.004124154425372117,-0.08081714710442855
2026-01-31,2026-02-27,UBER,0.003956934457836377,-0.05783890951033299
2026-01-31,2026-02-27,ACN,0.003892324452296649,-0.2083144074503015
2026-01-31,2026-02-27,QCOM,0.003857348365054393,-0.06088786473557073
2026-01-31,2026-02-27,BLK,0.0038354757110729254,-0.049788246030212924
2026-01-31,2026-02-27,BKNG,0.0038304359290495453,-0.15244187192427772
2026-01-31,2026-02-27,PFE,0.0035722982938120344,0.04576400606845854
2026-01-31,2026-02-27,LOW,0.0035583884954275063,-0.009323686540786191
2026-01-31,2026-02-27,HON,0.003433805083809559,0.07594649848370083
2026-01-31,2026-02-27,UNP,0.003313354293450783,0.1329849292316192
2026-01-31,2026-02-27,COF,0.003306701781179922,-0.10296173802514963
2026-01-31,2026-02-27,INTU,0.003305391437853843,-0.18016916423634355
2026-01-31,2026-02-27,DHR,0.003269508189847379,-0.0376901695401658
2026-01-31,2026-02-27,DE,0.0031545003640738533,0.1926325867274845
2026-01-31,2026-02-27,MDT,0.0031379698790371677,-0.05147624937975692
2026-01-31,2026-02-27,LMT,0.0030682192958335916,0.03762105432901541
2026-01-31,2026-02-27,COP,0.003060155644596184,0.09702538722477438
2026-01-31,2026-02-27,ADBE,0.002916421061289394,-0.10516622792119568
2026-01-31,2026-02-27,NOW,0.002886484756070518,-0.0769165014587525
2026-01-31,2026-02-27,BMY,0.0026576786522090777,0.132970001991074
2026-01-31,2026-02-27,CMCSA,0.0025689784885975933,0.04067222781262636
2026-01-31,2026-02-27,SBUX,0.0024857212895713606,0.0728887960059359
2026-01-31,2026-02-27,MO,0.002469896374017948,0.11372803185570635
2026-01-31,2026-02-27,SO,0.0023302944119703286,0.09892400048648242
2026-01-31,2026-02-27,TMUS,0.002253588929574489,0.10609927512453199
2026-01-31,2026-02-27,CVS,0.002248649943191577,0.07219550735863667
2026-01-31,2026-02-27,DUK,0.002237965605302012,0.0874696944202431
2026-01-31,2026-02-27,GD,0.0021148941282910787,0.016975674522262896
2026-01-31,2026-02-27,USB,0.002070947229047207,-0.025842093177676162
2026-01-31,2026-02-27,AMT,0.0019909154905159362,0.07016960590176269
2026-01-31,2026-02-27,BK,0.0019868836648972324,-0.0068378861329145835
2026-01-31,2026-02-27,EMR,0.001961483163499399,0.029731315880959563
2026-01-31,2026-02-27,MMM,0.0019346715231350184,0.08423756307310493
2026-01-31,2026-02-27,UPS,0.0018649209399314427,0.10692081184546831
2026-01-31,2026-02-27,GM,0.0018617962750769475,-0.06297611685538751
2026-01-31,2026-02-27,MDLZ,0.0017915417136710337,0.053189679674108925
2026-01-31,2026-02-27,NKE,0.0017473932231462268,0.005986074052084289
2026-01-31,2026-02-27,CL,0.0017308627381095415,0.09801753125224244
2026-01-31,2026-02-27,FDX,0.0016590962420966137,0.20093106541300698
2026-01-31,2026-02-27,SPG,0.0014813935279522437,0.06554815905128697
2026-01-31,2026-02-27,PYPL,0.0011713461378739215,-0.12298347833062262
2026-01-31,2026-02-27,TGT,0.0011392931242052264,0.08985773734636604
2026-01-31,2026-02-27,MET,0.0010451499960084927,-0.07978615009307644
2026-01-31,2026-02-27,AIG,0.0009599776798133749,0.07491994495654763
2026-01-31,2026-02-27,CASHUSD,0.0020696368857211276,0.0026702781605907333
2026-02-28,2026-03-31,NVDA,0.10500183340805015,-0.0156925510196515
2026-02-28,2026-03-31,AAPL,0.09519594693384549,-0.039329287398935486
2026-02-28,2026-03-31,MSFT,0.07118429695829595,-0.05746801520166156
2026-02-28,2026-03-31,AMZN,0.049819425177453656,-0.008238074893043179
2026-02-28,2026-03-31,GOOGL,0.04423294671045082,-0.07697458027819137
2026-02-28,2026-03-31,AVGO,0.03680016235158288,-0.02938735024803063
2026-02-28,2026-03-31,GOOG,0.03531560061470309,-0.07824526424650846
2026-02-28,2026-03-31,META,0.0344256495348061,-0.11657277972725066
2026-02-28,2026-03-31,TSLA,0.027581933791549322,-0.07642048401115797
2026-02-28,2026-03-31,BRKB,0.02258059412900321,-0.05099514680166484
2026-02-28,2026-03-31,LLY,0.020372846375318537,-0.12568550934942924
2026-02-28,2026-03-31,JPM,0.01993593198645606,-0.02044621075906372
2026-02-28,2026-03-31,XOM,0.01568347325980153,0.11252458228995232
2026-02-28,2026-03-31,JNJ,0.014596427035851267,-0.016060837619942148
2026-02-28,2026-03-31,WMT,0.013682594795861933,-0.026689618655165503
2026-02-28,2026-03-31,V,0.013175548392551056,-0.05591306229220683
2026-02-28,2026-03-31,COST,0.010924673480556153,-0.014206749218772075
2026-02-28,2026-03-31,MA,0.01034245684336811,-0.033932124520889784
2026-02-28,2026-03-31,ABBV,0.010004190790920848,-0.06286625460440987
2026-02-28,2026-03-31,NFLX,0.009941817634392742,-0.0009351240636769065
2026-02-28,2026-03-31,PG,0.009530698929005547,-0.136124362847016
2026-02-28,2026-03-31,HD,0.009243318892788809,-0.1303613133348308
2026-02-28,2026-03-31,GE,0.008806908325869212,-0.16968572342439792
2026-02-28,2026-03-31,CVX,0.008623114081107879,0.10783888779549722
2026-02-28,2026-03-31,CAT,0.008481036293216716,-0.046268992025537026
2026-02-28,2026-03-31,BAC,0.008165946050141773,-0.016143084240554106
2026-02-28,2026-03-31,AMD,0.007949806436647769,0.016083042075494047
2026-02-28,2026-03-31,KO,0.007703739799746903,-0.061146053997494954
2026-02-28,2026-03-31,CSCO,0.0076389482978929885,-0.02353388648353827
2026-02-28,2026-03-31,MRK,0.007488910123304377,-0.021313550137483706
2026-02-28,2026-03-31,PM,0.007086759448500381,-0.1071242698023922
2026-02-28,2026-03-31,RTX,0.0066199180362310475,-0.04797161123097482
2026-02-28,2026-03-31,UNH,0.006473507379631146,-0.0701617019014652
2026-02-28,2026-03-31,GS,0.006290015428035535,-0.01061901728528003
2026-02-28,2026-03-31,WFC,0.006238222532307836,-0.022590501760459736
2026-02-28,2026-03-31,ORCL,0.0059672670914288715,0.011760711533736812
2026-02-28,2026-03-31,MCD,0.0059261552208901514,-0.0836622156805088
2026-02-28,2026-03-31,LIN,0.005781256030118881,-0.02097066482877863
2026-02-28,2026-03-31,PEP,0.005659935706274227,-0.07695670631917928
2026-02-28,2026-03-31,IBM,0.005471304770861278,0.009075350157729423
2026-02-28,2026-03-31,VZ,0.005155609941454884,0.001196682249432035
2026-02-28,2026-03-31,AMGN,0.005093236784926777,-0.09354384834224738
2026-02-28,2026-03-31,INTC,0.0049914647524657305,-0.03244901386606058
2026-02-28,2026-03-31,ABT,0.004933827522200664,-0.1175762772111314
2026-02-28,2026-03-31,MS,0.004908837953833991,-0.011650838040554223
2026-02-28,2026-03-31,T,0.004838907468162737,0.03498754334987875
2026-02-28,2026-03-31,C,0.004804546811658562,0.029222266759959314
2026-02-28,2026-03-31,TMO,0.004778751128183287,-0.05583089188315027
2026-02-28,2026-03-31,NEE,0.004758598250468228,-0.009491320276696191
2026-02-28,2026-03-31,TXN,0.004698744203654504,-0.08472017090839445
2026-02-28,2026-03-31,DIS,0.004622062503948705,-0.09109773273016697
2026-02-28,2026-03-31,CRM,0.004518678241270455,-0.04168590052112686
2026-02-28,2026-03-31,GILD,0.0045039666405384616,-0.05900309112599611
2026-02-28,2026-03-31,BA,0.004350099419183989,-0.12525820838088642
2026-02-28,2026-03-31,ISRG,0.004349696361629687,-0.08444721794317911
2026-02-28,2026-03-31,AXP,0.004044481028635125,-0.020783367042822798
2026-02-28,2026-03-31,SCHW,0.0038748945626629057,-0.012815038542433821
2026-02-28,2026-03-31,DE,0.003858570731713708,-0.1028449178148787
2026-02-28,2026-03-31,PFE,0.003831565875575529,0.015551542167894006
2026-02-28,2026-03-31,UNP,0.003830255938524051,-0.08438378061925766
2026-02-28,2026-03-31,UBER,0.0038236054888780816,-0.046274170624503674
2026-02-28,2026-03-31,HON,0.0037706034204874764,-0.0720883405003534
2026-02-28,2026-03-31,BLK,0.0037380565229776573,-0.09044704757406696
2026-02-28,2026-03-31,QCOM,0.003715384535548216,-0.08958396062915486
2026-02-28,2026-03-31,LOW,0.0036156277908586756,-0.1069282571864163
2026-02-28,2026-03-31,COP,0.003416517359033896,0.16340563179438727
2026-02-28,2026-03-31,BKNG,0.0033371150208365646,-0.004582145392316828
2026-02-28,2026-03-31,LMT,0.003265270011782381,-0.07674559156132399
2026-02-28,2026-03-31,DHR,0.0032268787797351942,-0.09796728729924253
2026-02-28,2026-03-31,ACN,0.0031604750476640756,-0.04997128354093483
2026-02-28,2026-03-31,BMY,0.003098001126747394,-0.02757729719562274
2026-02-28,2026-03-31,MDT,0.003052657151888512,-0.1054939159208832
2026-02-28,2026-03-31,COF,0.0030383486087108206,-0.06752203512554811
2026-02-28,2026-03-31,MO,0.0028310762614114416,-0.028161325295722683
2026-02-28,2026-03-31,INTU,0.0027793841300723164,0.05708630788823932
2026-02-28,2026-03-31,CMCSA,0.002742000541910882,-0.07267437276808819
2026-02-28,2026-03-31,NOW,0.002732830982550531,-0.032034061809466885
2026-02-28,2026-03-31,SBUX,0.0027178170886528125,-0.08600290319759629
2026-02-28,2026-03-31,ADBE,0.002676604453725517,-0.07366335719405293
2026-02-28,2026-03-31,SO,0.002615641998637464,-0.008831361333542231
2026-02-28,2026-03-31,TMUS,0.002544300811526157,-0.0325210566009575
2026-02-28,2026-03-31,DUK,0.0024847490578781585,0.0006878447898461815
2026-02-28,2026-03-31,CVS,0.0024727580956376985,-0.10112649066375845
2026-02-28,2026-03-31,GD,0.002205933994690322,-0.03873405519503692
2026-02-28,2026-03-31,AMT,0.002194950676335615,-0.1004899188144962
2026-02-28,2026-03-31,MMM,0.0021418478435564353,-0.12152197284488209
2026-02-28,2026-03-31,UPS,0.002088140424445804,-0.15160403844265136
2026-02-28,2026-03-31,USB,0.002069196719393649,-0.038656501824909206
2026-02-28,2026-03-31,EMR,0.0020636546780220077,-0.1308789775386352
2026-02-28,2026-03-31,FDX,0.002053578239164478,-0.07590690883383355
2026-02-28,2026-03-31,BK,0.0020238527445347668,-0.003946246159066358
2026-02-28,2026-03-31,CL,0.0019492870969890497,-0.14030658764575699
2026-02-28,2026-03-31,MDLZ,0.0019351800825885086,-0.05587779955878003
2026-02-28,2026-03-31,NKE,0.0018028764403891485,-0.1448923352175805
2026-02-28,2026-03-31,GM,0.001789273247931484,-0.05124641116505224
2026-02-28,2026-03-31,SPG,0.0016283525193767404,-0.07440436823166596
2026-02-28,2026-03-31,TGT,0.0012607640298540703,0.06511988287311721
2026-02-28,2026-03-31,AIG,0.0010583283732063058,-0.059586713854066664
2026-02-28,2026-03-31,PYPL,0.0010535924469432672,-0.018244013588284758
2026-02-28,2026-03-31,MET,0.0009794298569518513,-0.018731831077503203
2026-02-28,2026-03-31,CASHUSD,0.002154141098962621,0.0028780360926563553
2026-04-01,2026-04-30,NVDA,0.10647894712658927,0.14432340855381232
2026-04-01,2026-04-30,AAPL,0.09361491670067125,0.06919119500662907
2026-04-01,2026-04-30,MSFT,0.06906304446015267,0.1016019642556758
2026-04-01,2026-04-30,AMZN,0.05111835798552039,0.27267485533749536
2026-04-01,2026-04-30,GOOGL,0.042064160297589116,0.33815549751246166
2026-04-01,2026-04-30,AVGO,0.036870510620640326,0.3486801004700968
2026-04-01,2026-04-30,GOOG,0.03370679046061944,0.3314509609892258
2026-04-01,2026-04-30,META,0.03144062920207734,0.06952965147828682
2026-04-01,2026-04-30,TSLA,0.026268989953608712,0.026577013807162153
2026-04-01,2026-04-30,BRKB,0.022078285515423884,-0.011686156011816218
2026-04-01,2026-04-30,JPM,0.019927247926582136,0.07027821608357754
2026-04-01,2026-04-30,LLY,0.01831247363439745,0.016123517111843233
2026-04-01,2026-04-30,XOM,0.01781404393139522,-0.09035720966856031
2026-04-01,2026-04-30,JNJ,0.014800745271079729,-0.05968740490420121
2026-04-01,2026-04-30,WMT,0.01368805218155297,0.06155450038748733
2026-04-01,2026-04-30,V,0.01276594708794424,0.09131818274260528
2026-04-01,2026-04-30,COST,0.011113542063196707,0.018164927743801407
2026-04-01,2026-04-30,MA,0.010225720494133107,0.008254138280677115
2026-04-01,2026-04-30,NFLX,0.010202290038009069,-0.026417065784899663
2026-04-01,2026-04-30,CVX,0.009746968317053224,-0.06568384883612577
2026-04-01,2026-04-30,ABBV,0.009660752352960449,-0.02030828905382931
2026-04-01,2026-04-30,MU,0.009554148849123381,0.5307837400853326
2026-04-01,2026-04-30,PG,0.00843729710721097,0.026014890679600278
2026-04-01,2026-04-30,AMD,0.008336880866679388,0.7425650248110034
2026-04-01,2026-04-30,CAT,0.008286368454775619,0.2587930639661995
2026-04-01,2026-04-30,HD,0.008230074501750336,-0.00027372582637763543
2026-04-01,2026-04-30,BAC,0.008131484011046597,0.0966153677707351
2026-04-01,2026-04-30,CSCO,0.007706490023342212,0.18566581770202983
2026-04-01,2026-04-30,MRK,0.007506063264463007,-0.09236014459873365
2026-04-01,2026-04-30,GE,0.007481821363971039,0.021707734787319577
2026-04-01,2026-04-30,KO,0.007401792663183746,0.03563449898738713
2026-04-01,2026-04-30,AMAT,0.006820494204106456,0.15418819941481532
2026-04-01,2026-04-30,LRCX,0.006707906298055891,0.20687064880527628
2026-04-01,2026-04-30,RTX,0.006500379400957282,-0.08724723782677457
2026-04-01,2026-04-30,PM,0.006461430071296545,-0.0016329322586903228
2026-04-01,2026-04-30,GS,0.0063701425799041955,0.09193970585688382
2026-04-01,2026-04-30,ORCL,0.006272667825206363,0.10090184217532938
2026-04-01,2026-04-30,WFC,0.006180873181084055,0.032910490313362795
2026-04-01,2026-04-30,UNH,0.006153385503120359,0.36915629038311715
2026-04-01,2026-04-30,LIN,0.005811463132583011,0.010852079384433111
2026-04-01,2026-04-30,IBM,0.005698165212710504,-0.04707293516923172
2026-04-01,2026-04-30,MCD,0.005566812655651513,-0.05534284829916636
2026-04-01,2026-04-30,PEP,0.0053383910660786535,0.02060663326027301
2026-04-01,2026-04-30,VZ,0.005324697942369802,-0.028836532254562397
2026-04-01,2026-04-30,INTC,0.005201764120628103,1.140947225700323
2026-04-01,2026-04-30,T,0.005094957755699053,-0.08922120544763545
2026-04-01,2026-04-30,MS,0.004981051252550598,0.1643325959836348
2026-04-01,2026-04-30,C,0.004975371141975074,0.12847184882943719
2026-04-01,2026-04-30,NEE,0.004866637596672186,0.05383292814903751
2026-04-01,2026-04-30,AMGN,0.004756382593179426,-0.015915917228071952
2026-04-01,2026-04-30,TMO,0.004635984535087514,-0.025573254389003708
2026-04-01,2026-04-30,ABT,0.004491953159779583,-0.11016279273054008
2026-04-01,2026-04-30,TXN,0.00442338611068933,0.4478210837502554
2026-04-01,2026-04-30,CRM,0.00439102976651804,-0.05195539708557684
2026-04-01,2026-04-30,GILD,0.0043410245073442315,-0.061203978437128215
2026-04-01,2026-04-30,DIS,0.004286454873600804,0.07646817759502134
2026-04-01,2026-04-30,ISRG,0.00410976286248361,-0.007332056995628111
2026-04-01,2026-04-30,AXP,0.004066756310983214,0.07138080745279374
2026-04-01,2026-04-30,COP,0.004060061894947775,-0.04712122611357228
2026-04-01,2026-04-30,PFE,0.004008129455400127,-0.04914526683496123
2026-04-01,2026-04-30,SCHW,0.003940982433953753,-0.02489892541239669
2026-04-01,2026-04-30,BA,0.003934490879010297,0.15073104649549252
2026-04-01,2026-04-30,UBER,0.0037264568291817306,0.0372584497957098
2026-04-01,2026-04-30,UNP,0.003614071784223148,0.11070818468036925
2026-04-01,2026-04-30,HON,0.003612956048217242,-0.05176302664033061
2026-04-01,2026-04-30,DE,0.0035652836916012366,0.04716848553169872
2026-04-01,2026-04-30,BLK,0.0034833278104401044,0.1080262820053377
2026-04-01,2026-04-30,QCOM,0.003449551438624935,0.39447122963218084
2026-04-01,2026-04-30,BKNG,0.00341476076134985,-0.00031345872408949926
2026-04-01,2026-04-30,LOW,0.003327327630705177,0.015474141597836999
2026-04-01,2026-04-30,BMY,0.003100833221506156,0.009311438882673162
2026-04-01,2026-04-30,LMT,0.003071722654806596,-0.14298720807097276
2026-04-01,2026-04-30,ACN,0.003063101058397318,-0.09110127483177877
2026-04-01,2026-04-30,INTU,0.0030300347004040894,-0.09870814556667495
2026-04-01,2026-04-30,DHR,0.003004778494452206,-0.05617093255502781
2026-04-01,2026-04-30,COF,0.0028628771606100966,0.0486214146410755
2026-04-01,2026-04-30,MDT,0.0027887314314903105,-0.06555106988058612
2026-04-01,2026-04-30,MO,0.002780921279448965,0.10092436091263135
2026-04-01,2026-04-30,NOW,0.00274542058835194,-0.1553324248601351
2026-04-01,2026-04-30,SO,0.0026681305123064164,0.0018648810437977836
2026-04-01,2026-04-30,CMCSA,0.002586377492237267,-0.047216289107284815
2026-04-01,2026-04-30,SBUX,0.0025625413139292643,0.1756893809777602
2026-04-01,2026-04-30,DUK,0.0025563540506237823,-0.010615595210305528
2026-04-01,2026-04-30,ADBE,0.0025048273332601003,0.012423910851209863
2026-04-01,2026-04-30,TMUS,0.002498437208862636,-0.06918057346672757
2026-04-01,2026-04-30,CVS,0.0022937503670517885,0.1698837884047737
2026-04-01,2026-04-30,GD,0.002186639710484764,0.007806149999530998
2026-04-01,2026-04-30,BK,0.002049708473396239,0.1371775370661188
2026-04-01,2026-04-30,USB,0.002029625225289922,0.0894059157074365
2026-04-01,2026-04-30,AMT,0.0020284080587380233,0.06927544280198306
2026-04-01,2026-04-30,FDX,0.0019342805120579113,0.1323208018284694
2026-04-01,2026-04-30,MMM,0.0019203845272570757,0.008882518978335474
2026-04-01,2026-04-30,MDLZ,0.0018549618250925579,0.06592642743405341
2026-04-01,2026-04-30,EMR,0.0018485717006950933,0.07189740274865519
2026-04-01,2026-04-30,UPS,0.0018251412445710567,0.10591589057731587
2026-04-01,2026-04-30,CL,0.0017247250040394715,0.007749496972195402
2026-04-01,2026-04-30,GM,0.0016906443405863274,0.032080587511390535
2026-04-01,2026-04-30,NKE,0.0015799836149096005,-0.16016654757780835
2026-04-01,2026-04-30,SPG,0.0015228782175163858,0.0921031934602814
2026-04-01,2026-04-30,CASHUSD,0.0016836456329129136,0.002889177937330123
2026-05-01,2026-05-29,NVDA,0.10925034383363633,0.05797465881657349
2026-05-01,2026-05-29,AAPL,0.08974516623179114,0.15108708781185798
2026-05-01,2026-05-29,MSFT,0.06821505256875937,0.10651613480487176
2026-05-01,2026-05-29,AMZN,0.058331843987369264,0.021051901989134425
2026-05-01,2026-05-29,GOOGL,0.05046941515284745,-0.011590433880652729
2026-05-01,2026-05-29,AVGO,0.04458620292201061,0.07028724002199072
2026-05-01,2026-05-29,GOOG,0.04023971188023651,-0.014426343324953073
2026-05-01,2026-05-29,META,0.030150410932769184,0.03366509422188946
2026-05-01,2026-05-29,TSLA,0.024179510607167574,0.14191757191298504
2026-05-01,2026-05-29,BRKB,0.0195645824845413,0.0018581183941541735
2026-05-01,2026-05-29,JPM,0.01902547810539785,-0.044440229031380896
2026-05-01,2026-05-29,LLY,0.01668415528841831,0.18435930198875172
2026-05-01,2026-05-29,XOM,0.014529258374643887,-0.052381628320331775
2026-05-01,2026-05-29,MU,0.013114895024172008,0.8775621672650864
2026-05-01,2026-05-29,WMT,0.013028727532206621,-0.12096638409584581
2026-05-01,2026-05-29,AMD,0.01301595446869175,0.4558943547170746
2026-05-01,2026-05-29,V,0.012492461611622029,-0.00849938674207662
2026-05-01,2026-05-29,JNJ,0.012478978933467444,-0.014027080287755234
2026-05-01,2026-05-29,COST,0.010147894842003792,-0.056008575985409315
2026-05-01,2026-05-29,INTC,0.009993705718145729,0.21380182293102945
2026-05-01,2026-05-29,CAT,0.009327783065533217,-0.01599801200831452
2026-05-01,2026-05-29,MA,0.009230971353972103,-0.01777619144737186
2026-05-01,2026-05-29,NFLX,0.00889907444962542,-0.08108112293341696
2026-05-01,2026-05-29,ABBV,0.008409947215821893,0.03028579251686825
2026-05-01,2026-05-29,CVX,0.008169489226478479,-0.04748234436443133
2026-05-01,2026-05-29,CSCO,0.008142321123129393,0.31606555375896517
2026-05-01,2026-05-29,BAC,0.00798914573447092,-0.03479240097032088
2026-05-01,2026-05-29,PG,0.007697899611627908,-0.023998904529087595
2026-05-01,2026-05-29,UNH,0.0075602343715232044,0.026533131703182278
2026-05-01,2026-05-29,HD,0.007371679624398944,-0.035462249671705526
2026-05-01,2026-05-29,LRCX,0.007253173979566545,0.2339254735653289
2026-05-01,2026-05-29,AMAT,0.007052859904127007,0.142283726904052
2026-05-01,2026-05-29,KO,0.006867853230201321,0.0031741222026810956
2026-05-01,2026-05-29,GE,0.006848795008448975,0.11668339924967586
2026-05-01,2026-05-29,GS,0.006241770370932806,0.11018978623018216
2026-05-01,2026-05-29,ORCL,0.006165537483923426,0.39897143337977115
2026-05-01,2026-05-29,MRK,0.006103902383788184,0.08737871320821267
2026-05-01,2026-05-29,PM,0.005789948592474294,0.07457440487305078
2026-05-01,2026-05-29,TXN,0.005749703305050459,0.09304532682545474
2026-05-01,2026-05-29,WFC,0.0057299354686584,-0.05164405244447934
2026-05-01,2026-05-29,RTX,0.005324846882901115,0.024640028794563618
2026-05-01,2026-05-29,LIN,0.005263110409245914,-0.006884349958141911
2026-05-01,2026-05-29,MS,0.0051684275416039455,0.09134794058783524
2026-05-01,2026-05-29,C,0.005030255433899447,-0.01159903155426767
2026-05-01,2026-05-29,PEP,0.004881439106599223,-0.09022646730730799
2026-05-01,2026-05-29,IBM,0.004864712475805942,0.2987782515723296
2026-05-01,2026-05-29,MCD,0.00471143571362751,-0.04901392384530456
2026-05-01,2026-05-29,NEE,0.004594957539194297,-0.11105428201320311
2026-05-01,2026-05-29,VZ,0.004564444109686554,-0.004580416647869789
2026-05-01,2026-05-29,QCOM,0.00432276963810363,0.3978171097936003
2026-05-01,2026-05-29,AMGN,0.004203453005111557,-0.01997614041668483
2026-05-01,2026-05-29,DIS,0.004143744001855541,-0.018506006447665646
2026-05-01,2026-05-29,T,0.004124381659543318,-0.05089934812179442
2026-05-01,2026-05-29,BA,0.004056360027650641,0.009256408018542661
2026-05-01,2026-05-29,TMO,0.004056360027650641,0.028290542338452962
2026-05-01,2026-05-29,AXP,0.003901055795073024,-0.020368323234491226
2026-05-01,2026-05-29,CRM,0.0037297345463418404,0.08253560206969457
2026-05-01,2026-05-29,ISRG,0.0036550222621318505,-0.0720481889786464
2026-05-01,2026-05-29,GILD,0.003651271441893357,0.02743808242154011
2026-05-01,2026-05-29,UNP,0.003607072587191111,-0.02031866609612798
2026-05-01,2026-05-29,ABT,0.0035588187916904936,-0.05716491231490484
2026-05-01,2026-05-29,COP,0.0034769089875633956,-0.08708011551750061
2026-05-01,2026-05-29,UBER,0.003463020815328974,-0.056426739713610896
2026-05-01,2026-05-29,BLK,0.003457749392291091,-0.017567578931992123
2026-05-01,2026-05-29,SCHW,0.003452680716293127,-0.04339335314758119
2026-05-01,2026-05-29,PFE,0.0034241947571845696,-0.003290424134530845
2026-05-01,2026-05-29,DE,0.003354855269532422,-0.08084832731987301
2026-05-01,2026-05-29,HON,0.003069286063807129,0.1158831307249042
2026-05-01,2026-05-29,BKNG,0.0030582363501315676,-0.005523909607991984
2026-05-01,2026-05-29,LOW,0.0030220460035061043,-0.10230743901612216
2026-05-01,2026-05-29,BMY,0.002775404229445176,-0.056279911517155945
2026-05-01,2026-05-29,MO,0.002742964703058206,-0.04225739876464407
2026-05-01,2026-05-29,SBUX,0.002699272715955756,-0.05305992910790658
2026-05-01,2026-05-29,COF,0.002698968595395878,-0.013399419759808406
2026-05-01,2026-05-29,DHR,0.0025409272777793604,0.020787936765257697
2026-05-01,2026-05-29,ACN,0.002482434756762855,0.046779700611487174
2026-05-01,2026-05-29,INTU,0.0024391482637402427,-0.14664092978301968
2026-05-01,2026-05-29,SO,0.0023949494090379966,-0.04020514566551425
2026-05-01,2026-05-29,CVS,0.0023832914542426796,0.09232803886273744
2026-05-01,2026-05-29,LMT,0.002367375811609072,0.02409412629837293
2026-05-01,2026-05-29,MDT,0.002344161275538397,-0.08842785666500208
2026-05-01,2026-05-29,ADBE,0.0022719833293273896,0.05327096719391444
2026-05-01,2026-05-29,DUK,0.002266002291649792,-0.04445734225242293
2026-05-01,2026-05-29,CMCSA,0.0021824705112033454,-0.080251479394287
2026-05-01,2026-05-29,TMUS,0.002083631329243047,-0.03556264677498011
2026-05-01,2026-05-29,BK,0.0020799818825245125,0.03765719835131942
2026-05-01,2026-05-29,NOW,0.0020775489180454906,0.40833434701504134
2026-05-01,2026-05-29,USB,0.0019809399535242957,-0.03194495902162775
2026-05-01,2026-05-29,GD,0.0019652270579306073,0.007319255360430876
2026-05-01,2026-05-29,FDX,0.001962388599371748,0.020926772696151064
2026-05-01,2026-05-29,AMT,0.0019239680353071804,0.023260954957493363
2026-05-01,2026-05-29,UPS,0.001808402222553601,-0.0028634727182882402
2026-05-01,2026-05-29,EMR,0.0017753544550468757,0.028206049028082658
2026-05-01,2026-05-29,MDLZ,0.0017715022612884229,-0.004394538798806247
2026-05-01,2026-05-29,MMM,0.0017359201557827155,0.05051832265074685
2026-05-01,2026-05-29,GM,0.0015632810512920614,0.08258541288629417
2026-05-01,2026-05-29,CL,0.0015476695292183321,0.05588093496906499
2026-05-01,2026-05-29,SPG,0.001490089369881461,0.005890667235118219
2026-05-01,2026-05-29,NKE,0.0011888072685624798,0.04215502616485067
2026-05-01,2026-05-29,CASHUSD,0.0014175059295906164,0.003174048591475742
